-- phpMyAdmin SQL Dump
-- version 5.2.1
-- https://www.phpmyadmin.net/
--
-- Servidor: 127.0.0.1
-- Tiempo de generaci칩n: 17-11-2025 a las 20:07:09
-- Versi칩n del servidor: 10.4.32-MariaDB
-- Versi칩n de PHP: 8.2.12

SET SQL_MODE = "NO_AUTO_VALUE_ON_ZERO";
START TRANSACTION;
SET time_zone = "+00:00";


/*!40101 SET @OLD_CHARACTER_SET_CLIENT=@@CHARACTER_SET_CLIENT */;
/*!40101 SET @OLD_CHARACTER_SET_RESULTS=@@CHARACTER_SET_RESULTS */;
/*!40101 SET @OLD_COLLATION_CONNECTION=@@COLLATION_CONNECTION */;
/*!40101 SET NAMES utf8mb4 */;

--
-- Base de datos: `instituto_57`
--
CREATE DATABASE IF NOT EXISTS `instituto_57` DEFAULT CHARACTER SET utf8mb4 COLLATE utf8mb4_general_ci;
USE `instituto_57`;

-- --------------------------------------------------------

--
-- Estructura de tabla para la tabla `alumnos`
--

DROP TABLE IF EXISTS `alumnos`;
CREATE TABLE `alumnos` (
  `id_alumno` int(11) NOT NULL,
  `nombre_completo` varchar(255) NOT NULL,
  `dni_matricula` varchar(50) NOT NULL,
  `email` varchar(255) NOT NULL,
  `telefono` varchar(50) DEFAULT NULL,
  `id_usuario` int(11) DEFAULT NULL,
  `id_carrera` int(11) DEFAULT NULL,
  `anio_actual` int(11) DEFAULT 1
) ENGINE=InnoDB DEFAULT CHARSET=utf8mb4 COLLATE=utf8mb4_general_ci;

--
-- Volcado de datos para la tabla `alumnos`
--

INSERT INTO `alumnos` (`id_alumno`, `nombre_completo`, `dni_matricula`, `email`, `telefono`, `id_usuario`, `id_carrera`, `anio_actual`) VALUES
(6, 'Hern치n Vivas', '55870954', 'vivas@gmail.com', NULL, NULL, 11, 1),
(8, 'Alumno alumno022@instituto57.edu.ar', '21177620', 'alumno022@instituto57.edu.ar', '2242221481', 22, 9, 1),
(9, 'Alumno alumno023@instituto57.edu.ar', '41083360', 'alumno023@instituto57.edu.ar', '2245927125', 23, 9, 3),
(10, 'Alumno alumno024@instituto57.edu.ar', '38557487', 'alumno024@instituto57.edu.ar', '2242956912', 24, 6, 4),
(11, 'Alumno alumno025@instituto57.edu.ar', '39039404', 'alumno025@instituto57.edu.ar', '2247153948', 25, 8, 1),
(12, 'Alumno alumno026@instituto57.edu.ar', '43653485', 'alumno026@instituto57.edu.ar', '2247545398', 26, 6, 1),
(13, 'Alumno alumno027@instituto57.edu.ar', '42316231', 'alumno027@instituto57.edu.ar', '2246052888', 27, 9, 1),
(14, 'Alumno alumno028@instituto57.edu.ar', '38645178', 'alumno028@instituto57.edu.ar', '2244478731', 28, 4, 3),
(15, 'Alumno alumno029@instituto57.edu.ar', '48794692', 'alumno029@instituto57.edu.ar', '2247277174', 29, 9, 1),
(16, 'Alumno alumno030@instituto57.edu.ar', '41393950', 'alumno030@instituto57.edu.ar', '2248500911', 30, 4, 1),
(17, 'Alumno alumno031@instituto57.edu.ar', '38967418', 'alumno031@instituto57.edu.ar', '2248491878', 31, 6, 1),
(18, 'Alumno alumno032@instituto57.edu.ar', '29333885', 'alumno032@instituto57.edu.ar', '2247608228', 32, 10, 1),
(19, 'Alumno alumno033@instituto57.edu.ar', '39060352', 'alumno033@instituto57.edu.ar', '2245678303', 33, 10, 1),
(20, 'Alumno alumno034@instituto57.edu.ar', '35887097', 'alumno034@instituto57.edu.ar', '2243698992', 34, 12, 3),
(21, 'Alumno alumno035@instituto57.edu.ar', '41804349', 'alumno035@instituto57.edu.ar', '2241187108', 35, 12, 1),
(22, 'Alumno alumno036@instituto57.edu.ar', '30852349', 'alumno036@instituto57.edu.ar', '2248130816', 36, 11, 2),
(23, 'Alumno alumno037@instituto57.edu.ar', '48759904', 'alumno037@instituto57.edu.ar', '2246486781', 37, 5, 3),
(24, 'Alumno alumno038@instituto57.edu.ar', '23738921', 'alumno038@instituto57.edu.ar', '2247214068', 38, 4, 3),
(25, 'Alumno alumno039@instituto57.edu.ar', '28210702', 'alumno039@instituto57.edu.ar', '2247687610', 39, 12, 1),
(26, 'Alumno alumno040@instituto57.edu.ar', '47391833', 'alumno040@instituto57.edu.ar', '2249834543', 40, 5, 1),
(27, 'Alumno alumno041@instituto57.edu.ar', '27754588', 'alumno041@instituto57.edu.ar', '2243862001', 41, 11, 1),
(28, 'Alumno alumno042@instituto57.edu.ar', '31804211', 'alumno042@instituto57.edu.ar', '2245658470', 42, 7, 1),
(29, 'Alumno alumno043@instituto57.edu.ar', '36847475', 'alumno043@instituto57.edu.ar', '2242777360', 43, 6, 3),
(30, 'Alumno alumno044@instituto57.edu.ar', '35327600', 'alumno044@instituto57.edu.ar', '2244547860', 44, 7, 3),
(31, 'Alumno alumno045@instituto57.edu.ar', '38550546', 'alumno045@instituto57.edu.ar', '2249145004', 45, 10, 1),
(32, 'Alumno alumno046@instituto57.edu.ar', '47450629', 'alumno046@instituto57.edu.ar', '2241752073', 46, 10, 3),
(33, 'Alumno alumno047@instituto57.edu.ar', '31897454', 'alumno047@instituto57.edu.ar', '2244072629', 47, 8, 2),
(34, 'Alumno alumno048@instituto57.edu.ar', '38243369', 'alumno048@instituto57.edu.ar', '2243374510', 48, 8, 1),
(35, 'Alumno alumno049@instituto57.edu.ar', '37889696', 'alumno049@instituto57.edu.ar', '2242755056', 49, 5, 1),
(36, 'Alumno alumno050@instituto57.edu.ar', '44164161', 'alumno050@instituto57.edu.ar', '2245702979', 50, 5, 1),
(37, 'Alumno alumno051@instituto57.edu.ar', '24943046', 'alumno051@instituto57.edu.ar', '2244416532', 51, 7, 1),
(38, 'Alumno alumno052@instituto57.edu.ar', '29104063', 'alumno052@instituto57.edu.ar', '2249561363', 52, 11, 2),
(39, 'Alumno alumno053@instituto57.edu.ar', '45982929', 'alumno053@instituto57.edu.ar', '2246373045', 53, 7, 3),
(40, 'Alumno alumno054@instituto57.edu.ar', '30117253', 'alumno054@instituto57.edu.ar', '2241243899', 54, 5, 2),
(41, 'Alumno alumno055@instituto57.edu.ar', '49098757', 'alumno055@instituto57.edu.ar', '2249101702', 55, 9, 1),
(42, 'Alumno alumno056@instituto57.edu.ar', '42175691', 'alumno056@instituto57.edu.ar', '2242744415', 56, 10, 3),
(43, 'Alumno alumno057@instituto57.edu.ar', '38148121', 'alumno057@instituto57.edu.ar', '2242299756', 57, 12, 4),
(44, 'Alumno alumno058@instituto57.edu.ar', '39786648', 'alumno058@instituto57.edu.ar', '2249247806', 58, 9, 1),
(45, 'Alumno alumno059@instituto57.edu.ar', '45314239', 'alumno059@instituto57.edu.ar', '2246673525', 59, 9, 1),
(46, 'Alumno alumno060@instituto57.edu.ar', '30348679', 'alumno060@instituto57.edu.ar', '2242233972', 60, 9, 3),
(47, 'Alumno alumno061@instituto57.edu.ar', '21477853', 'alumno061@instituto57.edu.ar', '2249568341', 61, 9, 1),
(48, 'Alumno alumno062@instituto57.edu.ar', '30317422', 'alumno062@instituto57.edu.ar', '2242283285', 62, 10, 1),
(49, 'Alumno alumno063@instituto57.edu.ar', '49133990', 'alumno063@instituto57.edu.ar', '2249527894', 63, 11, 1),
(50, 'Alumno alumno064@instituto57.edu.ar', '43175270', 'alumno064@instituto57.edu.ar', '2241872066', 64, 5, 1),
(51, 'Alumno alumno065@instituto57.edu.ar', '33965799', 'alumno065@instituto57.edu.ar', '2247020696', 65, 12, 3),
(52, 'Alumno alumno066@instituto57.edu.ar', '25386543', 'alumno066@instituto57.edu.ar', '2241912141', 66, 12, 4),
(53, 'Alumno alumno067@instituto57.edu.ar', '28387915', 'alumno067@instituto57.edu.ar', '2241582251', 67, 8, 3),
(54, 'Alumno alumno068@instituto57.edu.ar', '43903043', 'alumno068@instituto57.edu.ar', '2246932323', 68, 12, 1),
(55, 'Alumno alumno069@instituto57.edu.ar', '35366445', 'alumno069@instituto57.edu.ar', '2245178365', 69, 11, 2),
(56, 'Alumno alumno070@instituto57.edu.ar', '47068465', 'alumno070@instituto57.edu.ar', '2246535296', 70, 7, 2),
(57, 'Alumno alumno071@instituto57.edu.ar', '30732277', 'alumno071@instituto57.edu.ar', '2246351016', 71, 12, 1),
(58, 'Alumno alumno072@instituto57.edu.ar', '34126548', 'alumno072@instituto57.edu.ar', '2247321567', 72, 4, 1),
(59, 'Alumno alumno073@instituto57.edu.ar', '22337019', 'alumno073@instituto57.edu.ar', '2244975846', 73, 12, 4),
(60, 'Alumno alumno074@instituto57.edu.ar', '34353818', 'alumno074@instituto57.edu.ar', '2249233368', 74, 5, 3),
(61, 'Alumno alumno075@instituto57.edu.ar', '20293223', 'alumno075@instituto57.edu.ar', '2246851133', 75, 5, 1),
(62, 'Alumno alumno076@instituto57.edu.ar', '23477369', 'alumno076@instituto57.edu.ar', '2243060330', 76, 11, 1),
(63, 'Alumno alumno077@instituto57.edu.ar', '37867545', 'alumno077@instituto57.edu.ar', '2247162748', 77, 9, 3),
(64, 'Alumno alumno078@instituto57.edu.ar', '29630436', 'alumno078@instituto57.edu.ar', '2244394442', 78, 12, 3),
(65, 'Alumno alumno079@instituto57.edu.ar', '43081958', 'alumno079@instituto57.edu.ar', '2249254805', 79, 6, 2),
(66, 'Alumno alumno080@instituto57.edu.ar', '45693411', 'alumno080@instituto57.edu.ar', '2242988866', 80, 8, 2),
(67, 'Alumno alumno081@instituto57.edu.ar', '28866588', 'alumno081@instituto57.edu.ar', '2241661391', 81, 8, 2),
(68, 'Alumno alumno082@instituto57.edu.ar', '44719941', 'alumno082@instituto57.edu.ar', '2247258570', 82, 4, 2),
(69, 'Alumno alumno083@instituto57.edu.ar', '45579098', 'alumno083@instituto57.edu.ar', '2245767558', 83, 4, 1),
(70, 'Alumno alumno084@instituto57.edu.ar', '39729128', 'alumno084@instituto57.edu.ar', '2242237809', 84, 10, 3),
(71, 'Alumno alumno085@instituto57.edu.ar', '44745030', 'alumno085@instituto57.edu.ar', '2242252134', 85, 5, 3),
(72, 'Alumno alumno086@instituto57.edu.ar', '43703054', 'alumno086@instituto57.edu.ar', '2245285927', 86, 4, 1),
(73, 'Alumno alumno087@instituto57.edu.ar', '37777999', 'alumno087@instituto57.edu.ar', '2247138952', 87, 9, 3),
(74, 'Alumno alumno088@instituto57.edu.ar', '22708329', 'alumno088@instituto57.edu.ar', '2244474284', 88, 9, 3),
(75, 'Alumno alumno089@instituto57.edu.ar', '24733623', 'alumno089@instituto57.edu.ar', '2246804195', 89, 10, 3),
(76, 'Alumno alumno090@instituto57.edu.ar', '33126722', 'alumno090@instituto57.edu.ar', '2248116112', 90, 9, 3),
(77, 'Alumno alumno091@instituto57.edu.ar', '41372218', 'alumno091@instituto57.edu.ar', '2245592461', 91, 7, 2),
(78, 'Alumno alumno092@instituto57.edu.ar', '39973073', 'alumno092@instituto57.edu.ar', '2249617966', 92, 11, 1),
(79, 'Alumno alumno093@instituto57.edu.ar', '46835618', 'alumno093@instituto57.edu.ar', '2244533421', 93, 6, 2),
(80, 'Alumno alumno094@instituto57.edu.ar', '39080787', 'alumno094@instituto57.edu.ar', '2244631636', 94, 4, 3),
(81, 'Alumno alumno095@instituto57.edu.ar', '43476636', 'alumno095@instituto57.edu.ar', '2246418525', 95, 9, 3),
(82, 'Alumno alumno096@instituto57.edu.ar', '26414553', 'alumno096@instituto57.edu.ar', '2244854371', 96, 8, 3),
(83, 'Alumno alumno097@instituto57.edu.ar', '26645100', 'alumno097@instituto57.edu.ar', '2244496314', 97, 6, 3),
(84, 'Alumno alumno098@instituto57.edu.ar', '48172680', 'alumno098@instituto57.edu.ar', '2244749562', 98, 6, 3),
(85, 'Alumno alumno099@instituto57.edu.ar', '42690177', 'alumno099@instituto57.edu.ar', '2249867055', 99, 9, 2),
(86, 'Alumno alumno100@instituto57.edu.ar', '49209251', 'alumno100@instituto57.edu.ar', '2246967702', 100, 7, 3),
(87, 'Alumno alumno101@instituto57.edu.ar', '30772964', 'alumno101@instituto57.edu.ar', '2246960816', 101, 6, 1),
(88, 'Alumno alumno102@instituto57.edu.ar', '36285148', 'alumno102@instituto57.edu.ar', '2241509069', 102, 9, 3),
(89, 'Alumno alumno103@instituto57.edu.ar', '32764851', 'alumno103@instituto57.edu.ar', '2245400132', 103, 5, 3),
(90, 'Alumno alumno104@instituto57.edu.ar', '31641635', 'alumno104@instituto57.edu.ar', '2248683499', 104, 4, 1),
(91, 'Alumno alumno105@instituto57.edu.ar', '37305152', 'alumno105@instituto57.edu.ar', '2244673460', 105, 6, 2),
(92, 'Alumno alumno106@instituto57.edu.ar', '37548405', 'alumno106@instituto57.edu.ar', '2243757719', 106, 10, 1),
(93, 'Alumno alumno107@instituto57.edu.ar', '38395604', 'alumno107@instituto57.edu.ar', '2246018583', 107, 12, 3),
(94, 'Alumno alumno108@instituto57.edu.ar', '29254842', 'alumno108@instituto57.edu.ar', '2241284884', 108, 6, 3),
(95, 'Alumno alumno109@instituto57.edu.ar', '20762366', 'alumno109@instituto57.edu.ar', '2242689124', 109, 11, 1),
(96, 'Alumno alumno110@instituto57.edu.ar', '35565271', 'alumno110@instituto57.edu.ar', '2242231997', 110, 5, 1),
(97, 'Alumno alumno111@instituto57.edu.ar', '29132857', 'alumno111@instituto57.edu.ar', '2242530008', 111, 12, 1),
(98, 'Alumno alumno112@instituto57.edu.ar', '43047189', 'alumno112@instituto57.edu.ar', '2247010100', 112, 4, 3),
(99, 'Alumno alumno113@instituto57.edu.ar', '25321433', 'alumno113@instituto57.edu.ar', '2247106545', 113, 11, 3),
(100, 'Alumno alumno114@instituto57.edu.ar', '35670780', 'alumno114@instituto57.edu.ar', '2247721960', 114, 5, 2),
(101, 'Alumno alumno115@instituto57.edu.ar', '38099896', 'alumno115@instituto57.edu.ar', '2246235563', 115, 4, 1),
(102, 'Alumno alumno116@instituto57.edu.ar', '49348363', 'alumno116@instituto57.edu.ar', '2246020669', 116, 11, 2),
(103, 'Alumno alumno117@instituto57.edu.ar', '30562642', 'alumno117@instituto57.edu.ar', '2245245916', 117, 6, 3),
(104, 'Alumno alumno118@instituto57.edu.ar', '38246825', 'alumno118@instituto57.edu.ar', '2243704908', 118, 10, 2),
(105, 'Alumno alumno119@instituto57.edu.ar', '37346209', 'alumno119@instituto57.edu.ar', '2246981920', 119, 9, 1),
(106, 'Alumno alumno120@instituto57.edu.ar', '21682130', 'alumno120@instituto57.edu.ar', '2244040651', 120, 8, 2),
(107, 'Alumno alumno121@instituto57.edu.ar', '26014024', 'alumno121@instituto57.edu.ar', '2248353980', 121, 8, 1),
(108, 'Alumno alumno122@instituto57.edu.ar', '24142334', 'alumno122@instituto57.edu.ar', '2245477104', 122, 4, 1),
(109, 'Alumno alumno123@instituto57.edu.ar', '23220780', 'alumno123@instituto57.edu.ar', '2241910993', 123, 5, 3),
(110, 'Alumno alumno124@instituto57.edu.ar', '44065765', 'alumno124@instituto57.edu.ar', '2244779778', 124, 10, 4),
(111, 'Alumno alumno125@instituto57.edu.ar', '24355540', 'alumno125@instituto57.edu.ar', '2248802766', 125, 12, 1),
(112, 'Alumno alumno126@instituto57.edu.ar', '41982081', 'alumno126@instituto57.edu.ar', '2241174735', 126, 12, 1),
(113, 'Alumno alumno127@instituto57.edu.ar', '23330285', 'alumno127@instituto57.edu.ar', '2241931288', 127, 5, 3),
(114, 'Alumno alumno128@instituto57.edu.ar', '40525826', 'alumno128@instituto57.edu.ar', '2249190364', 128, 8, 1),
(115, 'Alumno alumno129@instituto57.edu.ar', '24948594', 'alumno129@instituto57.edu.ar', '2242720292', 129, 8, 1),
(116, 'Alumno alumno130@instituto57.edu.ar', '20456452', 'alumno130@instituto57.edu.ar', '2246200430', 130, 11, 4),
(117, 'Alumno alumno131@instituto57.edu.ar', '49831896', 'alumno131@instituto57.edu.ar', '2243738303', 131, 8, 1),
(118, 'Alumno alumno132@instituto57.edu.ar', '30976253', 'alumno132@instituto57.edu.ar', '2247447566', 132, 8, 1),
(119, 'Alumno alumno133@instituto57.edu.ar', '41949744', 'alumno133@instituto57.edu.ar', '2249357693', 133, 8, 4),
(120, 'Alumno alumno134@instituto57.edu.ar', '28644961', 'alumno134@instituto57.edu.ar', '2246839616', 134, 7, 1),
(121, 'Alumno alumno135@instituto57.edu.ar', '27530676', 'alumno135@instituto57.edu.ar', '2244515843', 135, 5, 1),
(122, 'Alumno alumno136@instituto57.edu.ar', '27023631', 'alumno136@instituto57.edu.ar', '2245842276', 136, 12, 1),
(123, 'Alumno alumno137@instituto57.edu.ar', '29902516', 'alumno137@instituto57.edu.ar', '2247008572', 137, 7, 1),
(124, 'Alumno alumno138@instituto57.edu.ar', '49470641', 'alumno138@instituto57.edu.ar', '2249972141', 138, 4, 4),
(125, 'Alumno alumno139@instituto57.edu.ar', '42886482', 'alumno139@instituto57.edu.ar', '2242825557', 139, 10, 4),
(126, 'Alumno alumno140@instituto57.edu.ar', '36196472', 'alumno140@instituto57.edu.ar', '2249467757', 140, 4, 3),
(127, 'Alumno alumno141@instituto57.edu.ar', '48382254', 'alumno141@instituto57.edu.ar', '2245332782', 141, 9, 1),
(128, 'Alumno alumno142@instituto57.edu.ar', '33963051', 'alumno142@instituto57.edu.ar', '2245669010', 142, 5, 1),
(129, 'Alumno alumno143@instituto57.edu.ar', '35948463', 'alumno143@instituto57.edu.ar', '2249659859', 143, 5, 2),
(130, 'Alumno alumno144@instituto57.edu.ar', '20963602', 'alumno144@instituto57.edu.ar', '2242724057', 144, 11, 1),
(131, 'Alumno alumno145@instituto57.edu.ar', '25838518', 'alumno145@instituto57.edu.ar', '2247639343', 145, 4, 1),
(132, 'Alumno alumno146@instituto57.edu.ar', '36951313', 'alumno146@instituto57.edu.ar', '2241532844', 146, 9, 1),
(133, 'Alumno alumno147@instituto57.edu.ar', '46759754', 'alumno147@instituto57.edu.ar', '2249351270', 147, 12, 2),
(134, 'Alumno alumno148@instituto57.edu.ar', '29035629', 'alumno148@instituto57.edu.ar', '2246970725', 148, 7, 1),
(135, 'Alumno alumno149@instituto57.edu.ar', '34934188', 'alumno149@instituto57.edu.ar', '2241461013', 149, 10, 1),
(136, 'Alumno alumno150@instituto57.edu.ar', '22271776', 'alumno150@instituto57.edu.ar', '2244109525', 150, 8, 4),
(137, 'Alumno alumno151@instituto57.edu.ar', '41863737', 'alumno151@instituto57.edu.ar', '2242524305', 151, 9, 1),
(138, 'Alumno alumno152@instituto57.edu.ar', '36971721', 'alumno152@instituto57.edu.ar', '2248736437', 152, 9, 2),
(139, 'Alumno alumno153@instituto57.edu.ar', '42796742', 'alumno153@instituto57.edu.ar', '2247833071', 153, 8, 1),
(140, 'Alumno alumno154@instituto57.edu.ar', '48682514', 'alumno154@instituto57.edu.ar', '2248724903', 154, 7, 2),
(141, 'Alumno alumno155@instituto57.edu.ar', '37101606', 'alumno155@instituto57.edu.ar', '2245796315', 155, 12, 1),
(142, 'Alumno alumno156@instituto57.edu.ar', '35019193', 'alumno156@instituto57.edu.ar', '2245414247', 156, 12, 1),
(143, 'Alumno alumno157@instituto57.edu.ar', '47620811', 'alumno157@instituto57.edu.ar', '2249510732', 157, 12, 1),
(144, 'Alumno alumno158@instituto57.edu.ar', '31034282', 'alumno158@instituto57.edu.ar', '2246668812', 158, 4, 1),
(145, 'Alumno alumno159@instituto57.edu.ar', '43710912', 'alumno159@instituto57.edu.ar', '2243391107', 159, 12, 1),
(146, 'Alumno alumno160@instituto57.edu.ar', '32266013', 'alumno160@instituto57.edu.ar', '2248361687', 160, 11, 1),
(147, 'Alumno alumno161@instituto57.edu.ar', '48165585', 'alumno161@instituto57.edu.ar', '2246690805', 161, 7, 1),
(148, 'Alumno alumno162@instituto57.edu.ar', '21273488', 'alumno162@instituto57.edu.ar', '2249066335', 162, 7, 2),
(149, 'Alumno alumno163@instituto57.edu.ar', '34159616', 'alumno163@instituto57.edu.ar', '2243979071', 163, 6, 2),
(150, 'Alumno alumno164@instituto57.edu.ar', '45977046', 'alumno164@instituto57.edu.ar', '2245011356', 164, 9, 1),
(151, 'Alumno alumno165@instituto57.edu.ar', '35358196', 'alumno165@instituto57.edu.ar', '2249837166', 165, 7, 1),
(152, 'Alumno alumno166@instituto57.edu.ar', '40918414', 'alumno166@instituto57.edu.ar', '2241061883', 166, 12, 1),
(153, 'Alumno alumno167@instituto57.edu.ar', '22620179', 'alumno167@instituto57.edu.ar', '2245847195', 167, 7, 2),
(154, 'Alumno alumno168@instituto57.edu.ar', '31591686', 'alumno168@instituto57.edu.ar', '2247575548', 168, 8, 1),
(155, 'Alumno alumno169@instituto57.edu.ar', '41034426', 'alumno169@instituto57.edu.ar', '2248066365', 169, 11, 1),
(156, 'Alumno alumno170@instituto57.edu.ar', '36772239', 'alumno170@instituto57.edu.ar', '2249057740', 170, 11, 1),
(157, 'Alumno alumno171@instituto57.edu.ar', '45297537', 'alumno171@instituto57.edu.ar', '2247761378', 171, 6, 3),
(158, 'Alumno alumno172@instituto57.edu.ar', '36675987', 'alumno172@instituto57.edu.ar', '2249620799', 172, 5, 2),
(159, 'Alumno alumno173@instituto57.edu.ar', '43917882', 'alumno173@instituto57.edu.ar', '2249547158', 173, 7, 1),
(160, 'Alumno alumno174@instituto57.edu.ar', '26030350', 'alumno174@instituto57.edu.ar', '2242827413', 174, 7, 1),
(161, 'Alumno alumno175@instituto57.edu.ar', '42723284', 'alumno175@instituto57.edu.ar', '2247475016', 175, 6, 2),
(162, 'Alumno alumno176@instituto57.edu.ar', '31469898', 'alumno176@instituto57.edu.ar', '2248588213', 176, 4, 3),
(163, 'Alumno alumno177@instituto57.edu.ar', '43955140', 'alumno177@instituto57.edu.ar', '2244223419', 177, 7, 3),
(164, 'Alumno alumno178@instituto57.edu.ar', '37769170', 'alumno178@instituto57.edu.ar', '2243011812', 178, 7, 1),
(165, 'Alumno alumno179@instituto57.edu.ar', '38558088', 'alumno179@instituto57.edu.ar', '2246959164', 179, 8, 1),
(166, 'Alumno alumno180@instituto57.edu.ar', '35272737', 'alumno180@instituto57.edu.ar', '2243897606', 180, 4, 4),
(167, 'Alumno alumno181@instituto57.edu.ar', '37673737', 'alumno181@instituto57.edu.ar', '2249893278', 181, 5, 1),
(168, 'Alumno alumno182@instituto57.edu.ar', '27488614', 'alumno182@instituto57.edu.ar', '2243468393', 182, 9, 1),
(169, 'Alumno alumno183@instituto57.edu.ar', '20988877', 'alumno183@instituto57.edu.ar', '2244814688', 183, 4, 1),
(170, 'Alumno alumno184@instituto57.edu.ar', '48862514', 'alumno184@instituto57.edu.ar', '2245846744', 184, 11, 1),
(171, 'Alumno alumno185@instituto57.edu.ar', '21912111', 'alumno185@instituto57.edu.ar', '2243979262', 185, 8, 1),
(172, 'Alumno alumno186@instituto57.edu.ar', '32176225', 'alumno186@instituto57.edu.ar', '2244166471', 186, 8, 3),
(173, 'Alumno alumno187@instituto57.edu.ar', '26731535', 'alumno187@instituto57.edu.ar', '2242920792', 187, 7, 1),
(174, 'Alumno alumno188@instituto57.edu.ar', '30192786', 'alumno188@instituto57.edu.ar', '2243716534', 188, 8, 2),
(175, 'Alumno alumno189@instituto57.edu.ar', '38598180', 'alumno189@instituto57.edu.ar', '2244136394', 189, 11, 1),
(176, 'Alumno alumno190@instituto57.edu.ar', '45469928', 'alumno190@instituto57.edu.ar', '2247064339', 190, 11, 4),
(177, 'Alumno alumno191@instituto57.edu.ar', '38787219', 'alumno191@instituto57.edu.ar', '2242757688', 191, 4, 1),
(178, 'Alumno alumno192@instituto57.edu.ar', '31957288', 'alumno192@instituto57.edu.ar', '2243955649', 192, 8, 1),
(179, 'Alumno alumno193@instituto57.edu.ar', '41707881', 'alumno193@instituto57.edu.ar', '2249464732', 193, 8, 1),
(180, 'Alumno alumno194@instituto57.edu.ar', '33505201', 'alumno194@instituto57.edu.ar', '2245257316', 194, 4, 1),
(181, 'Alumno alumno195@instituto57.edu.ar', '25158741', 'alumno195@instituto57.edu.ar', '2242611947', 195, 7, 1),
(182, 'Alumno alumno196@instituto57.edu.ar', '27380779', 'alumno196@instituto57.edu.ar', '2243095304', 196, 7, 1),
(183, 'Alumno alumno197@instituto57.edu.ar', '46238559', 'alumno197@instituto57.edu.ar', '2241588754', 197, 10, 1),
(184, 'Alumno alumno198@instituto57.edu.ar', '34679889', 'alumno198@instituto57.edu.ar', '2249795088', 198, 7, 3),
(185, 'Alumno alumno199@instituto57.edu.ar', '26868608', 'alumno199@instituto57.edu.ar', '2245688170', 199, 12, 2),
(186, 'Alumno alumno200@instituto57.edu.ar', '43986115', 'alumno200@instituto57.edu.ar', '2248845837', 200, 12, 1),
(262, 'Alumno alumno021@instituto57.edu.ar', '47154949', 'alumno021@instituto57.edu.ar', '2247235820', 21, 10, 1),
(263, 'Alumno alumno022@instituto57.edu.ar', '32341520', 'alumno022@instituto57.edu.ar', '2248307401', 22, 11, 1),
(264, 'Alumno alumno023@instituto57.edu.ar', '45091289', 'alumno023@instituto57.edu.ar', '2243113702', 23, 9, 1),
(265, 'Alumno alumno024@instituto57.edu.ar', '40664100', 'alumno024@instituto57.edu.ar', '2242013423', 24, 8, 1),
(266, 'Alumno alumno025@instituto57.edu.ar', '42365466', 'alumno025@instituto57.edu.ar', '2241170057', 25, 11, 1),
(267, 'Alumno alumno026@instituto57.edu.ar', '27687479', 'alumno026@instituto57.edu.ar', '2245573464', 26, 10, 3),
(268, 'Alumno alumno027@instituto57.edu.ar', '48455002', 'alumno027@instituto57.edu.ar', '2243879926', 27, 10, 2),
(269, 'Alumno alumno028@instituto57.edu.ar', '31281050', 'alumno028@instituto57.edu.ar', '2242959835', 28, 12, 4),
(270, 'Alumno alumno029@instituto57.edu.ar', '46809853', 'alumno029@instituto57.edu.ar', '2248756025', 29, 9, 4),
(271, 'Alumno alumno030@instituto57.edu.ar', '43239390', 'alumno030@instituto57.edu.ar', '2242897213', 30, 10, 4),
(272, 'Alumno alumno031@instituto57.edu.ar', '33308491', 'alumno031@instituto57.edu.ar', '2245676607', 31, 6, 1),
(273, 'Alumno alumno032@instituto57.edu.ar', '22854620', 'alumno032@instituto57.edu.ar', '2242973229', 32, 11, 1),
(274, 'Alumno alumno033@instituto57.edu.ar', '36602425', 'alumno033@instituto57.edu.ar', '2242097748', 33, 12, 1),
(275, 'Alumno alumno034@instituto57.edu.ar', '24905908', 'alumno034@instituto57.edu.ar', '2246684604', 34, 10, 1),
(276, 'Alumno alumno035@instituto57.edu.ar', '41827351', 'alumno035@instituto57.edu.ar', '2241039611', 35, 11, 2),
(277, 'Alumno alumno036@instituto57.edu.ar', '33208835', 'alumno036@instituto57.edu.ar', '2241068585', 36, 10, 3),
(278, 'Alumno alumno037@instituto57.edu.ar', '38987191', 'alumno037@instituto57.edu.ar', '2242538663', 37, 12, 1),
(279, 'Alumno alumno038@instituto57.edu.ar', '36361846', 'alumno038@instituto57.edu.ar', '2243862808', 38, 12, 2),
(280, 'Alumno alumno039@instituto57.edu.ar', '39159551', 'alumno039@instituto57.edu.ar', '2242886505', 39, 5, 4),
(281, 'Alumno alumno040@instituto57.edu.ar', '41464064', 'alumno040@instituto57.edu.ar', '2243619303', 40, 6, 1),
(282, 'Alumno alumno041@instituto57.edu.ar', '30172928', 'alumno041@instituto57.edu.ar', '2243906639', 41, 9, 2),
(283, 'Alumno alumno042@instituto57.edu.ar', '33434601', 'alumno042@instituto57.edu.ar', '2244031451', 42, 7, 1),
(284, 'Alumno alumno043@instituto57.edu.ar', '30256936', 'alumno043@instituto57.edu.ar', '2243770221', 43, 8, 3),
(285, 'Alumno alumno044@instituto57.edu.ar', '33507878', 'alumno044@instituto57.edu.ar', '2243010830', 44, 10, 3),
(286, 'Alumno alumno045@instituto57.edu.ar', '21686570', 'alumno045@instituto57.edu.ar', '2247811210', 45, 9, 1),
(287, 'Alumno alumno046@instituto57.edu.ar', '35277826', 'alumno046@instituto57.edu.ar', '2249904013', 46, 7, 2),
(288, 'Alumno alumno047@instituto57.edu.ar', '34958088', 'alumno047@instituto57.edu.ar', '2244296130', 47, 7, 4),
(289, 'Alumno alumno048@instituto57.edu.ar', '40670026', 'alumno048@instituto57.edu.ar', '2248118165', 48, 11, 3),
(290, 'Alumno alumno049@instituto57.edu.ar', '23474802', 'alumno049@instituto57.edu.ar', '2246334598', 49, 9, 1),
(291, 'Alumno alumno050@instituto57.edu.ar', '32517884', 'alumno050@instituto57.edu.ar', '2241819388', 50, 5, 1),
(292, 'Alumno alumno051@instituto57.edu.ar', '29503249', 'alumno051@instituto57.edu.ar', '2243291350', 51, 6, 3),
(293, 'Alumno alumno052@instituto57.edu.ar', '32101508', 'alumno052@instituto57.edu.ar', '2245248895', 52, 5, 1),
(294, 'Alumno alumno053@instituto57.edu.ar', '48306472', 'alumno053@instituto57.edu.ar', '2244101065', 53, 12, 1),
(295, 'Alumno alumno054@instituto57.edu.ar', '20441930', 'alumno054@instituto57.edu.ar', '2247263564', 54, 7, 1),
(296, 'Alumno alumno055@instituto57.edu.ar', '33376131', 'alumno055@instituto57.edu.ar', '2248198975', 55, 9, 1),
(297, 'Alumno alumno056@instituto57.edu.ar', '22406311', 'alumno056@instituto57.edu.ar', '2247443552', 56, 7, 3),
(298, 'Alumno alumno057@instituto57.edu.ar', '48911314', 'alumno057@instituto57.edu.ar', '2246889375', 57, 7, 1),
(299, 'Alumno alumno058@instituto57.edu.ar', '49456651', 'alumno058@instituto57.edu.ar', '2243045177', 58, 5, 1),
(300, 'Alumno alumno059@instituto57.edu.ar', '25062405', 'alumno059@instituto57.edu.ar', '2245792108', 59, 5, 2),
(301, 'Alumno alumno060@instituto57.edu.ar', '40455296', 'alumno060@instituto57.edu.ar', '2241638991', 60, 6, 3),
(302, 'Alumno alumno061@instituto57.edu.ar', '30100011', 'alumno061@instituto57.edu.ar', '2245891275', 61, 10, 1),
(303, 'Alumno alumno062@instituto57.edu.ar', '32766667', 'alumno062@instituto57.edu.ar', '2242208363', 62, 7, 3),
(304, 'Alumno alumno063@instituto57.edu.ar', '38902763', 'alumno063@instituto57.edu.ar', '2242310439', 63, 11, 3),
(305, 'Alumno alumno064@instituto57.edu.ar', '24219058', 'alumno064@instituto57.edu.ar', '2247978548', 64, 8, 1),
(306, 'Alumno alumno065@instituto57.edu.ar', '24034860', 'alumno065@instituto57.edu.ar', '2245561415', 65, 5, 2),
(307, 'Alumno alumno066@instituto57.edu.ar', '48795255', 'alumno066@instituto57.edu.ar', '2249860034', 66, 4, 1),
(308, 'Alumno alumno067@instituto57.edu.ar', '22532055', 'alumno067@instituto57.edu.ar', '2249126531', 67, 6, 1),
(309, 'Alumno alumno068@instituto57.edu.ar', '27536097', 'alumno068@instituto57.edu.ar', '2246646632', 68, 7, 1),
(310, 'Alumno alumno069@instituto57.edu.ar', '20455115', 'alumno069@instituto57.edu.ar', '2241036479', 69, 12, 2),
(311, 'Alumno alumno070@instituto57.edu.ar', '35584375', 'alumno070@instituto57.edu.ar', '2246353756', 70, 7, 1),
(312, 'Alumno alumno071@instituto57.edu.ar', '36675618', 'alumno071@instituto57.edu.ar', '2241346611', 71, 8, 4),
(313, 'Alumno alumno072@instituto57.edu.ar', '29995765', 'alumno072@instituto57.edu.ar', '2247741104', 72, 10, 1),
(314, 'Alumno alumno073@instituto57.edu.ar', '31579722', 'alumno073@instituto57.edu.ar', '2244903184', 73, 4, 2),
(315, 'Alumno alumno074@instituto57.edu.ar', '40362676', 'alumno074@instituto57.edu.ar', '2243535500', 74, 7, 4),
(316, 'Alumno alumno075@instituto57.edu.ar', '43369427', 'alumno075@instituto57.edu.ar', '2249979508', 75, 9, 1),
(317, 'Alumno alumno076@instituto57.edu.ar', '25496850', 'alumno076@instituto57.edu.ar', '2247646250', 76, 5, 1),
(318, 'Alumno alumno077@instituto57.edu.ar', '44453083', 'alumno077@instituto57.edu.ar', '2249011021', 77, 4, 3),
(319, 'Alumno alumno078@instituto57.edu.ar', '34060846', 'alumno078@instituto57.edu.ar', '2241783494', 78, 4, 1),
(320, 'Alumno alumno079@instituto57.edu.ar', '23840786', 'alumno079@instituto57.edu.ar', '2246020896', 79, 7, 1),
(321, 'Alumno alumno080@instituto57.edu.ar', '40531623', 'alumno080@instituto57.edu.ar', '2247984606', 80, 11, 1),
(322, 'Alumno alumno081@instituto57.edu.ar', '30833855', 'alumno081@instituto57.edu.ar', '2242216432', 81, 9, 1),
(323, 'Alumno alumno082@instituto57.edu.ar', '30753693', 'alumno082@instituto57.edu.ar', '2247978392', 82, 11, 1),
(324, 'Alumno alumno083@instituto57.edu.ar', '49072142', 'alumno083@instituto57.edu.ar', '2248535812', 83, 6, 1),
(325, 'Alumno alumno084@instituto57.edu.ar', '28263862', 'alumno084@instituto57.edu.ar', '2246574475', 84, 6, 3),
(326, 'Alumno alumno085@instituto57.edu.ar', '44667539', 'alumno085@instituto57.edu.ar', '2242149207', 85, 5, 4),
(327, 'Alumno alumno086@instituto57.edu.ar', '46503839', 'alumno086@instituto57.edu.ar', '2248483530', 86, 8, 3),
(328, 'Alumno alumno087@instituto57.edu.ar', '28952845', 'alumno087@instituto57.edu.ar', '2244951034', 87, 6, 1),
(329, 'Alumno alumno088@instituto57.edu.ar', '35015655', 'alumno088@instituto57.edu.ar', '2245277760', 88, 11, 1),
(330, 'Alumno alumno089@instituto57.edu.ar', '42552047', 'alumno089@instituto57.edu.ar', '2244596185', 89, 10, 2),
(331, 'Alumno alumno090@instituto57.edu.ar', '25466655', 'alumno090@instituto57.edu.ar', '2248878606', 90, 11, 1),
(332, 'Alumno alumno091@instituto57.edu.ar', '23170752', 'alumno091@instituto57.edu.ar', '2242072465', 91, 6, 2),
(333, 'Alumno alumno092@instituto57.edu.ar', '38463934', 'alumno092@instituto57.edu.ar', '2241385842', 92, 7, 1),
(334, 'Alumno alumno093@instituto57.edu.ar', '23811001', 'alumno093@instituto57.edu.ar', '2243509018', 93, 4, 1),
(335, 'Alumno alumno094@instituto57.edu.ar', '44492549', 'alumno094@instituto57.edu.ar', '2248042162', 94, 8, 1),
(336, 'Alumno alumno095@instituto57.edu.ar', '30437937', 'alumno095@instituto57.edu.ar', '2244498103', 95, 12, 1),
(337, 'Alumno alumno096@instituto57.edu.ar', '44268908', 'alumno096@instituto57.edu.ar', '2242457355', 96, 7, 1),
(338, 'Alumno alumno097@instituto57.edu.ar', '40222267', 'alumno097@instituto57.edu.ar', '2244560278', 97, 12, 1),
(339, 'Alumno alumno098@instituto57.edu.ar', '40500563', 'alumno098@instituto57.edu.ar', '2242274069', 98, 9, 1),
(340, 'Alumno alumno099@instituto57.edu.ar', '40350648', 'alumno099@instituto57.edu.ar', '2249637025', 99, 10, 1),
(341, 'Alumno alumno100@instituto57.edu.ar', '40307322', 'alumno100@instituto57.edu.ar', '2248771317', 100, 6, 1),
(342, 'Alumno alumno101@instituto57.edu.ar', '24648341', 'alumno101@instituto57.edu.ar', '2241393384', 101, 10, 4),
(343, 'Alumno alumno102@instituto57.edu.ar', '41537490', 'alumno102@instituto57.edu.ar', '2248303009', 102, 12, 3),
(344, 'Alumno alumno103@instituto57.edu.ar', '28252137', 'alumno103@instituto57.edu.ar', '2243347300', 103, 8, 3),
(345, 'Alumno alumno104@instituto57.edu.ar', '28293774', 'alumno104@instituto57.edu.ar', '2245636998', 104, 10, 3),
(346, 'Alumno alumno105@instituto57.edu.ar', '48049173', 'alumno105@instituto57.edu.ar', '2246179333', 105, 4, 4),
(347, 'Alumno alumno106@instituto57.edu.ar', '47144138', 'alumno106@instituto57.edu.ar', '2246726944', 106, 8, 2),
(348, 'Alumno alumno107@instituto57.edu.ar', '42219866', 'alumno107@instituto57.edu.ar', '2245839711', 107, 8, 1),
(349, 'Alumno alumno108@instituto57.edu.ar', '45478167', 'alumno108@instituto57.edu.ar', '2246759522', 108, 9, 3),
(350, 'Alumno alumno109@instituto57.edu.ar', '27486874', 'alumno109@instituto57.edu.ar', '2242446224', 109, 4, 2),
(351, 'Alumno alumno110@instituto57.edu.ar', '38125215', 'alumno110@instituto57.edu.ar', '2243053010', 110, 6, 1),
(352, 'Alumno alumno111@instituto57.edu.ar', '24690286', 'alumno111@instituto57.edu.ar', '2245109021', 111, 11, 1),
(353, 'Alumno alumno112@instituto57.edu.ar', '25234639', 'alumno112@instituto57.edu.ar', '2247383784', 112, 4, 2),
(354, 'Alumno alumno113@instituto57.edu.ar', '28634102', 'alumno113@instituto57.edu.ar', '2243732387', 113, 9, 1),
(355, 'Alumno alumno114@instituto57.edu.ar', '25965248', 'alumno114@instituto57.edu.ar', '2245955210', 114, 5, 1),
(356, 'Alumno alumno115@instituto57.edu.ar', '35508444', 'alumno115@instituto57.edu.ar', '2241363307', 115, 9, 3),
(357, 'Alumno alumno116@instituto57.edu.ar', '25402033', 'alumno116@instituto57.edu.ar', '2247762122', 116, 5, 1),
(358, 'Alumno alumno117@instituto57.edu.ar', '49447733', 'alumno117@instituto57.edu.ar', '2244847421', 117, 5, 1),
(359, 'Alumno alumno118@instituto57.edu.ar', '49173330', 'alumno118@instituto57.edu.ar', '2246316858', 118, 4, 1),
(360, 'Alumno alumno119@instituto57.edu.ar', '34251931', 'alumno119@instituto57.edu.ar', '2245968910', 119, 7, 1),
(361, 'Alumno alumno120@instituto57.edu.ar', '32480354', 'alumno120@instituto57.edu.ar', '2248145871', 120, 10, 1),
(362, 'Alumno alumno121@instituto57.edu.ar', '25304471', 'alumno121@instituto57.edu.ar', '2249716243', 121, 6, 2),
(363, 'Alumno alumno122@instituto57.edu.ar', '41370417', 'alumno122@instituto57.edu.ar', '2246011942', 122, 9, 4),
(364, 'Alumno alumno123@instituto57.edu.ar', '42380022', 'alumno123@instituto57.edu.ar', '2241569067', 123, 4, 4),
(365, 'Alumno alumno124@instituto57.edu.ar', '27523042', 'alumno124@instituto57.edu.ar', '2249473504', 124, 12, 1),
(366, 'Alumno alumno125@instituto57.edu.ar', '38143544', 'alumno125@instituto57.edu.ar', '2244135359', 125, 12, 1),
(367, 'Alumno alumno126@instituto57.edu.ar', '23630052', 'alumno126@instituto57.edu.ar', '2241594140', 126, 12, 2),
(368, 'Alumno alumno127@instituto57.edu.ar', '35446550', 'alumno127@instituto57.edu.ar', '2247464909', 127, 4, 2),
(369, 'Alumno alumno128@instituto57.edu.ar', '21560212', 'alumno128@instituto57.edu.ar', '2245366110', 128, 6, 1),
(370, 'Alumno alumno129@instituto57.edu.ar', '37803402', 'alumno129@instituto57.edu.ar', '2241040237', 129, 6, 2),
(371, 'Alumno alumno130@instituto57.edu.ar', '40887878', 'alumno130@instituto57.edu.ar', '2247386142', 130, 8, 2),
(372, 'Alumno alumno131@instituto57.edu.ar', '43395714', 'alumno131@instituto57.edu.ar', '2245782912', 131, 6, 1),
(373, 'Alumno alumno132@instituto57.edu.ar', '22925622', 'alumno132@instituto57.edu.ar', '2244963768', 132, 12, 2),
(374, 'Alumno alumno133@instituto57.edu.ar', '34369001', 'alumno133@instituto57.edu.ar', '2244431876', 133, 8, 3),
(375, 'Alumno alumno134@instituto57.edu.ar', '33626523', 'alumno134@instituto57.edu.ar', '2244873605', 134, 11, 4),
(376, 'Alumno alumno135@instituto57.edu.ar', '37455828', 'alumno135@instituto57.edu.ar', '2242621770', 135, 5, 3),
(377, 'Alumno alumno136@instituto57.edu.ar', '26088255', 'alumno136@instituto57.edu.ar', '2244639386', 136, 7, 1),
(378, 'Alumno alumno137@instituto57.edu.ar', '36544055', 'alumno137@instituto57.edu.ar', '2247233319', 137, 11, 1),
(379, 'Alumno alumno138@instituto57.edu.ar', '29254476', 'alumno138@instituto57.edu.ar', '2243148331', 138, 6, 2),
(380, 'Alumno alumno139@instituto57.edu.ar', '41365456', 'alumno139@instituto57.edu.ar', '2246489755', 139, 12, 1),
(381, 'Alumno alumno140@instituto57.edu.ar', '35211219', 'alumno140@instituto57.edu.ar', '2247344699', 140, 4, 1),
(382, 'Alumno alumno141@instituto57.edu.ar', '44743538', 'alumno141@instituto57.edu.ar', '2246422226', 141, 8, 2),
(383, 'Alumno alumno142@instituto57.edu.ar', '30073811', 'alumno142@instituto57.edu.ar', '2246756410', 142, 5, 3),
(384, 'Alumno alumno143@instituto57.edu.ar', '46870260', 'alumno143@instituto57.edu.ar', '2247112755', 143, 10, 2),
(385, 'Alumno alumno144@instituto57.edu.ar', '35699087', 'alumno144@instituto57.edu.ar', '2244506789', 144, 7, 1),
(386, 'Alumno alumno145@instituto57.edu.ar', '26682444', 'alumno145@instituto57.edu.ar', '2247114589', 145, 10, 4),
(387, 'Alumno alumno146@instituto57.edu.ar', '31727692', 'alumno146@instituto57.edu.ar', '2244870591', 146, 12, 1),
(388, 'Alumno alumno147@instituto57.edu.ar', '34513590', 'alumno147@instituto57.edu.ar', '2243276838', 147, 11, 1),
(389, 'Alumno alumno148@instituto57.edu.ar', '37717390', 'alumno148@instituto57.edu.ar', '2246784209', 148, 7, 1),
(390, 'Alumno alumno149@instituto57.edu.ar', '36349180', 'alumno149@instituto57.edu.ar', '2245437090', 149, 11, 1),
(391, 'Alumno alumno150@instituto57.edu.ar', '20484601', 'alumno150@instituto57.edu.ar', '2241982046', 150, 8, 2),
(392, 'Alumno alumno151@instituto57.edu.ar', '20744909', 'alumno151@instituto57.edu.ar', '2243019523', 151, 4, 3),
(393, 'Alumno alumno152@instituto57.edu.ar', '40984580', 'alumno152@instituto57.edu.ar', '2245160281', 152, 5, 3),
(394, 'Alumno alumno153@instituto57.edu.ar', '28903592', 'alumno153@instituto57.edu.ar', '2244235083', 153, 12, 3),
(395, 'Alumno alumno154@instituto57.edu.ar', '32972861', 'alumno154@instituto57.edu.ar', '2245333983', 154, 4, 1),
(396, 'Alumno alumno155@instituto57.edu.ar', '41399068', 'alumno155@instituto57.edu.ar', '2249501190', 155, 9, 3),
(397, 'Alumno alumno156@instituto57.edu.ar', '21222269', 'alumno156@instituto57.edu.ar', '2243098695', 156, 4, 2),
(398, 'Alumno alumno157@instituto57.edu.ar', '42875111', 'alumno157@instituto57.edu.ar', '2244787178', 157, 11, 1),
(399, 'Alumno alumno158@instituto57.edu.ar', '43779333', 'alumno158@instituto57.edu.ar', '2241104872', 158, 10, 3),
(400, 'Alumno alumno159@instituto57.edu.ar', '48011926', 'alumno159@instituto57.edu.ar', '2241737930', 159, 9, 1),
(401, 'Alumno alumno160@instituto57.edu.ar', '32646354', 'alumno160@instituto57.edu.ar', '2246567740', 160, 11, 1),
(402, 'Alumno alumno161@instituto57.edu.ar', '46475450', 'alumno161@instituto57.edu.ar', '2246100535', 161, 5, 1),
(403, 'Alumno alumno162@instituto57.edu.ar', '28226415', 'alumno162@instituto57.edu.ar', '2246328820', 162, 5, 1),
(404, 'Alumno alumno163@instituto57.edu.ar', '20430237', 'alumno163@instituto57.edu.ar', '2246580587', 163, 4, 1),
(405, 'Alumno alumno164@instituto57.edu.ar', '35582905', 'alumno164@instituto57.edu.ar', '2247463105', 164, 4, 4),
(406, 'Alumno alumno165@instituto57.edu.ar', '40239606', 'alumno165@instituto57.edu.ar', '2245998823', 165, 10, 1),
(407, 'Alumno alumno166@instituto57.edu.ar', '46774796', 'alumno166@instituto57.edu.ar', '2247730136', 166, 4, 1),
(408, 'Alumno alumno167@instituto57.edu.ar', '34602031', 'alumno167@instituto57.edu.ar', '2241237140', 167, 10, 1),
(409, 'Alumno alumno168@instituto57.edu.ar', '24529727', 'alumno168@instituto57.edu.ar', '2246244673', 168, 8, 2),
(410, 'Alumno alumno169@instituto57.edu.ar', '29266150', 'alumno169@instituto57.edu.ar', '2244233033', 169, 11, 3),
(411, 'Alumno alumno170@instituto57.edu.ar', '27564500', 'alumno170@instituto57.edu.ar', '2246181979', 170, 5, 1),
(412, 'Alumno alumno171@instituto57.edu.ar', '38882336', 'alumno171@instituto57.edu.ar', '2249790761', 171, 12, 2),
(413, 'Alumno alumno172@instituto57.edu.ar', '23273139', 'alumno172@instituto57.edu.ar', '2248153290', 172, 9, 3),
(414, 'Alumno alumno173@instituto57.edu.ar', '49828208', 'alumno173@instituto57.edu.ar', '2241215269', 173, 5, 3),
(415, 'Alumno alumno174@instituto57.edu.ar', '32444071', 'alumno174@instituto57.edu.ar', '2242110008', 174, 7, 2),
(416, 'Alumno alumno175@instituto57.edu.ar', '26751576', 'alumno175@instituto57.edu.ar', '2241952714', 175, 11, 1),
(417, 'Alumno alumno176@instituto57.edu.ar', '24667663', 'alumno176@instituto57.edu.ar', '2242521605', 176, 7, 3),
(418, 'Alumno alumno177@instituto57.edu.ar', '39530663', 'alumno177@instituto57.edu.ar', '2248541419', 177, 6, 1),
(419, 'Alumno alumno178@instituto57.edu.ar', '25228965', 'alumno178@instituto57.edu.ar', '2249660412', 178, 6, 4),
(420, 'Alumno alumno179@instituto57.edu.ar', '46774302', 'alumno179@instituto57.edu.ar', '2247544353', 179, 12, 1),
(421, 'Alumno alumno180@instituto57.edu.ar', '21459261', 'alumno180@instituto57.edu.ar', '2247441671', 180, 7, 4),
(422, 'Alumno alumno181@instituto57.edu.ar', '46255811', 'alumno181@instituto57.edu.ar', '2241187502', 181, 8, 1),
(423, 'Alumno alumno182@instituto57.edu.ar', '22722549', 'alumno182@instituto57.edu.ar', '2248240727', 182, 10, 1),
(424, 'Alumno alumno183@instituto57.edu.ar', '38368574', 'alumno183@instituto57.edu.ar', '2245513718', 183, 10, 2),
(425, 'Alumno alumno184@instituto57.edu.ar', '32242528', 'alumno184@instituto57.edu.ar', '2242570224', 184, 9, 1),
(426, 'Alumno alumno185@instituto57.edu.ar', '21618513', 'alumno185@instituto57.edu.ar', '2244120037', 185, 9, 2),
(427, 'Alumno alumno186@instituto57.edu.ar', '48302421', 'alumno186@instituto57.edu.ar', '2245316649', 186, 9, 1),
(428, 'Alumno alumno187@instituto57.edu.ar', '37273947', 'alumno187@instituto57.edu.ar', '2249952808', 187, 6, 1),
(429, 'Alumno alumno188@instituto57.edu.ar', '42586875', 'alumno188@instituto57.edu.ar', '2243402444', 188, 4, 3),
(430, 'Alumno alumno189@instituto57.edu.ar', '38073298', 'alumno189@instituto57.edu.ar', '2241073640', 189, 6, 1),
(431, 'Alumno alumno190@instituto57.edu.ar', '39506415', 'alumno190@instituto57.edu.ar', '2242826025', 190, 4, 3),
(432, 'Alumno alumno191@instituto57.edu.ar', '28309174', 'alumno191@instituto57.edu.ar', '2244326455', 191, 4, 1),
(433, 'Alumno alumno192@instituto57.edu.ar', '39851288', 'alumno192@instituto57.edu.ar', '2246518708', 192, 4, 3),
(434, 'Alumno alumno193@instituto57.edu.ar', '26222059', 'alumno193@instituto57.edu.ar', '2243667699', 193, 11, 1),
(435, 'Alumno alumno194@instituto57.edu.ar', '23676141', 'alumno194@instituto57.edu.ar', '2242810305', 194, 9, 1),
(436, 'Alumno alumno195@instituto57.edu.ar', '30349949', 'alumno195@instituto57.edu.ar', '2246950569', 195, 6, 1),
(437, 'Alumno alumno196@instituto57.edu.ar', '22874101', 'alumno196@instituto57.edu.ar', '2244185855', 196, 8, 2),
(438, 'Alumno alumno197@instituto57.edu.ar', '33828252', 'alumno197@instituto57.edu.ar', '2248905023', 197, 4, 1),
(439, 'Alumno alumno198@instituto57.edu.ar', '46130327', 'alumno198@instituto57.edu.ar', '2243661940', 198, 11, 1),
(440, 'Alumno alumno199@instituto57.edu.ar', '41969394', 'alumno199@instituto57.edu.ar', '2248442395', 199, 12, 1),
(441, 'Alumno alumno200@instituto57.edu.ar', '35188210', 'alumno200@instituto57.edu.ar', '2248681678', 200, 10, 3),
(442, 'Alumno alumno021@instituto57.edu.ar', '44048096', 'alumno021@instituto57.edu.ar', '2249973532', 276, 9, 2),
(443, 'Alumno alumno022@instituto57.edu.ar', '27710463', 'alumno022@instituto57.edu.ar', '2243377888', 277, 8, 1),
(444, 'Alumno alumno023@instituto57.edu.ar', '44372987', 'alumno023@instituto57.edu.ar', '2246862702', 278, 11, 2),
(445, 'Alumno alumno024@instituto57.edu.ar', '46515833', 'alumno024@instituto57.edu.ar', '2246659094', 279, 8, 2),
(446, 'Alumno alumno025@instituto57.edu.ar', '28220183', 'alumno025@instituto57.edu.ar', '2242528735', 280, 4, 1),
(447, 'Alumno alumno026@instituto57.edu.ar', '31423470', 'alumno026@instituto57.edu.ar', '2247724551', 281, 9, 1),
(448, 'Alumno alumno027@instituto57.edu.ar', '44104323', 'alumno027@instituto57.edu.ar', '2248251875', 282, 9, 1),
(449, 'Alumno alumno028@instituto57.edu.ar', '36991106', 'alumno028@instituto57.edu.ar', '2243499019', 283, 10, 4),
(450, 'Alumno alumno029@instituto57.edu.ar', '24532104', 'alumno029@instituto57.edu.ar', '2247849144', 284, 7, 2),
(451, 'Alumno alumno030@instituto57.edu.ar', '26017053', 'alumno030@instituto57.edu.ar', '2241226440', 285, 8, 1),
(452, 'Alumno alumno031@instituto57.edu.ar', '23853967', 'alumno031@instituto57.edu.ar', '2242658317', 286, 8, 1),
(453, 'Alumno alumno032@instituto57.edu.ar', '42458526', 'alumno032@instituto57.edu.ar', '2246993027', 287, 4, 3),
(454, 'Alumno alumno033@instituto57.edu.ar', '32482078', 'alumno033@instituto57.edu.ar', '2241890542', 288, 6, 1),
(455, 'Alumno alumno034@instituto57.edu.ar', '46714485', 'alumno034@instituto57.edu.ar', '2246702458', 289, 8, 2),
(456, 'Alumno alumno035@instituto57.edu.ar', '30722724', 'alumno035@instituto57.edu.ar', '2245723992', 290, 8, 2),
(457, 'Alumno alumno036@instituto57.edu.ar', '44399778', 'alumno036@instituto57.edu.ar', '2243191678', 291, 10, 2),
(458, 'Alumno alumno037@instituto57.edu.ar', '44052018', 'alumno037@instituto57.edu.ar', '2246796386', 292, 11, 2),
(459, 'Alumno alumno038@instituto57.edu.ar', '47582054', 'alumno038@instituto57.edu.ar', '2248092745', 293, 5, 1),
(460, 'Alumno alumno039@instituto57.edu.ar', '28890791', 'alumno039@instituto57.edu.ar', '2249277767', 294, 10, 3),
(461, 'Alumno alumno040@instituto57.edu.ar', '23898491', 'alumno040@instituto57.edu.ar', '2245515663', 295, 5, 1),
(462, 'Alumno alumno041@instituto57.edu.ar', '25284510', 'alumno041@instituto57.edu.ar', '2246533060', 296, 8, 1),
(463, 'Alumno alumno042@instituto57.edu.ar', '46529205', 'alumno042@instituto57.edu.ar', '2247205102', 297, 11, 1),
(464, 'Alumno alumno043@instituto57.edu.ar', '48799980', 'alumno043@instituto57.edu.ar', '2244580467', 298, 4, 1),
(465, 'Alumno alumno044@instituto57.edu.ar', '27830836', 'alumno044@instituto57.edu.ar', '2249708137', 299, 4, 2),
(466, 'Alumno alumno045@instituto57.edu.ar', '39305699', 'alumno045@instituto57.edu.ar', '2242682963', 300, 4, 2),
(467, 'Alumno alumno046@instituto57.edu.ar', '22315647', 'alumno046@instituto57.edu.ar', '2245587474', 301, 6, 2),
(468, 'Alumno alumno047@instituto57.edu.ar', '34296901', 'alumno047@instituto57.edu.ar', '2244564678', 302, 8, 1),
(469, 'Alumno alumno048@instituto57.edu.ar', '25228411', 'alumno048@instituto57.edu.ar', '2244145128', 303, 6, 3),
(470, 'Alumno alumno049@instituto57.edu.ar', '27761712', 'alumno049@instituto57.edu.ar', '2242848491', 304, 6, 2),
(471, 'Alumno alumno050@instituto57.edu.ar', '28022802', 'alumno050@instituto57.edu.ar', '2241259684', 305, 7, 1),
(472, 'Alumno alumno051@instituto57.edu.ar', '37538132', 'alumno051@instituto57.edu.ar', '2246851520', 306, 8, 1),
(473, 'Alumno alumno052@instituto57.edu.ar', '29205533', 'alumno052@instituto57.edu.ar', '2249889956', 307, 4, 3),
(474, 'Alumno alumno053@instituto57.edu.ar', '36396607', 'alumno053@instituto57.edu.ar', '2249766077', 308, 6, 1),
(475, 'Alumno alumno054@instituto57.edu.ar', '38052190', 'alumno054@instituto57.edu.ar', '2246704754', 309, 7, 1),
(476, 'Alumno alumno055@instituto57.edu.ar', '42607286', 'alumno055@instituto57.edu.ar', '2243356094', 310, 4, 1),
(477, 'Alumno alumno056@instituto57.edu.ar', '29066203', 'alumno056@instituto57.edu.ar', '2241985047', 311, 9, 1),
(478, 'Alumno alumno057@instituto57.edu.ar', '39080264', 'alumno057@instituto57.edu.ar', '2248414312', 312, 5, 2),
(479, 'Alumno alumno058@instituto57.edu.ar', '40304583', 'alumno058@instituto57.edu.ar', '2245745400', 313, 9, 2),
(480, 'Alumno alumno059@instituto57.edu.ar', '42756994', 'alumno059@instituto57.edu.ar', '2245788482', 314, 7, 1),
(481, 'Alumno alumno060@instituto57.edu.ar', '32554560', 'alumno060@instituto57.edu.ar', '2246879764', 315, 4, 2),
(482, 'Alumno alumno061@instituto57.edu.ar', '48028717', 'alumno061@instituto57.edu.ar', '2244051188', 316, 12, 1),
(483, 'Alumno alumno062@instituto57.edu.ar', '31601890', 'alumno062@instituto57.edu.ar', '2243720060', 317, 7, 1),
(484, 'Alumno alumno063@instituto57.edu.ar', '31810811', 'alumno063@instituto57.edu.ar', '2244651175', 318, 11, 3),
(485, 'Alumno alumno064@instituto57.edu.ar', '41688512', 'alumno064@instituto57.edu.ar', '2249509845', 319, 9, 1),
(486, 'Alumno alumno065@instituto57.edu.ar', '40530358', 'alumno065@instituto57.edu.ar', '2241787132', 320, 7, 1),
(487, 'Alumno alumno066@instituto57.edu.ar', '41971597', 'alumno066@instituto57.edu.ar', '2243127972', 321, 12, 1),
(488, 'Alumno alumno067@instituto57.edu.ar', '49230156', 'alumno067@instituto57.edu.ar', '2245486047', 322, 9, 1),
(489, 'Alumno alumno068@instituto57.edu.ar', '25383228', 'alumno068@instituto57.edu.ar', '2247822656', 323, 6, 1),
(490, 'Alumno alumno069@instituto57.edu.ar', '47335329', 'alumno069@instituto57.edu.ar', '2241309576', 324, 7, 1),
(491, 'Alumno alumno070@instituto57.edu.ar', '31486989', 'alumno070@instituto57.edu.ar', '2245719768', 325, 8, 1),
(492, 'Alumno alumno071@instituto57.edu.ar', '30825259', 'alumno071@instituto57.edu.ar', '2242431139', 326, 10, 2),
(493, 'Alumno alumno072@instituto57.edu.ar', '25920806', 'alumno072@instituto57.edu.ar', '2242026955', 327, 12, 4),
(494, 'Alumno alumno073@instituto57.edu.ar', '32653159', 'alumno073@instituto57.edu.ar', '2246993255', 328, 4, 1),
(495, 'Alumno alumno074@instituto57.edu.ar', '35006775', 'alumno074@instituto57.edu.ar', '2241320823', 329, 10, 1),
(496, 'Alumno alumno075@instituto57.edu.ar', '48852296', 'alumno075@instituto57.edu.ar', '2247865654', 330, 12, 1),
(497, 'Alumno alumno076@instituto57.edu.ar', '47270973', 'alumno076@instituto57.edu.ar', '2246021373', 331, 4, 1),
(498, 'Alumno alumno077@instituto57.edu.ar', '23578630', 'alumno077@instituto57.edu.ar', '2246172281', 332, 8, 1),
(499, 'Alumno alumno078@instituto57.edu.ar', '23073023', 'alumno078@instituto57.edu.ar', '2244138612', 333, 7, 2),
(500, 'Alumno alumno079@instituto57.edu.ar', '33163123', 'alumno079@instituto57.edu.ar', '2241777765', 334, 5, 1),
(501, 'Alumno alumno080@instituto57.edu.ar', '41738811', 'alumno080@instituto57.edu.ar', '2247631041', 335, 8, 1),
(502, 'Alumno alumno081@instituto57.edu.ar', '44758066', 'alumno081@instituto57.edu.ar', '2246575794', 336, 9, 1),
(503, 'Alumno alumno082@instituto57.edu.ar', '43179663', 'alumno082@instituto57.edu.ar', '2243713800', 337, 5, 3),
(504, 'Alumno alumno083@instituto57.edu.ar', '23610899', 'alumno083@instituto57.edu.ar', '2246855153', 338, 12, 4),
(505, 'Alumno alumno084@instituto57.edu.ar', '43419920', 'alumno084@instituto57.edu.ar', '2243898493', 339, 6, 1),
(506, 'Alumno alumno085@instituto57.edu.ar', '26935374', 'alumno085@instituto57.edu.ar', '2249475710', 340, 4, 1),
(507, 'Alumno alumno086@instituto57.edu.ar', '28637289', 'alumno086@instituto57.edu.ar', '2248339609', 341, 5, 2),
(508, 'Alumno alumno087@instituto57.edu.ar', '34706883', 'alumno087@instituto57.edu.ar', '2241326592', 342, 10, 1),
(509, 'Alumno alumno088@instituto57.edu.ar', '23793363', 'alumno088@instituto57.edu.ar', '2244199913', 343, 7, 2),
(510, 'Alumno alumno089@instituto57.edu.ar', '38367014', 'alumno089@instituto57.edu.ar', '2249254780', 344, 10, 2),
(511, 'Alumno alumno090@instituto57.edu.ar', '21718467', 'alumno090@instituto57.edu.ar', '2244101319', 345, 8, 1),
(512, 'Alumno alumno091@instituto57.edu.ar', '38368796', 'alumno091@instituto57.edu.ar', '2242754152', 346, 5, 1),
(513, 'Alumno alumno092@instituto57.edu.ar', '26388099', 'alumno092@instituto57.edu.ar', '2247755088', 347, 5, 1),
(514, 'Alumno alumno093@instituto57.edu.ar', '41657953', 'alumno093@instituto57.edu.ar', '2247540130', 348, 8, 2),
(515, 'Alumno alumno094@instituto57.edu.ar', '33860758', 'alumno094@instituto57.edu.ar', '2242336469', 349, 7, 1),
(516, 'Alumno alumno095@instituto57.edu.ar', '21736852', 'alumno095@instituto57.edu.ar', '2245040609', 350, 4, 4),
(517, 'Alumno alumno096@instituto57.edu.ar', '23694215', 'alumno096@instituto57.edu.ar', '2242136747', 351, 6, 2),
(518, 'Alumno alumno097@instituto57.edu.ar', '26115076', 'alumno097@instituto57.edu.ar', '2243949953', 352, 4, 3),
(519, 'Alumno alumno098@instituto57.edu.ar', '48973456', 'alumno098@instituto57.edu.ar', '2247958915', 353, 12, 3),
(520, 'Alumno alumno099@instituto57.edu.ar', '49886499', 'alumno099@instituto57.edu.ar', '2248562119', 354, 5, 1),
(521, 'Alumno alumno100@instituto57.edu.ar', '42037383', 'alumno100@instituto57.edu.ar', '2245110056', 355, 4, 4),
(522, 'Alumno alumno101@instituto57.edu.ar', '32722961', 'alumno101@instituto57.edu.ar', '2244738872', 356, 11, 1),
(523, 'Alumno alumno102@instituto57.edu.ar', '21285733', 'alumno102@instituto57.edu.ar', '2248093798', 357, 11, 1);
INSERT INTO `alumnos` (`id_alumno`, `nombre_completo`, `dni_matricula`, `email`, `telefono`, `id_usuario`, `id_carrera`, `anio_actual`) VALUES
(524, 'Alumno alumno103@instituto57.edu.ar', '24778113', 'alumno103@instituto57.edu.ar', '2246807125', 358, 10, 2),
(525, 'Alumno alumno104@instituto57.edu.ar', '25726591', 'alumno104@instituto57.edu.ar', '2244832541', 359, 9, 4),
(526, 'Alumno alumno105@instituto57.edu.ar', '42952320', 'alumno105@instituto57.edu.ar', '2243313831', 360, 12, 4),
(527, 'Alumno alumno106@instituto57.edu.ar', '23112043', 'alumno106@instituto57.edu.ar', '2247593973', 361, 7, 4),
(528, 'Alumno alumno107@instituto57.edu.ar', '22851686', 'alumno107@instituto57.edu.ar', '2242850422', 362, 10, 2),
(529, 'Alumno alumno108@instituto57.edu.ar', '20011679', 'alumno108@instituto57.edu.ar', '2243037357', 363, 5, 1),
(530, 'Alumno alumno109@instituto57.edu.ar', '34268706', 'alumno109@instituto57.edu.ar', '2249449941', 364, 6, 4),
(531, 'Alumno alumno110@instituto57.edu.ar', '33505274', 'alumno110@instituto57.edu.ar', '2248585810', 365, 11, 2),
(532, 'Alumno alumno111@instituto57.edu.ar', '22448469', 'alumno111@instituto57.edu.ar', '2241986406', 366, 6, 1),
(533, 'Alumno alumno112@instituto57.edu.ar', '36986761', 'alumno112@instituto57.edu.ar', '2247793439', 367, 4, 2),
(534, 'Alumno alumno113@instituto57.edu.ar', '30495906', 'alumno113@instituto57.edu.ar', '2247627148', 368, 9, 2),
(535, 'Alumno alumno114@instituto57.edu.ar', '40797471', 'alumno114@instituto57.edu.ar', '2241884273', 369, 7, 1),
(536, 'Alumno alumno115@instituto57.edu.ar', '38280650', 'alumno115@instituto57.edu.ar', '2243772733', 370, 10, 1),
(537, 'Alumno alumno116@instituto57.edu.ar', '30175116', 'alumno116@instituto57.edu.ar', '2245904162', 371, 10, 1),
(538, 'Alumno alumno117@instituto57.edu.ar', '46217783', 'alumno117@instituto57.edu.ar', '2247836867', 372, 5, 2),
(539, 'Alumno alumno118@instituto57.edu.ar', '38860972', 'alumno118@instituto57.edu.ar', '2247120580', 373, 8, 1),
(540, 'Alumno alumno119@instituto57.edu.ar', '49014090', 'alumno119@instituto57.edu.ar', '2245497494', 374, 9, 3),
(541, 'Alumno alumno120@instituto57.edu.ar', '42568529', 'alumno120@instituto57.edu.ar', '2248503805', 375, 12, 3),
(542, 'Alumno alumno121@instituto57.edu.ar', '38157517', 'alumno121@instituto57.edu.ar', '2244222307', 376, 12, 1),
(543, 'Alumno alumno122@instituto57.edu.ar', '48186972', 'alumno122@instituto57.edu.ar', '2245479311', 377, 10, 3),
(544, 'Alumno alumno123@instituto57.edu.ar', '23214701', 'alumno123@instituto57.edu.ar', '2242664767', 378, 9, 3),
(545, 'Alumno alumno124@instituto57.edu.ar', '23442954', 'alumno124@instituto57.edu.ar', '2241658993', 379, 4, 1),
(546, 'Alumno alumno125@instituto57.edu.ar', '21593261', 'alumno125@instituto57.edu.ar', '2245922021', 380, 9, 1),
(547, 'Alumno alumno126@instituto57.edu.ar', '36276281', 'alumno126@instituto57.edu.ar', '2244278064', 381, 5, 2),
(548, 'Alumno alumno127@instituto57.edu.ar', '30312091', 'alumno127@instituto57.edu.ar', '2247149669', 382, 7, 2),
(549, 'Alumno alumno128@instituto57.edu.ar', '45125999', 'alumno128@instituto57.edu.ar', '2247095742', 383, 11, 1),
(550, 'Alumno alumno129@instituto57.edu.ar', '29618640', 'alumno129@instituto57.edu.ar', '2244625812', 384, 4, 1),
(551, 'Alumno alumno130@instituto57.edu.ar', '31878072', 'alumno130@instituto57.edu.ar', '2246807881', 385, 4, 1),
(552, 'Alumno alumno131@instituto57.edu.ar', '22827784', 'alumno131@instituto57.edu.ar', '2249552956', 386, 8, 1),
(553, 'Alumno alumno132@instituto57.edu.ar', '44612149', 'alumno132@instituto57.edu.ar', '2249296014', 387, 5, 1),
(554, 'Alumno alumno133@instituto57.edu.ar', '40842415', 'alumno133@instituto57.edu.ar', '2249070572', 388, 7, 3),
(555, 'Alumno alumno134@instituto57.edu.ar', '43714924', 'alumno134@instituto57.edu.ar', '2247059489', 389, 12, 1),
(556, 'Alumno alumno135@instituto57.edu.ar', '20795412', 'alumno135@instituto57.edu.ar', '2249077071', 390, 7, 1),
(557, 'Alumno alumno136@instituto57.edu.ar', '35048007', 'alumno136@instituto57.edu.ar', '2249854187', 391, 7, 2),
(558, 'Alumno alumno137@instituto57.edu.ar', '32526432', 'alumno137@instituto57.edu.ar', '2241197938', 392, 11, 3),
(559, 'Alumno alumno138@instituto57.edu.ar', '49823442', 'alumno138@instituto57.edu.ar', '2244392667', 393, 12, 1),
(560, 'Alumno alumno139@instituto57.edu.ar', '45656121', 'alumno139@instituto57.edu.ar', '2247086316', 394, 11, 4),
(561, 'Alumno alumno140@instituto57.edu.ar', '45683352', 'alumno140@instituto57.edu.ar', '2248898482', 395, 11, 4),
(562, 'Alumno alumno141@instituto57.edu.ar', '48508731', 'alumno141@instituto57.edu.ar', '2242286783', 396, 11, 2),
(563, 'Alumno alumno142@instituto57.edu.ar', '38913796', 'alumno142@instituto57.edu.ar', '2242977497', 397, 5, 1),
(564, 'Alumno alumno143@instituto57.edu.ar', '24089764', 'alumno143@instituto57.edu.ar', '2242134142', 398, 5, 1),
(565, 'Alumno alumno144@instituto57.edu.ar', '40631593', 'alumno144@instituto57.edu.ar', '2245648747', 399, 8, 3),
(566, 'Alumno alumno145@instituto57.edu.ar', '27788107', 'alumno145@instituto57.edu.ar', '2243305813', 400, 8, 1),
(567, 'Alumno alumno146@instituto57.edu.ar', '43982331', 'alumno146@instituto57.edu.ar', '2244430117', 401, 8, 1),
(568, 'Alumno alumno147@instituto57.edu.ar', '21429390', 'alumno147@instituto57.edu.ar', '2249111017', 402, 7, 2),
(569, 'Alumno alumno148@instituto57.edu.ar', '20645023', 'alumno148@instituto57.edu.ar', '2247233178', 403, 7, 1),
(570, 'Alumno alumno149@instituto57.edu.ar', '36539789', 'alumno149@instituto57.edu.ar', '2244147546', 404, 4, 3),
(571, 'Alumno alumno150@instituto57.edu.ar', '21286964', 'alumno150@instituto57.edu.ar', '2245346365', 405, 6, 1),
(572, 'Alumno alumno151@instituto57.edu.ar', '28760186', 'alumno151@instituto57.edu.ar', '2243871782', 406, 10, 1),
(573, 'Alumno alumno152@instituto57.edu.ar', '28543814', 'alumno152@instituto57.edu.ar', '2243712754', 407, 9, 1),
(574, 'Alumno alumno153@instituto57.edu.ar', '21568613', 'alumno153@instituto57.edu.ar', '2249291023', 408, 8, 1),
(575, 'Alumno alumno154@instituto57.edu.ar', '46374048', 'alumno154@instituto57.edu.ar', '2242794978', 409, 7, 4),
(576, 'Alumno alumno155@instituto57.edu.ar', '20549815', 'alumno155@instituto57.edu.ar', '2243874412', 410, 8, 1),
(577, 'Alumno alumno156@instituto57.edu.ar', '32085304', 'alumno156@instituto57.edu.ar', '2246579363', 411, 12, 2),
(578, 'Alumno alumno157@instituto57.edu.ar', '42219956', 'alumno157@instituto57.edu.ar', '2248078529', 412, 10, 4),
(579, 'Alumno alumno158@instituto57.edu.ar', '37707713', 'alumno158@instituto57.edu.ar', '2245046058', 413, 8, 4),
(580, 'Alumno alumno159@instituto57.edu.ar', '39428527', 'alumno159@instituto57.edu.ar', '2249854206', 414, 12, 3),
(581, 'Alumno alumno160@instituto57.edu.ar', '45873851', 'alumno160@instituto57.edu.ar', '2249116923', 415, 12, 1),
(582, 'Alumno alumno161@instituto57.edu.ar', '22068629', 'alumno161@instituto57.edu.ar', '2242280744', 416, 8, 4),
(583, 'Alumno alumno162@instituto57.edu.ar', '36521760', 'alumno162@instituto57.edu.ar', '2248647156', 417, 9, 2),
(584, 'Alumno alumno163@instituto57.edu.ar', '41116106', 'alumno163@instituto57.edu.ar', '2248445099', 418, 4, 1),
(585, 'Alumno alumno164@instituto57.edu.ar', '42062307', 'alumno164@instituto57.edu.ar', '2243536758', 419, 5, 1),
(586, 'Alumno alumno165@instituto57.edu.ar', '40690047', 'alumno165@instituto57.edu.ar', '2247559910', 420, 9, 2),
(587, 'Alumno alumno166@instituto57.edu.ar', '38117905', 'alumno166@instituto57.edu.ar', '2244164294', 421, 12, 1),
(588, 'Alumno alumno167@instituto57.edu.ar', '40385292', 'alumno167@instituto57.edu.ar', '2247957553', 422, 11, 1),
(589, 'Alumno alumno168@instituto57.edu.ar', '35656267', 'alumno168@instituto57.edu.ar', '2248468024', 423, 9, 2),
(590, 'Alumno alumno169@instituto57.edu.ar', '22168067', 'alumno169@instituto57.edu.ar', '2244819096', 424, 12, 1),
(591, 'Alumno alumno170@instituto57.edu.ar', '48801774', 'alumno170@instituto57.edu.ar', '2242543484', 425, 12, 1),
(592, 'Alumno alumno171@instituto57.edu.ar', '35778188', 'alumno171@instituto57.edu.ar', '2248599595', 426, 9, 1),
(593, 'Alumno alumno172@instituto57.edu.ar', '33998650', 'alumno172@instituto57.edu.ar', '2248337549', 427, 10, 1),
(594, 'Alumno alumno173@instituto57.edu.ar', '33910786', 'alumno173@instituto57.edu.ar', '2244184336', 428, 7, 1),
(595, 'Alumno alumno174@instituto57.edu.ar', '36738565', 'alumno174@instituto57.edu.ar', '2247872534', 429, 5, 1),
(596, 'Alumno alumno175@instituto57.edu.ar', '30649561', 'alumno175@instituto57.edu.ar', '2248816486', 430, 6, 1),
(597, 'Alumno alumno176@instituto57.edu.ar', '21352004', 'alumno176@instituto57.edu.ar', '2249913216', 431, 11, 1),
(598, 'Alumno alumno177@instituto57.edu.ar', '26364441', 'alumno177@instituto57.edu.ar', '2247588909', 432, 4, 1),
(599, 'Alumno alumno178@instituto57.edu.ar', '49014932', 'alumno178@instituto57.edu.ar', '2242730848', 433, 4, 1),
(600, 'Alumno alumno179@instituto57.edu.ar', '42988925', 'alumno179@instituto57.edu.ar', '2248062485', 434, 9, 1),
(601, 'Alumno alumno180@instituto57.edu.ar', '36678448', 'alumno180@instituto57.edu.ar', '2248751414', 435, 9, 1),
(602, 'Alumno alumno181@instituto57.edu.ar', '44404146', 'alumno181@instituto57.edu.ar', '2247152886', 436, 12, 3),
(603, 'Alumno alumno182@instituto57.edu.ar', '23047886', 'alumno182@instituto57.edu.ar', '2242643356', 437, 9, 3),
(604, 'Alumno alumno183@instituto57.edu.ar', '41795353', 'alumno183@instituto57.edu.ar', '2247380821', 438, 7, 3),
(605, 'Alumno alumno184@instituto57.edu.ar', '31254542', 'alumno184@instituto57.edu.ar', '2242121904', 439, 8, 1),
(606, 'Alumno alumno185@instituto57.edu.ar', '21985965', 'alumno185@instituto57.edu.ar', '2241755828', 440, 5, 1),
(607, 'Alumno alumno186@instituto57.edu.ar', '34445965', 'alumno186@instituto57.edu.ar', '2246224188', 441, 8, 2),
(608, 'Alumno alumno187@instituto57.edu.ar', '25210071', 'alumno187@instituto57.edu.ar', '2248011753', 442, 7, 3),
(609, 'Alumno alumno188@instituto57.edu.ar', '24487277', 'alumno188@instituto57.edu.ar', '2241859335', 443, 4, 1),
(610, 'Alumno alumno189@instituto57.edu.ar', '32687487', 'alumno189@instituto57.edu.ar', '2245664721', 444, 6, 2),
(611, 'Alumno alumno190@instituto57.edu.ar', '33636969', 'alumno190@instituto57.edu.ar', '2243646460', 445, 4, 4),
(612, 'Alumno alumno191@instituto57.edu.ar', '41471678', 'alumno191@instituto57.edu.ar', '2248002228', 446, 10, 1),
(613, 'Alumno alumno192@instituto57.edu.ar', '23991948', 'alumno192@instituto57.edu.ar', '2249738893', 447, 8, 1),
(614, 'Alumno alumno193@instituto57.edu.ar', '26319404', 'alumno193@instituto57.edu.ar', '2247016217', 448, 10, 3),
(615, 'Alumno alumno194@instituto57.edu.ar', '31079515', 'alumno194@instituto57.edu.ar', '2241369925', 449, 4, 1),
(616, 'Alumno alumno195@instituto57.edu.ar', '36670453', 'alumno195@instituto57.edu.ar', '2242700008', 450, 6, 3),
(617, 'Alumno alumno196@instituto57.edu.ar', '38734294', 'alumno196@instituto57.edu.ar', '2245162850', 451, 7, 1),
(618, 'Alumno alumno197@instituto57.edu.ar', '45077274', 'alumno197@instituto57.edu.ar', '2246144812', 452, 7, 1),
(619, 'Alumno alumno198@instituto57.edu.ar', '37071903', 'alumno198@instituto57.edu.ar', '2244926240', 453, 8, 4),
(620, 'Alumno alumno199@instituto57.edu.ar', '27281576', 'alumno199@instituto57.edu.ar', '2246014990', 454, 4, 4),
(621, 'Alumno alumno200@instituto57.edu.ar', '41854212', 'alumno200@instituto57.edu.ar', '2249034712', 455, 6, 2);

-- --------------------------------------------------------

--
-- Estructura de tabla para la tabla `carreras`
--

DROP TABLE IF EXISTS `carreras`;
CREATE TABLE `carreras` (
  `id_carrera` int(11) NOT NULL,
  `nombre_carrera` varchar(255) NOT NULL,
  `duracion` varchar(50) DEFAULT NULL,
  `modalidad` varchar(50) DEFAULT NULL,
  `id_categoria` int(11) DEFAULT NULL,
  `estado` tinyint(1) NOT NULL DEFAULT 1
) ENGINE=InnoDB DEFAULT CHARSET=utf8mb4 COLLATE=utf8mb4_general_ci;

--
-- Volcado de datos para la tabla `carreras`
--

INSERT INTO `carreras` (`id_carrera`, `nombre_carrera`, `duracion`, `modalidad`, `id_categoria`, `estado`) VALUES
(4, 'Profesorado de Educaci칩n Inicial', '4 a침os', 'Presencial', NULL, 1),
(5, 'Profesorado de Ingl칠s', '4 a침os', 'Presencial', NULL, 1),
(6, 'Tecnicatura Superior en Enfermer칤a', '3 a침os', 'Presencial', NULL, 1),
(7, 'Tecnicatura Superior en Acompa침amiento Terap칠utico', '3 a침os', 'Presencial', NULL, 1),
(8, 'Tecnicatura Superior en Trabajo Social', '4 a침os', 'Presencial', NULL, 1),
(9, 'Tecnicatura Superior en Psicopedagog칤a', '4 a침os', 'Presencial', NULL, 1),
(10, 'Tecnicatura Superior en Administraci칩n Financiera', '3 a침os', 'Presencial', 4, 1),
(11, 'Tecnicatura Superior en Ciencia de Datos e Inteligencia Artificial', '3 a침os', 'Presencial', 4, 1),
(12, 'Especializaci칩n de Enfermer칤a en Salud Mental', '1 a침o', 'Presencial', 5, 1);

-- --------------------------------------------------------

--
-- Estructura de tabla para la tabla `categorias`
--

DROP TABLE IF EXISTS `categorias`;
CREATE TABLE `categorias` (
  `id_categoria` int(11) NOT NULL,
  `nombre` varchar(255) NOT NULL,
  `descripcion` text DEFAULT NULL,
  `fecha_creacion` date DEFAULT curdate(),
  `fecha_actualizacion` date DEFAULT curdate()
) ENGINE=InnoDB DEFAULT CHARSET=utf8mb4 COLLATE=utf8mb4_general_ci;

--
-- Volcado de datos para la tabla `categorias`
--

INSERT INTO `categorias` (`id_categoria`, `nombre`, `descripcion`, `fecha_creacion`, `fecha_actualizacion`) VALUES
(4, 'Profesorado ', '', '2025-10-13', '2025-10-13'),
(5, 'Formaci칩n Docente', 'Incluye todos los Profesorados para la ense침anza en distintos niveles.', '2025-10-16', '2025-10-16'),
(6, 'Tecnicaturas de Salud', 'Incluye las Tecnicaturas Superiores relacionadas con el 치rea de la salud.', '2025-10-16', '2025-10-16'),
(7, 'Tecnicaturas Sociohuman칤sticas', 'Incluye Tecnicaturas Superiores enfocadas en 치reas sociales o human칤sticas (e.g., Acompa침amiento Terap칠utico, Trabajo Social).', '2025-10-16', '2025-10-16'),
(8, 'Tecnicaturas de Administraci칩n y Tecnolog칤a', 'Incluye Tecnicaturas Superiores en 치reas como Administraci칩n, Finanzas, Ciencia de Datos e Inteligencia Artificial.', '2025-10-16', '2025-10-16'),
(9, 'Especializaciones', 'Para post-t칤tulos o certificaciones superiores.', '2025-10-16', '2025-10-16');

-- --------------------------------------------------------

--
-- Estructura de tabla para la tabla `cursos`
--

DROP TABLE IF EXISTS `cursos`;
CREATE TABLE `cursos` (
  `id_curso` int(11) NOT NULL,
  `nombre` varchar(255) NOT NULL,
  `codigo` varchar(50) DEFAULT NULL,
  `creditos` int(11) DEFAULT NULL,
  `descripcion` text DEFAULT NULL,
  `anio_cursada` int(11) DEFAULT NULL,
  `id_carrera` int(11) DEFAULT NULL,
  `id_profesor` int(11) DEFAULT NULL,
  `cupo_maximo` int(11) DEFAULT 30,
  `created_at` datetime DEFAULT NULL,
  `updated_at` datetime DEFAULT NULL,
  `deleted_at` datetime DEFAULT NULL,
  `anio` int(11) DEFAULT NULL,
  `duracion_horas` int(11) DEFAULT NULL
) ENGINE=InnoDB DEFAULT CHARSET=utf8mb4 COLLATE=utf8mb4_general_ci;

--
-- Volcado de datos para la tabla `cursos`
--

INSERT INTO `cursos` (`id_curso`, `nombre`, `codigo`, `creditos`, `descripcion`, `anio_cursada`, `id_carrera`, `id_profesor`, `cupo_maximo`, `created_at`, `updated_at`, `deleted_at`, `anio`, `duracion_horas`) VALUES
(8, 'Pedagog칤a', 'PDE-1', 8, NULL, 1, 4, 1001, 30, NULL, NULL, NULL, NULL, 4),
(9, 'Filosof칤a', 'PDE-2', 6, NULL, 1, 4, 1002, 30, NULL, NULL, NULL, NULL, 4),
(10, 'Psicolog칤a Educacional', 'PDE-3', 8, NULL, 1, 4, 1003, 30, NULL, NULL, NULL, NULL, 4),
(11, 'Sociolog칤a de la Educaci칩n', 'PDE-4', 8, NULL, 1, 4, 1004, 30, NULL, NULL, NULL, NULL, 4),
(12, 'Sujeto de la Educaci칩n Inicial', 'PDE-5', 6, NULL, 1, 4, 1005, 30, NULL, NULL, NULL, NULL, 4),
(13, 'Juego y Cultura', 'PDE-6', 6, NULL, 1, 4, 1006, 30, NULL, NULL, NULL, NULL, 4),
(14, 'Lenguaje Digital y Audiovisual', 'PDE-7', 8, NULL, 1, 4, 1007, 30, NULL, NULL, NULL, NULL, 4),
(15, 'Pr치ctica Docente I', 'PDE-8', 10, NULL, 1, 4, 1008, 30, NULL, NULL, NULL, NULL, 4),
(16, 'Did치ctica General', 'PDE-9', 8, NULL, 2, 4, 1009, 30, NULL, NULL, NULL, NULL, 4),
(17, 'Did치ctica del Nivel Inicial', 'PDE-10', 8, NULL, 2, 4, 1010, 30, NULL, NULL, NULL, NULL, 4),
(18, 'Matem치tica y su Did치ctica', 'PDE-11', 8, NULL, 2, 4, 1011, 30, NULL, NULL, NULL, NULL, 4),
(19, 'Ciencias Sociales y su Did치ctica', 'PDE-12', 8, NULL, 2, 4, 1012, 30, NULL, NULL, NULL, NULL, 4),
(20, 'Lengua, Literatura y Alfabetizaci칩n Inicial', 'PDE-13', 8, NULL, 2, 4, 1013, 30, NULL, NULL, NULL, NULL, 4),
(21, 'Lenguaje Corporal y Educaci칩n F칤sica', 'PDE-14', 8, NULL, 2, 4, 1014, 30, NULL, NULL, NULL, NULL, 4),
(22, 'Pr치ctica Docente II', 'PDE-15', 10, NULL, 2, 4, 1015, 30, NULL, NULL, NULL, NULL, 4),
(23, '칄tica y Formaci칩n Ciudadana', 'PDE-16', 6, NULL, 3, 4, 1016, 30, NULL, NULL, NULL, NULL, 4),
(24, 'Ciencias Naturales y su Did치ctica', 'PDE-17', 8, NULL, 3, 4, 1017, 30, NULL, NULL, NULL, NULL, 4),
(25, 'Lenguaje Art칤stico Expresivo', 'PDE-18', 8, NULL, 3, 4, 1018, 30, NULL, NULL, NULL, NULL, 4),
(26, 'Pol칤tica, Legislaci칩n y Administraci칩n del Sistema Educativo', 'PDE-19', 6, NULL, 3, 4, 1019, 30, NULL, NULL, NULL, NULL, 4),
(27, 'Problem치ticas Socio-antropol칩gicas en Educaci칩n', 'PDE-20', 6, NULL, 3, 4, 1020, 30, NULL, NULL, NULL, NULL, 4),
(28, 'Pr치ctica Docente III', 'PDE-21', 10, NULL, 3, 4, 1001, 30, NULL, NULL, NULL, NULL, 4),
(29, 'Investigaci칩n Educativa', 'PDE-22', 6, NULL, 4, 4, 1002, 30, NULL, NULL, NULL, NULL, 4),
(30, 'Trayectos de Integraci칩n Curricular (Seminarios)', 'PDE-23', 6, NULL, 4, 4, 1003, 30, NULL, NULL, NULL, NULL, 4),
(31, 'Residencia Pedag칩gica / Pr치ctica Docente IV', 'PDE-24', 10, NULL, 4, 4, 1004, 30, NULL, NULL, NULL, NULL, 4),
(32, 'Psicolog칤a', 'TSE-1', 8, NULL, 1, 6, 1016, 30, NULL, NULL, NULL, NULL, 3),
(33, 'Teor칤as Socio Culturales de la Salud', 'TSE-2', 8, NULL, 1, 6, 1017, 30, NULL, NULL, NULL, NULL, 3),
(34, 'Condiciones y Medio Ambiente del Trabajo (CYMAT)', 'TSE-3', 8, NULL, 1, 6, 1018, 30, NULL, NULL, NULL, NULL, 3),
(35, 'Salud P칰blica I', 'TSE-4', 8, NULL, 1, 6, 1019, 30, NULL, NULL, NULL, NULL, 3),
(36, 'Biolog칤a Humana', 'TSE-5', 8, NULL, 1, 6, 1020, 30, NULL, NULL, NULL, NULL, 3),
(37, 'Fundamentos del Cuidado', 'TSE-6', 8, NULL, 1, 6, 1001, 30, NULL, NULL, NULL, NULL, 3),
(38, 'Cuidados de la Salud Centrados en la Comunidad y la Familia', 'TSE-7', 8, NULL, 1, 6, 1002, 30, NULL, NULL, NULL, NULL, 3),
(39, 'Pr치ctica Profesionalizante I', 'TSE-8', 10, NULL, 1, 6, 1003, 30, NULL, NULL, NULL, NULL, 3),
(40, 'Comunicaci칩n en Ciencias de la Salud', 'TSE-9', 8, NULL, 2, 6, 1004, 30, NULL, NULL, NULL, NULL, 3),
(41, 'Ingl칠s', 'TSE-10', 8, NULL, 2, 6, 1005, 30, NULL, NULL, NULL, NULL, 3),
(42, 'Introducci칩n a la Metodolog칤a de Investigaci칩n en Salud', 'TSE-11', 8, NULL, 2, 6, 1006, 30, NULL, NULL, NULL, NULL, 3),
(43, 'Nutrici칩n y Dietoterapia', 'TSE-12', 8, NULL, 2, 6, 1007, 30, NULL, NULL, NULL, NULL, 3),
(44, 'Salud P칰blica II', 'TSE-13', 8, NULL, 2, 6, 1008, 30, NULL, NULL, NULL, NULL, 3),
(45, 'Farmacolog칤a en Enfermer칤a', 'TSE-14', 8, NULL, 2, 6, 1009, 30, NULL, NULL, NULL, NULL, 3),
(46, 'Enfermer칤a Materno Infantil', 'TSE-15', 8, NULL, 2, 6, 1010, 30, NULL, NULL, NULL, NULL, 3),
(47, 'Enfermer칤a del Adulto y del Adulto Mayor I', 'TSE-16', 8, NULL, 2, 6, 1011, 30, NULL, NULL, NULL, NULL, 3),
(48, 'Pr치ctica Profesionalizante II', 'TSE-17', 10, NULL, 2, 6, 1012, 30, NULL, NULL, NULL, NULL, 3),
(49, 'Organizaci칩n y Gesti칩n de Servicios de Enfermer칤a', 'TSE-18', 8, NULL, 3, 6, 1013, 30, NULL, NULL, NULL, NULL, 3),
(50, 'Aspectos Bio칠ticos y Legales de la Profesi칩n', 'TSE-19', 8, NULL, 3, 6, 1014, 30, NULL, NULL, NULL, NULL, 3),
(51, 'Enfermer칤a en Salud Mental', 'TSE-20', 8, NULL, 3, 6, 1015, 30, NULL, NULL, NULL, NULL, 3),
(52, 'Enfermer칤a del Adulto y del Adulto Mayor II', 'TSE-21', 8, NULL, 3, 6, 1016, 30, NULL, NULL, NULL, NULL, 3),
(53, 'Enfermer칤a Comunitaria y Pr치ctica Educativa en Salud', 'TSE-22', 10, NULL, 3, 6, 1017, 30, NULL, NULL, NULL, NULL, 3),
(54, 'Enfermer칤a en Emergencias y Cat치strofes', 'TSE-23', 8, NULL, 3, 6, 1018, 30, NULL, NULL, NULL, NULL, 3),
(55, 'Pr치ctica Profesionalizante III', 'TSE-24', 10, NULL, 3, 6, 1019, 30, NULL, NULL, NULL, NULL, 3),
(56, 'Pr치cticas Discursivas de la Comunicaci칩n I', 'PDI-1', 10, NULL, NULL, 5, 1005, 30, NULL, NULL, NULL, 1, 4),
(57, 'Gram치tica y Pr치cticas Discursivas I', 'PDI-2', 10, NULL, NULL, 5, 1006, 30, NULL, NULL, NULL, 1, 4),
(58, 'Gram치tica y Pr치cticas Discursivas II', 'PDI-3', 10, NULL, NULL, 5, 1007, 30, NULL, NULL, NULL, 1, 4),
(59, 'Fonolog칤a y Fon칠tica I', 'PDI-4', 6, NULL, NULL, 5, 1008, 30, NULL, NULL, NULL, 1, 4),
(60, 'Ingl칠s I (Lengua y Cultura)', 'PDI-5', 6, NULL, NULL, 5, 1009, 30, NULL, NULL, NULL, 1, 4),
(61, 'Pedagog칤a', 'PDI-6', 6, NULL, NULL, 5, 1010, 30, NULL, NULL, NULL, 1, 4),
(62, 'Historia y Pol칤tica de la Educaci칩n Argentina', 'PDI-7', 6, NULL, NULL, 5, 1011, 30, NULL, NULL, NULL, 1, 4),
(63, 'Pr치ctica Docente I: La Instituci칩n Educativa', 'PDI-8', 10, NULL, NULL, 5, 1012, 30, NULL, NULL, NULL, 1, 4),
(64, 'Pr치cticas Discursivas de la Comunicaci칩n II', 'PDI-9', 10, NULL, NULL, 5, 1013, 30, NULL, NULL, NULL, 2, 4),
(65, 'Gram치tica y Pr치cticas Discursivas III', 'PDI-10', 10, NULL, NULL, 5, 1014, 30, NULL, NULL, NULL, 2, 4),
(66, 'Gram치tica y Pr치cticas Discursivas IV', 'PDI-11', 10, NULL, NULL, 5, 1015, 30, NULL, NULL, NULL, 2, 4),
(67, 'Fonolog칤a y Fon칠tica II', 'PDI-12', 6, NULL, NULL, 5, 1016, 30, NULL, NULL, NULL, 2, 4),
(68, 'Ingl칠s II (Lengua y Cultura)', 'PDI-13', 6, NULL, NULL, 5, 1017, 30, NULL, NULL, NULL, 2, 4),
(69, 'Psicolog칤a Educacional', 'PDI-14', 6, NULL, NULL, 5, 1018, 30, NULL, NULL, NULL, 2, 4),
(70, 'Sociolog칤a de la Educaci칩n', 'PDI-15', 6, NULL, NULL, 5, 1019, 30, NULL, NULL, NULL, 2, 4),
(71, 'Did치ctica General', 'PDI-16', 6, NULL, NULL, 5, 1020, 30, NULL, NULL, NULL, 2, 4),
(72, 'Pr치ctica Docente II: La ense침anza en el Nivel Inicial y Primario', 'PDI-17', 10, NULL, NULL, 5, 1001, 30, NULL, NULL, NULL, 2, 4),
(73, 'Gram치tica y Pr치cticas Discursivas V', 'PDI-18', 10, NULL, NULL, 5, 1002, 30, NULL, NULL, NULL, 3, 4),
(74, 'Ling칲칤stica', 'PDI-19', 6, NULL, NULL, 5, 1003, 30, NULL, NULL, NULL, 3, 4),
(75, 'An치lisis del Discurso', 'PDI-20', 6, NULL, NULL, 5, 1004, 30, NULL, NULL, NULL, 3, 4),
(76, 'Literatura y Culturas Angl칩fonas', 'PDI-21', 6, NULL, NULL, 5, 1005, 30, NULL, NULL, NULL, 3, 4),
(77, 'Did치ctica de la Lengua Extranjera (Ingl칠s)', 'PDI-22', 6, NULL, NULL, 5, 1006, 30, NULL, NULL, NULL, 3, 4),
(78, 'Teor칤as del Aprendizaje', 'PDI-23', 6, NULL, NULL, 5, 1007, 30, NULL, NULL, NULL, 3, 4),
(79, 'Investigaci칩n Educativa', 'PDI-24', 6, NULL, NULL, 5, 1008, 30, NULL, NULL, NULL, 3, 4),
(80, 'Pr치ctica Docente III: La construcci칩n de la tarea docente espec칤fica', 'PDI-25', 10, NULL, NULL, 5, 1009, 30, NULL, NULL, NULL, 3, 4),
(81, 'Gram치tica y Pr치cticas Discursivas VI', 'PDI-26', 10, NULL, NULL, 5, 1010, 30, NULL, NULL, NULL, 4, 4),
(82, 'Manifestaciones Interculturales (Ingl칠s)', 'PDI-27', 6, NULL, NULL, 5, 1011, 30, NULL, NULL, NULL, 4, 4),
(83, 'Filosof칤a de la Educaci칩n', 'PDI-28', 6, NULL, NULL, 5, 1012, 30, NULL, NULL, NULL, 4, 4),
(84, 'Tecnolog칤as de la Informaci칩n y la Comunicaci칩n (TIC)', 'PDI-29', 6, NULL, NULL, 5, 1013, 30, NULL, NULL, NULL, 4, 4),
(85, 'Espacio de Definici칩n Institucional (EDI)', 'PDI-30', 6, NULL, NULL, 5, 1014, 30, NULL, NULL, NULL, 4, 4),
(86, 'Residencia Pedag칩gica / Pr치ctica Docente IV', 'PDI-31', 10, NULL, NULL, 5, 1015, 30, NULL, NULL, NULL, 4, 4),
(87, 'Introducci칩n al Campo del Acompa침amiento Terap칠utico', 'TSE-25', 6, NULL, NULL, 7, 1020, 30, NULL, NULL, NULL, 1, 3),
(88, 'Psicolog칤a General', 'TSE-26', 6, NULL, NULL, 7, 1001, 30, NULL, NULL, NULL, 1, 3),
(89, 'Problem치ticas Socioculturales de la Subjetividad', 'TSE-27', 6, NULL, NULL, 7, 1002, 30, NULL, NULL, NULL, 1, 3),
(90, 'Biolog칤a Humana y Neurociencias', 'TSE-28', 6, NULL, NULL, 7, 1003, 30, NULL, NULL, NULL, 1, 3),
(91, 'Salud P칰blica y Salud Mental Comunitaria', 'TSE-29', 6, NULL, NULL, 7, 1004, 30, NULL, NULL, NULL, 1, 3),
(92, 'Pr치ctica del Acompa침amiento I: Observaci칩n y Entrevista', 'TSE-30', 10, NULL, NULL, 7, 1005, 30, NULL, NULL, NULL, 1, 3),
(93, 'Psicopatolog칤a', 'TSE-31', 6, NULL, NULL, 7, 1006, 30, NULL, NULL, NULL, 2, 3),
(94, 'Discapacidad y Rehabilitaci칩n', 'TSE-32', 6, NULL, NULL, 7, 1007, 30, NULL, NULL, NULL, 2, 3),
(95, 'Cl칤nica del Acompa침amiento Terap칠utico en Ni침ez y Adolescencia', 'TSE-33', 6, NULL, NULL, 7, 1008, 30, NULL, NULL, NULL, 2, 3),
(96, 'Cl칤nica del Acompa침amiento Terap칠utico en Adultos y Adultos Mayores', 'TSE-34', 6, NULL, NULL, 7, 1009, 30, NULL, NULL, NULL, 2, 3),
(97, 'Farmacolog칤a en Salud Mental', 'TSE-35', 6, NULL, NULL, 7, 1010, 30, NULL, NULL, NULL, 2, 3),
(98, 'Dispositivos y Estrategias del Acompa침amiento Terap칠utico', 'TSE-36', 6, NULL, NULL, 7, 1011, 30, NULL, NULL, NULL, 2, 3),
(99, 'Pr치ctica del Acompa침amiento II: Intervenci칩n', 'TSE-37', 10, NULL, NULL, 7, 1012, 30, NULL, NULL, NULL, 2, 3),
(100, '칄tica y Deontolog칤a Profesional', 'TSE-38', 6, NULL, NULL, 7, 1013, 30, NULL, NULL, NULL, 3, 3),
(101, 'Marco Legal del Sistema de Salud', 'TSE-39', 6, NULL, NULL, 7, 1014, 30, NULL, NULL, NULL, 3, 3),
(102, 'Investigaci칩n en Salud', 'TSE-40', 6, NULL, NULL, 7, 1015, 30, NULL, NULL, NULL, 3, 3),
(103, 'Seminario de Integraci칩n Final', 'TSE-41', 6, NULL, NULL, 7, 1016, 30, NULL, NULL, NULL, 3, 3),
(104, 'Pr치ctica del Acompa침amiento III: Residencia', 'TSE-42', 10, NULL, NULL, 7, 1017, 30, NULL, NULL, NULL, 3, 3),
(105, 'Introducci칩n al Trabajo Social', 'TSE-43', 6, NULL, NULL, 8, 1018, 30, NULL, NULL, NULL, 1, 4),
(106, 'Teor칤a Social I', 'TSE-44', 6, NULL, NULL, 8, 1019, 30, NULL, NULL, NULL, 1, 4),
(107, 'Historia Argentina y Latinoamericana', 'TSE-45', 6, NULL, NULL, 8, 1020, 30, NULL, NULL, NULL, 1, 4),
(108, 'Filosof칤a', 'TSE-46', 6, NULL, NULL, 8, 1001, 30, NULL, NULL, NULL, 1, 4),
(109, 'Derecho Social', 'TSE-47', 6, NULL, NULL, 8, 1002, 30, NULL, NULL, NULL, 1, 4),
(110, 'Comunicaci칩n Social', 'TSE-48', 6, NULL, NULL, 8, 1003, 30, NULL, NULL, NULL, 1, 4),
(111, 'Taller de Pr치ctica Profesional I', 'TSE-49', 10, NULL, NULL, 8, 1004, 30, NULL, NULL, NULL, 1, 4),
(112, 'Teor칤a Social II', 'TSE-50', 6, NULL, NULL, 8, 1005, 30, NULL, NULL, NULL, 2, 4),
(113, 'Epistemolog칤a del Trabajo Social', 'TSE-51', 6, NULL, NULL, 8, 1006, 30, NULL, NULL, NULL, 2, 4),
(114, 'Econom칤a Social', 'TSE-52', 6, NULL, NULL, 8, 1007, 30, NULL, NULL, NULL, 2, 4),
(115, 'Pol칤tica Social I', 'TSE-53', 6, NULL, NULL, 8, 1008, 30, NULL, NULL, NULL, 2, 4),
(116, 'Salud P칰blica', 'TSE-54', 6, NULL, NULL, 8, 1009, 30, NULL, NULL, NULL, 2, 4),
(117, 'Taller de Pr치ctica Profesional II', 'TSE-55', 10, NULL, NULL, 8, 1010, 30, NULL, NULL, NULL, 2, 4),
(118, 'Metodolog칤a del Trabajo Social Individual y Familiar', 'TSE-56', 6, NULL, NULL, 8, 1011, 30, NULL, NULL, NULL, 3, 4),
(119, 'Metodolog칤a del Trabajo Social con Grupos', 'TSE-57', 6, NULL, NULL, 8, 1012, 30, NULL, NULL, NULL, 3, 4),
(120, 'Pol칤tica Social II', 'TSE-58', 6, NULL, NULL, 8, 1013, 30, NULL, NULL, NULL, 3, 4),
(121, 'Estad칤stica Aplicada a las Ciencias Sociales', 'TSE-59', 6, NULL, NULL, 8, 1014, 30, NULL, NULL, NULL, 3, 4),
(122, 'Taller de Pr치ctica Profesional III', 'TSE-60', 10, NULL, NULL, 8, 1015, 30, NULL, NULL, NULL, 3, 4),
(123, 'Metodolog칤a del Trabajo Social Comunitario', 'TSE-61', 6, NULL, NULL, 8, 1016, 30, NULL, NULL, NULL, 4, 4),
(124, 'Seminario de Investigaci칩n Social', 'TSE-62', 6, NULL, NULL, 8, 1017, 30, NULL, NULL, NULL, 4, 4),
(125, 'Planificaci칩n y Gesti칩n de Proyectos Sociales', 'TSE-63', 6, NULL, NULL, 8, 1018, 30, NULL, NULL, NULL, 4, 4),
(126, '칄tica y Deontolog칤a Profesional', 'TSE-64', 6, NULL, NULL, 8, 1019, 30, NULL, NULL, NULL, 4, 4),
(127, 'Taller de Pr치ctica Profesional IV', 'TSE-65', 10, NULL, NULL, 8, 1020, 30, NULL, NULL, NULL, 4, 4),
(128, 'Psicolog칤a del Desarrollo', 'TSE-66', 6, NULL, NULL, 9, 1001, 30, NULL, NULL, NULL, 1, 4),
(129, 'Neurobiolog칤a y Procesos Cognitivos', 'TSE-67', 6, NULL, NULL, 9, 1002, 30, NULL, NULL, NULL, 1, 4),
(130, 'Pedagog칤a', 'TSE-68', 6, NULL, NULL, 9, 1003, 30, NULL, NULL, NULL, 1, 4),
(131, 'Sociolog칤a de la Educaci칩n', 'TSE-69', 6, NULL, NULL, 9, 1004, 30, NULL, NULL, NULL, 1, 4),
(132, 'Introducci칩n a la Psicopedagog칤a', 'TSE-70', 6, NULL, NULL, 9, 1005, 30, NULL, NULL, NULL, 1, 4),
(133, 'Taller de Lectura, Escritura y Oralidad', 'TSE-71', 6, NULL, NULL, 9, 1006, 30, NULL, NULL, NULL, 1, 4),
(134, 'Pr치ctica Profesional I: Observaci칩n', 'TSE-72', 10, NULL, NULL, 9, 1007, 30, NULL, NULL, NULL, 1, 4),
(135, 'Psicolog칤a Educacional', 'TSE-73', 6, NULL, NULL, 9, 1008, 30, NULL, NULL, NULL, 2, 4),
(136, 'Diagn칩stico Psicopedag칩gico I', 'TSE-74', 6, NULL, NULL, 9, 1009, 30, NULL, NULL, NULL, 2, 4),
(137, 'Did치ctica General', 'TSE-75', 6, NULL, NULL, 9, 1010, 30, NULL, NULL, NULL, 2, 4),
(138, 'Problemas de Aprendizaje', 'TSE-76', 6, NULL, NULL, 9, 1011, 30, NULL, NULL, NULL, 2, 4),
(139, 'Psicoling칲칤stica y Desarrollo del Lenguaje', 'TSE-77', 6, NULL, NULL, 9, 1012, 30, NULL, NULL, NULL, 2, 4),
(140, 'Pr치ctica Profesional II: Entrevista', 'TSE-78', 10, NULL, NULL, 9, 1013, 30, NULL, NULL, NULL, 2, 4),
(141, 'Diagn칩stico Psicopedag칩gico II', 'TSE-79', 6, NULL, NULL, 9, 1014, 30, NULL, NULL, NULL, 3, 4),
(142, 'Intervenci칩n Psicopedag칩gica I', 'TSE-80', 6, NULL, NULL, 9, 1015, 30, NULL, NULL, NULL, 3, 4),
(143, 'Psicopatolog칤a', 'TSE-81', 6, NULL, NULL, 9, 1016, 30, NULL, NULL, NULL, 3, 4),
(144, 'Orientaci칩n Vocacional y Ocupacional', 'TSE-82', 6, NULL, NULL, 9, 1017, 30, NULL, NULL, NULL, 3, 4),
(145, 'Tecnolog칤a Educativa', 'TSE-83', 6, NULL, NULL, 9, 1018, 30, NULL, NULL, NULL, 3, 4),
(146, 'Pr치ctica Profesional III: Evaluaci칩n y Planificaci칩n', 'TSE-84', 10, NULL, NULL, 9, 1019, 30, NULL, NULL, NULL, 3, 4),
(147, 'Intervenci칩n Psicopedag칩gica II', 'TSE-85', 6, NULL, NULL, 9, 1020, 30, NULL, NULL, NULL, 4, 4),
(148, 'Discapacidad e Inclusi칩n Educativa', 'TSE-86', 6, NULL, NULL, 9, 1001, 30, NULL, NULL, NULL, 4, 4),
(149, 'Investigaci칩n Psicopedag칩gica', 'TSE-87', 6, NULL, NULL, 9, 1002, 30, NULL, NULL, NULL, 4, 4),
(150, '칄tica y Deontolog칤a Profesional', 'TSE-88', 6, NULL, NULL, 9, 1003, 30, NULL, NULL, NULL, 4, 4),
(151, 'Pr치ctica Profesional IV: Residencia', 'TSE-89', 10, NULL, NULL, 9, 1004, 30, NULL, NULL, NULL, 4, 4),
(152, 'Matem치tica Financiera I', 'TSE-90', 10, NULL, NULL, 10, 1005, 30, NULL, NULL, NULL, 1, 3),
(153, 'Administraci칩n General', 'TSE-91', 10, NULL, NULL, 10, 1006, 30, NULL, NULL, NULL, 1, 3),
(154, 'Contabilidad I', 'TSE-92', 10, NULL, NULL, 10, 1007, 30, NULL, NULL, NULL, 1, 3),
(155, 'Introducci칩n a la Econom칤a', 'TSE-93', 10, NULL, NULL, 10, 1008, 30, NULL, NULL, NULL, 1, 3),
(156, 'Legislaci칩n y Organizaci칩n Empresarial', 'TSE-94', 10, NULL, NULL, 10, 1009, 30, NULL, NULL, NULL, 1, 3),
(157, 'Pr치ctica Profesional I: Introducci칩n al Sector Financiero', 'TSE-95', 10, NULL, NULL, 10, 1010, 30, NULL, NULL, NULL, 1, 3),
(158, 'Matem치tica Financiera II', 'TSE-96', 10, NULL, NULL, 10, 1011, 30, NULL, NULL, NULL, 2, 3),
(159, 'Contabilidad II', 'TSE-97', 10, NULL, NULL, 10, 1012, 30, NULL, NULL, NULL, 2, 3),
(160, 'An치lisis de Estados Contables', 'TSE-98', 10, NULL, NULL, 10, 1013, 30, NULL, NULL, NULL, 2, 3),
(161, 'Mercado de Capitales', 'TSE-99', 10, NULL, NULL, 10, 1014, 30, NULL, NULL, NULL, 2, 3),
(162, 'Administraci칩n de Recursos Humanos', 'TSE-100', 10, NULL, NULL, 10, 1015, 30, NULL, NULL, NULL, 2, 3),
(163, 'Estad칤stica Aplicada', 'TSE-101', 10, NULL, NULL, 10, 1016, 30, NULL, NULL, NULL, 2, 3),
(164, 'Pr치ctica Profesional II: Herramientas de An치lisis', 'TSE-102', 10, NULL, NULL, 10, 1017, 30, NULL, NULL, NULL, 2, 3),
(165, 'Finanzas Corporativas', 'TSE-103', 10, NULL, NULL, 10, 1018, 30, NULL, NULL, NULL, 3, 3),
(166, 'Evaluaci칩n de Proyectos de Inversi칩n', 'TSE-104', 10, NULL, NULL, 10, 1019, 30, NULL, NULL, NULL, 3, 3),
(167, 'Tributaci칩n', 'TSE-105', 10, NULL, NULL, 10, 1020, 30, NULL, NULL, NULL, 3, 3),
(168, 'Gesti칩n de Riesgos Financieros', 'TSE-106', 10, NULL, NULL, 10, 1001, 30, NULL, NULL, NULL, 3, 3),
(169, 'Comercio Exterior y Finanzas Internacionales', 'TSE-107', 10, NULL, NULL, 10, 1002, 30, NULL, NULL, NULL, 3, 3),
(170, 'Pr치ctica Profesional III: Simulaci칩n y Gesti칩n', 'TSE-108', 10, NULL, NULL, 10, 1003, 30, NULL, NULL, NULL, 3, 3),
(171, 'Matem치tica Discreta', 'TSE-109', 8, NULL, NULL, 11, 1004, 30, NULL, NULL, NULL, 1, 3),
(172, 'L칩gica y Estructura de Datos', 'TSE-110', 8, NULL, NULL, 11, 1005, 30, NULL, NULL, NULL, 1, 3),
(173, 'Bases de Datos Relacionales y No Relacionales', 'TSE-111', 10, NULL, NULL, 11, 1006, 30, NULL, NULL, NULL, 1, 3),
(174, 'Programaci칩n I (Introducci칩n a Python)', 'TSE-112', 10, NULL, NULL, 11, 1007, 30, NULL, NULL, NULL, 1, 3),
(175, 'Estad칤stica Descriptiva y Probabilidad', 'TSE-113', 10, NULL, NULL, 11, 1008, 30, NULL, NULL, NULL, 1, 3),
(176, 'Pr치ctica Profesional I: Introducci칩n a Proyectos de Datos', 'TSE-114', 10, NULL, NULL, 11, 1009, 30, NULL, NULL, NULL, 1, 3),
(177, 'C치lculo y 츼lgebra Lineal', 'TSE-115', 8, NULL, NULL, 11, 1010, 30, NULL, NULL, NULL, 2, 3),
(178, 'Programaci칩n II (Python Avanzado para Datos)', 'TSE-116', 10, NULL, NULL, 11, 1011, 30, NULL, NULL, NULL, 2, 3),
(179, 'Aprendizaje Autom치tico (Machine Learning) I', 'TSE-117', 10, NULL, NULL, 11, 1012, 30, NULL, NULL, NULL, 2, 3),
(180, 'Visualizaci칩n de Datos y Storytelling', 'TSE-118', 10, NULL, NULL, 11, 1013, 30, NULL, NULL, NULL, 2, 3),
(181, 'An치lisis de Big Data', 'TSE-119', 8, NULL, NULL, 11, 1014, 30, NULL, NULL, NULL, 2, 3),
(182, 'Pr치ctica Profesional II: Desarrollo de Modelos', 'TSE-120', 10, NULL, NULL, 11, 1015, 30, NULL, NULL, NULL, 2, 3),
(183, 'Aprendizaje Autom치tico (Machine Learning) II', 'TSE-121', 10, NULL, NULL, 11, 1016, 30, NULL, NULL, NULL, 3, 3),
(184, 'Redes Neuronales y Deep Learning', 'TSE-122', 10, NULL, NULL, 11, 1017, 30, NULL, NULL, NULL, 3, 3),
(185, 'Procesamiento del Lenguaje Natural (NLP)', 'TSE-123', 10, NULL, NULL, 11, 1018, 30, NULL, NULL, NULL, 3, 3),
(186, '칄tica, Legalidad y Privacidad de Datos', 'TSE-124', 8, NULL, NULL, 11, 1019, 30, NULL, NULL, NULL, 3, 3),
(187, 'Optimizaci칩n de Algoritmos', 'TSE-125', 8, NULL, NULL, 11, 1020, 30, NULL, NULL, NULL, 3, 3),
(188, 'Pr치ctica Profesional III: Integraci칩n y Despliegue', 'TSE-126', 10, NULL, NULL, 11, 1001, 30, NULL, NULL, NULL, 3, 3),
(189, 'Pedagog칤a', 'PDE-25', 8, NULL, NULL, 4, NULL, 30, NULL, NULL, NULL, NULL, 4),
(190, 'Filosof칤a', 'PDE-26', 6, NULL, NULL, 4, NULL, 30, NULL, NULL, NULL, NULL, 4),
(191, 'Psicolog칤a Educacional', 'PDE-27', 8, NULL, NULL, 4, NULL, 30, NULL, NULL, NULL, NULL, 4),
(192, 'Sociolog칤a de la Educaci칩n', 'PDE-28', 8, NULL, NULL, 4, NULL, 30, NULL, NULL, NULL, NULL, 4),
(193, 'Sujeto de la Educaci칩n Inicial', 'PDE-29', 6, NULL, NULL, 4, NULL, 30, NULL, NULL, NULL, NULL, 4);

-- --------------------------------------------------------

--
-- Estructura de tabla para la tabla `inscripciones`
--

DROP TABLE IF EXISTS `inscripciones`;
CREATE TABLE `inscripciones` (
  `id_inscripcion` int(11) NOT NULL,
  `id_alumno` int(11) DEFAULT NULL,
  `id_curso` int(11) DEFAULT NULL,
  `fecha_inscripcion` date NOT NULL,
  `estado` varchar(50) NOT NULL DEFAULT 'Activo',
  `created_at` datetime DEFAULT NULL,
  `updated_at` datetime DEFAULT NULL,
  `deleted_at` datetime DEFAULT NULL
) ENGINE=InnoDB DEFAULT CHARSET=utf8mb4 COLLATE=utf8mb4_general_ci;

--
-- Volcado de datos para la tabla `inscripciones`
--

INSERT INTO `inscripciones` (`id_inscripcion`, `id_alumno`, `id_curso`, `fecha_inscripcion`, `estado`, `created_at`, `updated_at`, `deleted_at`) VALUES
(11, 16, 8, '2025-11-03', 'Activo', '2025-11-03 14:22:14', '2025-11-03 14:22:14', NULL),
(12, 58, 8, '2025-11-03', 'Activo', '2025-11-03 14:22:14', '2025-11-03 14:22:14', NULL),
(13, 69, 8, '2025-11-03', 'Activo', '2025-11-03 14:22:14', '2025-11-03 14:22:14', NULL),
(14, 72, 8, '2025-11-03', 'Activo', '2025-11-03 14:22:14', '2025-11-03 14:22:14', NULL),
(15, 90, 8, '2025-11-03', 'Activo', '2025-11-03 14:22:14', '2025-11-03 14:22:14', NULL),
(16, 101, 8, '2025-11-03', 'Activo', '2025-11-03 14:22:14', '2025-11-03 14:22:14', NULL),
(17, 108, 8, '2025-11-03', 'Activo', '2025-11-03 14:22:14', '2025-11-03 14:22:14', NULL),
(18, 131, 8, '2025-11-03', 'Activo', '2025-11-03 14:22:14', '2025-11-03 14:22:14', NULL),
(19, 144, 8, '2025-11-03', 'Activo', '2025-11-03 14:22:14', '2025-11-03 14:22:14', NULL),
(20, 169, 8, '2025-11-03', 'Activo', '2025-11-03 14:22:14', '2025-11-03 14:22:14', NULL),
(21, 177, 8, '2025-11-03', 'Activo', '2025-11-03 14:22:14', '2025-11-03 14:22:14', NULL),
(22, 180, 8, '2025-11-03', 'Activo', '2025-11-03 14:22:14', '2025-11-03 14:22:14', NULL),
(23, 16, 9, '2025-11-03', 'Activo', '2025-11-03 14:22:14', '2025-11-03 14:22:14', NULL),
(24, 58, 9, '2025-11-03', 'Activo', '2025-11-03 14:22:14', '2025-11-03 14:22:14', NULL),
(25, 69, 9, '2025-11-03', 'Activo', '2025-11-03 14:22:14', '2025-11-03 14:22:14', NULL),
(26, 72, 9, '2025-11-03', 'Activo', '2025-11-03 14:22:14', '2025-11-03 14:22:14', NULL),
(27, 90, 9, '2025-11-03', 'Activo', '2025-11-03 14:22:14', '2025-11-03 14:22:14', NULL),
(28, 101, 9, '2025-11-03', 'Activo', '2025-11-03 14:22:14', '2025-11-03 14:22:14', NULL),
(29, 108, 9, '2025-11-03', 'Activo', '2025-11-03 14:22:14', '2025-11-03 14:22:14', NULL),
(30, 131, 9, '2025-11-03', 'Activo', '2025-11-03 14:22:14', '2025-11-03 14:22:14', NULL),
(31, 144, 9, '2025-11-03', 'Activo', '2025-11-03 14:22:14', '2025-11-03 14:22:14', NULL),
(32, 169, 9, '2025-11-03', 'Activo', '2025-11-03 14:22:14', '2025-11-03 14:22:14', NULL),
(33, 177, 9, '2025-11-03', 'Activo', '2025-11-03 14:22:14', '2025-11-03 14:22:14', NULL),
(34, 180, 9, '2025-11-03', 'Activo', '2025-11-03 14:22:14', '2025-11-03 14:22:14', NULL),
(35, 16, 10, '2025-11-03', 'Activo', '2025-11-03 14:22:14', '2025-11-03 14:22:14', NULL),
(36, 58, 10, '2025-11-03', 'Activo', '2025-11-03 14:22:14', '2025-11-03 14:22:14', NULL),
(37, 69, 10, '2025-11-03', 'Activo', '2025-11-03 14:22:14', '2025-11-03 14:22:14', NULL),
(38, 72, 10, '2025-11-03', 'Activo', '2025-11-03 14:22:14', '2025-11-03 14:22:14', NULL),
(39, 90, 10, '2025-11-03', 'Activo', '2025-11-03 14:22:14', '2025-11-03 14:22:14', NULL),
(40, 101, 10, '2025-11-03', 'Activo', '2025-11-03 14:22:14', '2025-11-03 14:22:14', NULL),
(41, 108, 10, '2025-11-03', 'Activo', '2025-11-03 14:22:14', '2025-11-03 14:22:14', NULL),
(42, 131, 10, '2025-11-03', 'Activo', '2025-11-03 14:22:14', '2025-11-03 14:22:14', NULL),
(43, 144, 10, '2025-11-03', 'Activo', '2025-11-03 14:22:14', '2025-11-03 14:22:14', NULL),
(44, 169, 10, '2025-11-03', 'Activo', '2025-11-03 14:22:14', '2025-11-03 14:22:14', NULL),
(45, 177, 10, '2025-11-03', 'Activo', '2025-11-03 14:22:14', '2025-11-03 14:22:14', NULL),
(46, 180, 10, '2025-11-03', 'Activo', '2025-11-03 14:22:14', '2025-11-03 14:22:14', NULL),
(47, 16, 11, '2025-11-03', 'Activo', '2025-11-03 14:22:14', '2025-11-03 14:22:14', NULL),
(48, 58, 11, '2025-11-03', 'Activo', '2025-11-03 14:22:14', '2025-11-03 14:22:14', NULL),
(49, 69, 11, '2025-11-03', 'Activo', '2025-11-03 14:22:14', '2025-11-03 14:22:14', NULL),
(50, 72, 11, '2025-11-03', 'Activo', '2025-11-03 14:22:14', '2025-11-03 14:22:14', NULL),
(51, 90, 11, '2025-11-03', 'Activo', '2025-11-03 14:22:14', '2025-11-03 14:22:14', NULL),
(52, 101, 11, '2025-11-03', 'Activo', '2025-11-03 14:22:14', '2025-11-03 14:22:14', NULL),
(53, 108, 11, '2025-11-03', 'Activo', '2025-11-03 14:22:14', '2025-11-03 14:22:14', NULL),
(54, 131, 11, '2025-11-03', 'Activo', '2025-11-03 14:22:14', '2025-11-03 14:22:14', NULL),
(55, 144, 11, '2025-11-03', 'Activo', '2025-11-03 14:22:14', '2025-11-03 14:22:14', NULL),
(56, 169, 11, '2025-11-03', 'Activo', '2025-11-03 14:22:14', '2025-11-03 14:22:14', NULL),
(57, 177, 11, '2025-11-03', 'Activo', '2025-11-03 14:22:14', '2025-11-03 14:22:14', NULL),
(58, 180, 11, '2025-11-03', 'Activo', '2025-11-03 14:22:14', '2025-11-03 14:22:14', NULL),
(59, 16, 12, '2025-11-03', 'Activo', '2025-11-03 14:22:14', '2025-11-03 14:22:14', NULL),
(60, 58, 12, '2025-11-03', 'Activo', '2025-11-03 14:22:14', '2025-11-03 14:22:14', NULL),
(61, 69, 12, '2025-11-03', 'Activo', '2025-11-03 14:22:14', '2025-11-03 14:22:14', NULL),
(62, 72, 12, '2025-11-03', 'Activo', '2025-11-03 14:22:14', '2025-11-03 14:22:14', NULL),
(63, 90, 12, '2025-11-03', 'Activo', '2025-11-03 14:22:14', '2025-11-03 14:22:14', NULL),
(64, 101, 12, '2025-11-03', 'Activo', '2025-11-03 14:22:14', '2025-11-03 14:22:14', NULL),
(65, 108, 12, '2025-11-03', 'Activo', '2025-11-03 14:22:14', '2025-11-03 14:22:14', NULL),
(66, 131, 12, '2025-11-03', 'Activo', '2025-11-03 14:22:14', '2025-11-03 14:22:14', NULL),
(67, 144, 12, '2025-11-03', 'Activo', '2025-11-03 14:22:14', '2025-11-03 14:22:14', NULL),
(68, 169, 12, '2025-11-03', 'Activo', '2025-11-03 14:22:14', '2025-11-03 14:22:14', NULL),
(69, 177, 12, '2025-11-03', 'Activo', '2025-11-03 14:22:14', '2025-11-03 14:22:14', NULL),
(70, 180, 12, '2025-11-03', 'Activo', '2025-11-03 14:22:14', '2025-11-03 14:22:14', NULL),
(71, 16, 13, '2025-11-03', 'Activo', '2025-11-03 14:22:14', '2025-11-03 14:22:14', NULL),
(72, 58, 13, '2025-11-03', 'Activo', '2025-11-03 14:22:14', '2025-11-03 14:22:14', NULL),
(73, 69, 13, '2025-11-03', 'Activo', '2025-11-03 14:22:14', '2025-11-03 14:22:14', NULL),
(74, 72, 13, '2025-11-03', 'Activo', '2025-11-03 14:22:14', '2025-11-03 14:22:14', NULL),
(75, 90, 13, '2025-11-03', 'Activo', '2025-11-03 14:22:14', '2025-11-03 14:22:14', NULL),
(76, 101, 13, '2025-11-03', 'Activo', '2025-11-03 14:22:14', '2025-11-03 14:22:14', NULL),
(77, 108, 13, '2025-11-03', 'Activo', '2025-11-03 14:22:14', '2025-11-03 14:22:14', NULL),
(78, 131, 13, '2025-11-03', 'Activo', '2025-11-03 14:22:14', '2025-11-03 14:22:14', NULL),
(79, 144, 13, '2025-11-03', 'Activo', '2025-11-03 14:22:14', '2025-11-03 14:22:14', NULL),
(80, 169, 13, '2025-11-03', 'Activo', '2025-11-03 14:22:14', '2025-11-03 14:22:14', NULL),
(81, 177, 13, '2025-11-03', 'Activo', '2025-11-03 14:22:14', '2025-11-03 14:22:14', NULL),
(82, 180, 13, '2025-11-03', 'Activo', '2025-11-03 14:22:14', '2025-11-03 14:22:14', NULL),
(83, 16, 14, '2025-11-03', 'Activo', '2025-11-03 14:22:14', '2025-11-03 14:22:14', NULL),
(84, 58, 14, '2025-11-03', 'Activo', '2025-11-03 14:22:14', '2025-11-03 14:22:14', NULL),
(85, 69, 14, '2025-11-03', 'Activo', '2025-11-03 14:22:14', '2025-11-03 14:22:14', NULL),
(86, 72, 14, '2025-11-03', 'Activo', '2025-11-03 14:22:14', '2025-11-03 14:22:14', NULL),
(87, 90, 14, '2025-11-03', 'Activo', '2025-11-03 14:22:14', '2025-11-03 14:22:14', NULL),
(88, 101, 14, '2025-11-03', 'Activo', '2025-11-03 14:22:14', '2025-11-03 14:22:14', NULL),
(89, 108, 14, '2025-11-03', 'Activo', '2025-11-03 14:22:14', '2025-11-03 14:22:14', NULL),
(90, 131, 14, '2025-11-03', 'Activo', '2025-11-03 14:22:14', '2025-11-03 14:22:14', NULL),
(91, 144, 14, '2025-11-03', 'Activo', '2025-11-03 14:22:14', '2025-11-03 14:22:14', NULL),
(92, 169, 14, '2025-11-03', 'Activo', '2025-11-03 14:22:14', '2025-11-03 14:22:14', NULL),
(93, 177, 14, '2025-11-03', 'Activo', '2025-11-03 14:22:14', '2025-11-03 14:22:14', NULL),
(94, 180, 14, '2025-11-03', 'Activo', '2025-11-03 14:22:14', '2025-11-03 14:22:14', NULL),
(95, 16, 15, '2025-11-03', 'Activo', '2025-11-03 14:22:14', '2025-11-03 14:22:14', NULL),
(96, 58, 15, '2025-11-03', 'Activo', '2025-11-03 14:22:14', '2025-11-03 14:22:14', NULL),
(97, 69, 15, '2025-11-03', 'Activo', '2025-11-03 14:22:14', '2025-11-03 14:22:14', NULL),
(98, 72, 15, '2025-11-03', 'Activo', '2025-11-03 14:22:14', '2025-11-03 14:22:14', NULL),
(99, 90, 15, '2025-11-03', 'Activo', '2025-11-03 14:22:14', '2025-11-03 14:22:14', NULL),
(100, 101, 15, '2025-11-03', 'Activo', '2025-11-03 14:22:14', '2025-11-03 14:22:14', NULL),
(101, 108, 15, '2025-11-03', 'Activo', '2025-11-03 14:22:14', '2025-11-03 14:22:14', NULL),
(102, 131, 15, '2025-11-03', 'Activo', '2025-11-03 14:22:14', '2025-11-03 14:22:14', NULL),
(103, 144, 15, '2025-11-03', 'Activo', '2025-11-03 14:22:14', '2025-11-03 14:22:14', NULL),
(104, 169, 15, '2025-11-03', 'Activo', '2025-11-03 14:22:14', '2025-11-03 14:22:14', NULL),
(105, 177, 15, '2025-11-03', 'Activo', '2025-11-03 14:22:14', '2025-11-03 14:22:14', NULL),
(106, 180, 15, '2025-11-03', 'Activo', '2025-11-03 14:22:14', '2025-11-03 14:22:14', NULL),
(107, 68, 16, '2025-11-03', 'Activo', '2025-11-03 14:22:14', '2025-11-03 14:22:14', NULL),
(108, 68, 17, '2025-11-03', 'Activo', '2025-11-03 14:22:14', '2025-11-03 14:22:14', NULL),
(109, 68, 18, '2025-11-03', 'Activo', '2025-11-03 14:22:14', '2025-11-03 14:22:14', NULL),
(110, 68, 19, '2025-11-03', 'Activo', '2025-11-03 14:22:14', '2025-11-03 14:22:14', NULL),
(111, 68, 20, '2025-11-03', 'Activo', '2025-11-03 14:22:14', '2025-11-03 14:22:14', NULL),
(112, 68, 21, '2025-11-03', 'Activo', '2025-11-03 14:22:14', '2025-11-03 14:22:14', NULL),
(113, 68, 22, '2025-11-03', 'Activo', '2025-11-03 14:22:14', '2025-11-03 14:22:14', NULL),
(114, 14, 23, '2025-11-03', 'Activo', '2025-11-03 14:22:14', '2025-11-03 14:22:14', NULL),
(115, 24, 23, '2025-11-03', 'Activo', '2025-11-03 14:22:14', '2025-11-03 14:22:14', NULL),
(116, 80, 23, '2025-11-03', 'Activo', '2025-11-03 14:22:14', '2025-11-03 14:22:14', NULL),
(117, 98, 23, '2025-11-03', 'Activo', '2025-11-03 14:22:14', '2025-11-03 14:22:14', NULL),
(118, 126, 23, '2025-11-03', 'Activo', '2025-11-03 14:22:14', '2025-11-03 14:22:14', NULL),
(119, 162, 23, '2025-11-03', 'Activo', '2025-11-03 14:22:14', '2025-11-03 14:22:14', NULL),
(120, 14, 24, '2025-11-03', 'Activo', '2025-11-03 14:22:14', '2025-11-03 14:22:14', NULL),
(121, 24, 24, '2025-11-03', 'Activo', '2025-11-03 14:22:14', '2025-11-03 14:22:14', NULL),
(122, 80, 24, '2025-11-03', 'Activo', '2025-11-03 14:22:14', '2025-11-03 14:22:14', NULL),
(123, 98, 24, '2025-11-03', 'Activo', '2025-11-03 14:22:14', '2025-11-03 14:22:14', NULL),
(124, 126, 24, '2025-11-03', 'Activo', '2025-11-03 14:22:14', '2025-11-03 14:22:14', NULL),
(125, 162, 24, '2025-11-03', 'Activo', '2025-11-03 14:22:14', '2025-11-03 14:22:14', NULL),
(126, 14, 25, '2025-11-03', 'Activo', '2025-11-03 14:22:14', '2025-11-03 14:22:14', NULL),
(127, 24, 25, '2025-11-03', 'Activo', '2025-11-03 14:22:14', '2025-11-03 14:22:14', NULL),
(128, 80, 25, '2025-11-03', 'Activo', '2025-11-03 14:22:14', '2025-11-03 14:22:14', NULL),
(129, 98, 25, '2025-11-03', 'Activo', '2025-11-03 14:22:14', '2025-11-03 14:22:14', NULL),
(130, 126, 25, '2025-11-03', 'Activo', '2025-11-03 14:22:14', '2025-11-03 14:22:14', NULL),
(131, 162, 25, '2025-11-03', 'Activo', '2025-11-03 14:22:14', '2025-11-03 14:22:14', NULL),
(132, 14, 26, '2025-11-03', 'Activo', '2025-11-03 14:22:14', '2025-11-03 14:22:14', NULL),
(133, 24, 26, '2025-11-03', 'Activo', '2025-11-03 14:22:14', '2025-11-03 14:22:14', NULL),
(134, 80, 26, '2025-11-03', 'Activo', '2025-11-03 14:22:14', '2025-11-03 14:22:14', NULL),
(135, 98, 26, '2025-11-03', 'Activo', '2025-11-03 14:22:14', '2025-11-03 14:22:14', NULL),
(136, 126, 26, '2025-11-03', 'Activo', '2025-11-03 14:22:14', '2025-11-03 14:22:14', NULL),
(137, 162, 26, '2025-11-03', 'Activo', '2025-11-03 14:22:14', '2025-11-03 14:22:14', NULL),
(138, 14, 27, '2025-11-03', 'Activo', '2025-11-03 14:22:14', '2025-11-03 14:22:14', NULL),
(139, 24, 27, '2025-11-03', 'Activo', '2025-11-03 14:22:14', '2025-11-03 14:22:14', NULL),
(140, 80, 27, '2025-11-03', 'Activo', '2025-11-03 14:22:14', '2025-11-03 14:22:14', NULL),
(141, 98, 27, '2025-11-03', 'Activo', '2025-11-03 14:22:14', '2025-11-03 14:22:14', NULL),
(142, 126, 27, '2025-11-03', 'Activo', '2025-11-03 14:22:14', '2025-11-03 14:22:14', NULL),
(143, 162, 27, '2025-11-03', 'Activo', '2025-11-03 14:22:14', '2025-11-03 14:22:14', NULL),
(144, 14, 28, '2025-11-03', 'Activo', '2025-11-03 14:22:14', '2025-11-03 14:22:14', NULL),
(145, 24, 28, '2025-11-03', 'Activo', '2025-11-03 14:22:14', '2025-11-03 14:22:14', NULL),
(146, 80, 28, '2025-11-03', 'Activo', '2025-11-03 14:22:14', '2025-11-03 14:22:14', NULL),
(147, 98, 28, '2025-11-03', 'Activo', '2025-11-03 14:22:14', '2025-11-03 14:22:14', NULL),
(148, 126, 28, '2025-11-03', 'Activo', '2025-11-03 14:22:14', '2025-11-03 14:22:14', NULL),
(149, 162, 28, '2025-11-03', 'Activo', '2025-11-03 14:22:14', '2025-11-03 14:22:14', NULL),
(150, 124, 29, '2025-11-03', 'Activo', '2025-11-03 14:22:14', '2025-11-03 14:22:14', NULL),
(151, 166, 29, '2025-11-03', 'Activo', '2025-11-03 14:22:14', '2025-11-03 14:22:14', NULL),
(152, 124, 30, '2025-11-03', 'Activo', '2025-11-03 14:22:14', '2025-11-03 14:22:14', NULL),
(153, 166, 30, '2025-11-03', 'Activo', '2025-11-03 14:22:14', '2025-11-03 14:22:14', NULL),
(154, 124, 31, '2025-11-03', 'Activo', '2025-11-03 14:22:14', '2025-11-03 14:22:14', NULL),
(155, 166, 31, '2025-11-03', 'Activo', '2025-11-03 14:22:14', '2025-11-03 14:22:14', NULL),
(156, 12, 32, '2025-11-03', 'Activo', '2025-11-03 14:22:14', '2025-11-03 14:22:14', NULL),
(157, 17, 32, '2025-11-03', 'Activo', '2025-11-03 14:22:14', '2025-11-03 14:22:14', NULL),
(158, 87, 32, '2025-11-03', 'Activo', '2025-11-03 14:22:14', '2025-11-03 14:22:14', NULL),
(159, 12, 33, '2025-11-03', 'Activo', '2025-11-03 14:22:14', '2025-11-03 14:22:14', NULL),
(160, 17, 33, '2025-11-03', 'Activo', '2025-11-03 14:22:14', '2025-11-03 14:22:14', NULL),
(161, 87, 33, '2025-11-03', 'Activo', '2025-11-03 14:22:14', '2025-11-03 14:22:14', NULL),
(162, 12, 34, '2025-11-03', 'Activo', '2025-11-03 14:22:14', '2025-11-03 14:22:14', NULL),
(163, 17, 34, '2025-11-03', 'Activo', '2025-11-03 14:22:14', '2025-11-03 14:22:14', NULL),
(164, 87, 34, '2025-11-03', 'Activo', '2025-11-03 14:22:14', '2025-11-03 14:22:14', NULL),
(165, 12, 35, '2025-11-03', 'Activo', '2025-11-03 14:22:14', '2025-11-03 14:22:14', NULL),
(166, 17, 35, '2025-11-03', 'Activo', '2025-11-03 14:22:14', '2025-11-03 14:22:14', NULL),
(167, 87, 35, '2025-11-03', 'Activo', '2025-11-03 14:22:14', '2025-11-03 14:22:14', NULL),
(168, 12, 36, '2025-11-03', 'Activo', '2025-11-03 14:22:14', '2025-11-03 14:22:14', NULL),
(169, 17, 36, '2025-11-03', 'Activo', '2025-11-03 14:22:14', '2025-11-03 14:22:14', NULL),
(170, 87, 36, '2025-11-03', 'Activo', '2025-11-03 14:22:14', '2025-11-03 14:22:14', NULL),
(171, 12, 37, '2025-11-03', 'Activo', '2025-11-03 14:22:14', '2025-11-03 14:22:14', NULL),
(172, 17, 37, '2025-11-03', 'Activo', '2025-11-03 14:22:14', '2025-11-03 14:22:14', NULL),
(173, 87, 37, '2025-11-03', 'Activo', '2025-11-03 14:22:14', '2025-11-03 14:22:14', NULL),
(174, 12, 38, '2025-11-03', 'Activo', '2025-11-03 14:22:14', '2025-11-03 14:22:14', NULL),
(175, 17, 38, '2025-11-03', 'Activo', '2025-11-03 14:22:14', '2025-11-03 14:22:14', NULL),
(176, 87, 38, '2025-11-03', 'Activo', '2025-11-03 14:22:14', '2025-11-03 14:22:14', NULL),
(177, 12, 39, '2025-11-03', 'Activo', '2025-11-03 14:22:14', '2025-11-03 14:22:14', NULL),
(178, 17, 39, '2025-11-03', 'Activo', '2025-11-03 14:22:14', '2025-11-03 14:22:14', NULL),
(179, 87, 39, '2025-11-03', 'Activo', '2025-11-03 14:22:14', '2025-11-03 14:22:14', NULL),
(180, 65, 40, '2025-11-03', 'Activo', '2025-11-03 14:22:14', '2025-11-03 14:22:14', NULL),
(181, 79, 40, '2025-11-03', 'Activo', '2025-11-03 14:22:14', '2025-11-03 14:22:14', NULL),
(182, 91, 40, '2025-11-03', 'Activo', '2025-11-03 14:22:14', '2025-11-03 14:22:14', NULL),
(183, 149, 40, '2025-11-03', 'Activo', '2025-11-03 14:22:14', '2025-11-03 14:22:14', NULL),
(184, 161, 40, '2025-11-03', 'Activo', '2025-11-03 14:22:14', '2025-11-03 14:22:14', NULL),
(185, 65, 41, '2025-11-03', 'Activo', '2025-11-03 14:22:14', '2025-11-03 14:22:14', NULL),
(186, 79, 41, '2025-11-03', 'Activo', '2025-11-03 14:22:14', '2025-11-03 14:22:14', NULL),
(187, 91, 41, '2025-11-03', 'Activo', '2025-11-03 14:22:14', '2025-11-03 14:22:14', NULL),
(188, 149, 41, '2025-11-03', 'Activo', '2025-11-03 14:22:14', '2025-11-03 14:22:14', NULL),
(189, 161, 41, '2025-11-03', 'Activo', '2025-11-03 14:22:14', '2025-11-03 14:22:14', NULL),
(190, 65, 42, '2025-11-03', 'Activo', '2025-11-03 14:22:14', '2025-11-03 14:22:14', NULL),
(191, 79, 42, '2025-11-03', 'Activo', '2025-11-03 14:22:14', '2025-11-03 14:22:14', NULL),
(192, 91, 42, '2025-11-03', 'Activo', '2025-11-03 14:22:14', '2025-11-03 14:22:14', NULL),
(193, 149, 42, '2025-11-03', 'Activo', '2025-11-03 14:22:14', '2025-11-03 14:22:14', NULL),
(194, 161, 42, '2025-11-03', 'Activo', '2025-11-03 14:22:14', '2025-11-03 14:22:14', NULL),
(195, 65, 43, '2025-11-03', 'Activo', '2025-11-03 14:22:14', '2025-11-03 14:22:14', NULL),
(196, 79, 43, '2025-11-03', 'Activo', '2025-11-03 14:22:14', '2025-11-03 14:22:14', NULL),
(197, 91, 43, '2025-11-03', 'Activo', '2025-11-03 14:22:14', '2025-11-03 14:22:14', NULL),
(198, 149, 43, '2025-11-03', 'Activo', '2025-11-03 14:22:14', '2025-11-03 14:22:14', NULL),
(199, 161, 43, '2025-11-03', 'Activo', '2025-11-03 14:22:14', '2025-11-03 14:22:14', NULL),
(200, 65, 44, '2025-11-03', 'Activo', '2025-11-03 14:22:14', '2025-11-03 14:22:14', NULL),
(201, 79, 44, '2025-11-03', 'Activo', '2025-11-03 14:22:14', '2025-11-03 14:22:14', NULL),
(202, 91, 44, '2025-11-03', 'Activo', '2025-11-03 14:22:14', '2025-11-03 14:22:14', NULL),
(203, 149, 44, '2025-11-03', 'Activo', '2025-11-03 14:22:14', '2025-11-03 14:22:14', NULL),
(204, 161, 44, '2025-11-03', 'Activo', '2025-11-03 14:22:14', '2025-11-03 14:22:14', NULL),
(205, 65, 45, '2025-11-03', 'Activo', '2025-11-03 14:22:14', '2025-11-03 14:22:14', NULL),
(206, 79, 45, '2025-11-03', 'Activo', '2025-11-03 14:22:14', '2025-11-03 14:22:14', NULL),
(207, 91, 45, '2025-11-03', 'Activo', '2025-11-03 14:22:14', '2025-11-03 14:22:14', NULL),
(208, 149, 45, '2025-11-03', 'Activo', '2025-11-03 14:22:14', '2025-11-03 14:22:14', NULL),
(209, 161, 45, '2025-11-03', 'Activo', '2025-11-03 14:22:14', '2025-11-03 14:22:14', NULL),
(210, 65, 46, '2025-11-03', 'Activo', '2025-11-03 14:22:14', '2025-11-03 14:22:14', NULL),
(211, 79, 46, '2025-11-03', 'Activo', '2025-11-03 14:22:14', '2025-11-03 14:22:14', NULL),
(212, 91, 46, '2025-11-03', 'Activo', '2025-11-03 14:22:14', '2025-11-03 14:22:14', NULL),
(213, 149, 46, '2025-11-03', 'Activo', '2025-11-03 14:22:14', '2025-11-03 14:22:14', NULL),
(214, 161, 46, '2025-11-03', 'Activo', '2025-11-03 14:22:14', '2025-11-03 14:22:14', NULL),
(215, 65, 47, '2025-11-03', 'Activo', '2025-11-03 14:22:14', '2025-11-03 14:22:14', NULL),
(216, 79, 47, '2025-11-03', 'Activo', '2025-11-03 14:22:14', '2025-11-03 14:22:14', NULL),
(217, 91, 47, '2025-11-03', 'Activo', '2025-11-03 14:22:14', '2025-11-03 14:22:14', NULL),
(218, 149, 47, '2025-11-03', 'Activo', '2025-11-03 14:22:14', '2025-11-03 14:22:14', NULL),
(219, 161, 47, '2025-11-03', 'Activo', '2025-11-03 14:22:14', '2025-11-03 14:22:14', NULL),
(220, 65, 48, '2025-11-03', 'Activo', '2025-11-03 14:22:14', '2025-11-03 14:22:14', NULL),
(221, 79, 48, '2025-11-03', 'Activo', '2025-11-03 14:22:14', '2025-11-03 14:22:14', NULL),
(222, 91, 48, '2025-11-03', 'Activo', '2025-11-03 14:22:14', '2025-11-03 14:22:14', NULL),
(223, 149, 48, '2025-11-03', 'Activo', '2025-11-03 14:22:14', '2025-11-03 14:22:14', NULL),
(224, 161, 48, '2025-11-03', 'Activo', '2025-11-03 14:22:14', '2025-11-03 14:22:14', NULL),
(225, 29, 49, '2025-11-03', 'Activo', '2025-11-03 14:22:14', '2025-11-03 14:22:14', NULL),
(226, 83, 49, '2025-11-03', 'Activo', '2025-11-03 14:22:14', '2025-11-03 14:22:14', NULL),
(227, 84, 49, '2025-11-03', 'Activo', '2025-11-03 14:22:14', '2025-11-03 14:22:14', NULL),
(228, 94, 49, '2025-11-03', 'Activo', '2025-11-03 14:22:14', '2025-11-03 14:22:14', NULL),
(229, 103, 49, '2025-11-03', 'Activo', '2025-11-03 14:22:14', '2025-11-03 14:22:14', NULL),
(230, 157, 49, '2025-11-03', 'Activo', '2025-11-03 14:22:14', '2025-11-03 14:22:14', NULL),
(231, 29, 50, '2025-11-03', 'Activo', '2025-11-03 14:22:14', '2025-11-03 14:22:14', NULL),
(232, 83, 50, '2025-11-03', 'Activo', '2025-11-03 14:22:14', '2025-11-03 14:22:14', NULL),
(233, 84, 50, '2025-11-03', 'Activo', '2025-11-03 14:22:14', '2025-11-03 14:22:14', NULL),
(234, 94, 50, '2025-11-03', 'Activo', '2025-11-03 14:22:14', '2025-11-03 14:22:14', NULL),
(235, 103, 50, '2025-11-03', 'Activo', '2025-11-03 14:22:14', '2025-11-03 14:22:14', NULL),
(236, 157, 50, '2025-11-03', 'Activo', '2025-11-03 14:22:14', '2025-11-03 14:22:14', NULL),
(237, 29, 51, '2025-11-03', 'Activo', '2025-11-03 14:22:14', '2025-11-03 14:22:14', NULL),
(238, 83, 51, '2025-11-03', 'Activo', '2025-11-03 14:22:14', '2025-11-03 14:22:14', NULL),
(239, 84, 51, '2025-11-03', 'Activo', '2025-11-03 14:22:14', '2025-11-03 14:22:14', NULL),
(240, 94, 51, '2025-11-03', 'Activo', '2025-11-03 14:22:14', '2025-11-03 14:22:14', NULL),
(241, 103, 51, '2025-11-03', 'Activo', '2025-11-03 14:22:14', '2025-11-03 14:22:14', NULL),
(242, 157, 51, '2025-11-03', 'Activo', '2025-11-03 14:22:14', '2025-11-03 14:22:14', NULL),
(243, 29, 52, '2025-11-03', 'Activo', '2025-11-03 14:22:14', '2025-11-03 14:22:14', NULL),
(244, 83, 52, '2025-11-03', 'Activo', '2025-11-03 14:22:14', '2025-11-03 14:22:14', NULL),
(245, 84, 52, '2025-11-03', 'Activo', '2025-11-03 14:22:14', '2025-11-03 14:22:14', NULL),
(246, 94, 52, '2025-11-03', 'Activo', '2025-11-03 14:22:14', '2025-11-03 14:22:14', NULL),
(247, 103, 52, '2025-11-03', 'Activo', '2025-11-03 14:22:14', '2025-11-03 14:22:14', NULL),
(248, 157, 52, '2025-11-03', 'Activo', '2025-11-03 14:22:14', '2025-11-03 14:22:14', NULL),
(249, 29, 53, '2025-11-03', 'Activo', '2025-11-03 14:22:14', '2025-11-03 14:22:14', NULL),
(250, 83, 53, '2025-11-03', 'Activo', '2025-11-03 14:22:14', '2025-11-03 14:22:14', NULL),
(251, 84, 53, '2025-11-03', 'Activo', '2025-11-03 14:22:14', '2025-11-03 14:22:14', NULL),
(252, 94, 53, '2025-11-03', 'Activo', '2025-11-03 14:22:14', '2025-11-03 14:22:14', NULL),
(253, 103, 53, '2025-11-03', 'Activo', '2025-11-03 14:22:14', '2025-11-03 14:22:14', NULL),
(254, 157, 53, '2025-11-03', 'Activo', '2025-11-03 14:22:14', '2025-11-03 14:22:14', NULL),
(255, 29, 54, '2025-11-03', 'Activo', '2025-11-03 14:22:14', '2025-11-03 14:22:14', NULL),
(256, 83, 54, '2025-11-03', 'Activo', '2025-11-03 14:22:14', '2025-11-03 14:22:14', NULL),
(257, 84, 54, '2025-11-03', 'Activo', '2025-11-03 14:22:14', '2025-11-03 14:22:14', NULL),
(258, 94, 54, '2025-11-03', 'Activo', '2025-11-03 14:22:14', '2025-11-03 14:22:14', NULL),
(259, 103, 54, '2025-11-03', 'Activo', '2025-11-03 14:22:14', '2025-11-03 14:22:14', NULL),
(260, 157, 54, '2025-11-03', 'Activo', '2025-11-03 14:22:14', '2025-11-03 14:22:14', NULL),
(261, 29, 55, '2025-11-03', 'Activo', '2025-11-03 14:22:14', '2025-11-03 14:22:14', NULL),
(262, 83, 55, '2025-11-03', 'Activo', '2025-11-03 14:22:14', '2025-11-03 14:22:14', NULL),
(263, 84, 55, '2025-11-03', 'Activo', '2025-11-03 14:22:14', '2025-11-03 14:22:14', NULL),
(264, 94, 55, '2025-11-03', 'Activo', '2025-11-03 14:22:14', '2025-11-03 14:22:14', NULL),
(265, 103, 55, '2025-11-03', 'Activo', '2025-11-03 14:22:14', '2025-11-03 14:22:14', NULL),
(266, 157, 55, '2025-11-03', 'Activo', '2025-11-03 14:22:14', '2025-11-03 14:22:14', NULL),
(267, 26, 56, '2025-11-03', 'Activo', '2025-11-03 14:22:14', '2025-11-03 14:22:14', NULL),
(268, 35, 56, '2025-11-03', 'Activo', '2025-11-03 14:22:14', '2025-11-03 14:22:14', NULL),
(269, 36, 56, '2025-11-03', 'Activo', '2025-11-03 14:22:14', '2025-11-03 14:22:14', NULL),
(270, 50, 56, '2025-11-03', 'Activo', '2025-11-03 14:22:14', '2025-11-03 14:22:14', NULL),
(271, 61, 56, '2025-11-03', 'Activo', '2025-11-03 14:22:14', '2025-11-03 14:22:14', NULL),
(272, 96, 56, '2025-11-03', 'Activo', '2025-11-03 14:22:14', '2025-11-03 14:22:14', NULL),
(273, 121, 56, '2025-11-03', 'Activo', '2025-11-03 14:22:14', '2025-11-03 14:22:14', NULL),
(274, 128, 56, '2025-11-03', 'Activo', '2025-11-03 14:22:14', '2025-11-03 14:22:14', NULL),
(275, 167, 56, '2025-11-03', 'Activo', '2025-11-03 14:22:14', '2025-11-03 14:22:14', NULL),
(276, 26, 57, '2025-11-03', 'Activo', '2025-11-03 14:22:14', '2025-11-03 14:22:14', NULL),
(277, 35, 57, '2025-11-03', 'Activo', '2025-11-03 14:22:14', '2025-11-03 14:22:14', NULL),
(278, 36, 57, '2025-11-03', 'Activo', '2025-11-03 14:22:14', '2025-11-03 14:22:14', NULL),
(279, 50, 57, '2025-11-03', 'Activo', '2025-11-03 14:22:14', '2025-11-03 14:22:14', NULL),
(280, 61, 57, '2025-11-03', 'Activo', '2025-11-03 14:22:14', '2025-11-03 14:22:14', NULL),
(281, 96, 57, '2025-11-03', 'Activo', '2025-11-03 14:22:14', '2025-11-03 14:22:14', NULL),
(282, 121, 57, '2025-11-03', 'Activo', '2025-11-03 14:22:14', '2025-11-03 14:22:14', NULL),
(283, 128, 57, '2025-11-03', 'Activo', '2025-11-03 14:22:14', '2025-11-03 14:22:14', NULL),
(284, 167, 57, '2025-11-03', 'Activo', '2025-11-03 14:22:14', '2025-11-03 14:22:14', NULL),
(285, 26, 58, '2025-11-03', 'Activo', '2025-11-03 14:22:14', '2025-11-03 14:22:14', NULL),
(286, 35, 58, '2025-11-03', 'Activo', '2025-11-03 14:22:14', '2025-11-03 14:22:14', NULL),
(287, 36, 58, '2025-11-03', 'Activo', '2025-11-03 14:22:14', '2025-11-03 14:22:14', NULL),
(288, 50, 58, '2025-11-03', 'Activo', '2025-11-03 14:22:14', '2025-11-03 14:22:14', NULL),
(289, 61, 58, '2025-11-03', 'Activo', '2025-11-03 14:22:14', '2025-11-03 14:22:14', NULL),
(290, 96, 58, '2025-11-03', 'Activo', '2025-11-03 14:22:14', '2025-11-03 14:22:14', NULL),
(291, 121, 58, '2025-11-03', 'Activo', '2025-11-03 14:22:14', '2025-11-03 14:22:14', NULL),
(292, 128, 58, '2025-11-03', 'Activo', '2025-11-03 14:22:14', '2025-11-03 14:22:14', NULL),
(293, 167, 58, '2025-11-03', 'Activo', '2025-11-03 14:22:14', '2025-11-03 14:22:14', NULL),
(294, 26, 59, '2025-11-03', 'Activo', '2025-11-03 14:22:14', '2025-11-03 14:22:14', NULL),
(295, 35, 59, '2025-11-03', 'Activo', '2025-11-03 14:22:14', '2025-11-03 14:22:14', NULL),
(296, 36, 59, '2025-11-03', 'Activo', '2025-11-03 14:22:14', '2025-11-03 14:22:14', NULL),
(297, 50, 59, '2025-11-03', 'Activo', '2025-11-03 14:22:14', '2025-11-03 14:22:14', NULL),
(298, 61, 59, '2025-11-03', 'Activo', '2025-11-03 14:22:14', '2025-11-03 14:22:14', NULL),
(299, 96, 59, '2025-11-03', 'Activo', '2025-11-03 14:22:14', '2025-11-03 14:22:14', NULL),
(300, 121, 59, '2025-11-03', 'Activo', '2025-11-03 14:22:14', '2025-11-03 14:22:14', NULL),
(301, 128, 59, '2025-11-03', 'Activo', '2025-11-03 14:22:14', '2025-11-03 14:22:14', NULL),
(302, 167, 59, '2025-11-03', 'Activo', '2025-11-03 14:22:14', '2025-11-03 14:22:14', NULL),
(303, 26, 60, '2025-11-03', 'Activo', '2025-11-03 14:22:14', '2025-11-03 14:22:14', NULL),
(304, 35, 60, '2025-11-03', 'Activo', '2025-11-03 14:22:14', '2025-11-03 14:22:14', NULL),
(305, 36, 60, '2025-11-03', 'Activo', '2025-11-03 14:22:14', '2025-11-03 14:22:14', NULL),
(306, 50, 60, '2025-11-03', 'Activo', '2025-11-03 14:22:14', '2025-11-03 14:22:14', NULL),
(307, 61, 60, '2025-11-03', 'Activo', '2025-11-03 14:22:14', '2025-11-03 14:22:14', NULL),
(308, 96, 60, '2025-11-03', 'Activo', '2025-11-03 14:22:14', '2025-11-03 14:22:14', NULL),
(309, 121, 60, '2025-11-03', 'Activo', '2025-11-03 14:22:14', '2025-11-03 14:22:14', NULL),
(310, 128, 60, '2025-11-03', 'Activo', '2025-11-03 14:22:14', '2025-11-03 14:22:14', NULL),
(311, 167, 60, '2025-11-03', 'Activo', '2025-11-03 14:22:14', '2025-11-03 14:22:14', NULL),
(312, 26, 61, '2025-11-03', 'Activo', '2025-11-03 14:22:14', '2025-11-03 14:22:14', NULL),
(313, 35, 61, '2025-11-03', 'Activo', '2025-11-03 14:22:14', '2025-11-03 14:22:14', NULL),
(314, 36, 61, '2025-11-03', 'Activo', '2025-11-03 14:22:14', '2025-11-03 14:22:14', NULL),
(315, 50, 61, '2025-11-03', 'Activo', '2025-11-03 14:22:14', '2025-11-03 14:22:14', NULL),
(316, 61, 61, '2025-11-03', 'Activo', '2025-11-03 14:22:14', '2025-11-03 14:22:14', NULL),
(317, 96, 61, '2025-11-03', 'Activo', '2025-11-03 14:22:14', '2025-11-03 14:22:14', NULL),
(318, 121, 61, '2025-11-03', 'Activo', '2025-11-03 14:22:14', '2025-11-03 14:22:14', NULL),
(319, 128, 61, '2025-11-03', 'Activo', '2025-11-03 14:22:14', '2025-11-03 14:22:14', NULL),
(320, 167, 61, '2025-11-03', 'Activo', '2025-11-03 14:22:14', '2025-11-03 14:22:14', NULL),
(321, 26, 62, '2025-11-03', 'Activo', '2025-11-03 14:22:14', '2025-11-03 14:22:14', NULL),
(322, 35, 62, '2025-11-03', 'Activo', '2025-11-03 14:22:14', '2025-11-03 14:22:14', NULL),
(323, 36, 62, '2025-11-03', 'Activo', '2025-11-03 14:22:14', '2025-11-03 14:22:14', NULL),
(324, 50, 62, '2025-11-03', 'Activo', '2025-11-03 14:22:14', '2025-11-03 14:22:14', NULL),
(325, 61, 62, '2025-11-03', 'Activo', '2025-11-03 14:22:14', '2025-11-03 14:22:14', NULL),
(326, 96, 62, '2025-11-03', 'Activo', '2025-11-03 14:22:14', '2025-11-03 14:22:14', NULL),
(327, 121, 62, '2025-11-03', 'Activo', '2025-11-03 14:22:14', '2025-11-03 14:22:14', NULL),
(328, 128, 62, '2025-11-03', 'Activo', '2025-11-03 14:22:14', '2025-11-03 14:22:14', NULL),
(329, 167, 62, '2025-11-03', 'Activo', '2025-11-03 14:22:14', '2025-11-03 14:22:14', NULL),
(330, 26, 63, '2025-11-03', 'Activo', '2025-11-03 14:22:14', '2025-11-03 14:22:14', NULL),
(331, 35, 63, '2025-11-03', 'Activo', '2025-11-03 14:22:14', '2025-11-03 14:22:14', NULL),
(332, 36, 63, '2025-11-03', 'Activo', '2025-11-03 14:22:14', '2025-11-03 14:22:14', NULL),
(333, 50, 63, '2025-11-03', 'Activo', '2025-11-03 14:22:14', '2025-11-03 14:22:14', NULL),
(334, 61, 63, '2025-11-03', 'Activo', '2025-11-03 14:22:14', '2025-11-03 14:22:14', NULL),
(335, 96, 63, '2025-11-03', 'Activo', '2025-11-03 14:22:14', '2025-11-03 14:22:14', NULL),
(336, 121, 63, '2025-11-03', 'Activo', '2025-11-03 14:22:14', '2025-11-03 14:22:14', NULL),
(337, 128, 63, '2025-11-03', 'Activo', '2025-11-03 14:22:14', '2025-11-03 14:22:14', NULL),
(338, 167, 63, '2025-11-03', 'Activo', '2025-11-03 14:22:14', '2025-11-03 14:22:14', NULL),
(339, 40, 64, '2025-11-03', 'Activo', '2025-11-03 14:22:14', '2025-11-03 14:22:14', NULL),
(340, 100, 64, '2025-11-03', 'Activo', '2025-11-03 14:22:14', '2025-11-03 14:22:14', NULL),
(341, 129, 64, '2025-11-03', 'Activo', '2025-11-03 14:22:14', '2025-11-03 14:22:14', NULL),
(342, 158, 64, '2025-11-03', 'Activo', '2025-11-03 14:22:14', '2025-11-03 14:22:14', NULL),
(343, 40, 65, '2025-11-03', 'Activo', '2025-11-03 14:22:14', '2025-11-03 14:22:14', NULL),
(344, 100, 65, '2025-11-03', 'Activo', '2025-11-03 14:22:14', '2025-11-03 14:22:14', NULL),
(345, 129, 65, '2025-11-03', 'Activo', '2025-11-03 14:22:14', '2025-11-03 14:22:14', NULL),
(346, 158, 65, '2025-11-03', 'Activo', '2025-11-03 14:22:14', '2025-11-03 14:22:14', NULL),
(347, 40, 66, '2025-11-03', 'Activo', '2025-11-03 14:22:14', '2025-11-03 14:22:14', NULL),
(348, 100, 66, '2025-11-03', 'Activo', '2025-11-03 14:22:14', '2025-11-03 14:22:14', NULL),
(349, 129, 66, '2025-11-03', 'Activo', '2025-11-03 14:22:14', '2025-11-03 14:22:14', NULL),
(350, 158, 66, '2025-11-03', 'Activo', '2025-11-03 14:22:14', '2025-11-03 14:22:14', NULL),
(351, 40, 67, '2025-11-03', 'Activo', '2025-11-03 14:22:14', '2025-11-03 14:22:14', NULL),
(352, 100, 67, '2025-11-03', 'Activo', '2025-11-03 14:22:14', '2025-11-03 14:22:14', NULL),
(353, 129, 67, '2025-11-03', 'Activo', '2025-11-03 14:22:14', '2025-11-03 14:22:14', NULL),
(354, 158, 67, '2025-11-03', 'Activo', '2025-11-03 14:22:14', '2025-11-03 14:22:14', NULL),
(355, 40, 68, '2025-11-03', 'Activo', '2025-11-03 14:22:14', '2025-11-03 14:22:14', NULL),
(356, 100, 68, '2025-11-03', 'Activo', '2025-11-03 14:22:14', '2025-11-03 14:22:14', NULL),
(357, 129, 68, '2025-11-03', 'Activo', '2025-11-03 14:22:14', '2025-11-03 14:22:14', NULL),
(358, 158, 68, '2025-11-03', 'Activo', '2025-11-03 14:22:14', '2025-11-03 14:22:14', NULL),
(359, 40, 69, '2025-11-03', 'Activo', '2025-11-03 14:22:14', '2025-11-03 14:22:14', NULL),
(360, 100, 69, '2025-11-03', 'Activo', '2025-11-03 14:22:14', '2025-11-03 14:22:14', NULL),
(361, 129, 69, '2025-11-03', 'Activo', '2025-11-03 14:22:14', '2025-11-03 14:22:14', NULL),
(362, 158, 69, '2025-11-03', 'Activo', '2025-11-03 14:22:14', '2025-11-03 14:22:14', NULL),
(363, 40, 70, '2025-11-03', 'Activo', '2025-11-03 14:22:14', '2025-11-03 14:22:14', NULL),
(364, 100, 70, '2025-11-03', 'Activo', '2025-11-03 14:22:14', '2025-11-03 14:22:14', NULL),
(365, 129, 70, '2025-11-03', 'Activo', '2025-11-03 14:22:14', '2025-11-03 14:22:14', NULL),
(366, 158, 70, '2025-11-03', 'Activo', '2025-11-03 14:22:14', '2025-11-03 14:22:14', NULL),
(367, 40, 71, '2025-11-03', 'Activo', '2025-11-03 14:22:14', '2025-11-03 14:22:14', NULL),
(368, 100, 71, '2025-11-03', 'Activo', '2025-11-03 14:22:14', '2025-11-03 14:22:14', NULL),
(369, 129, 71, '2025-11-03', 'Activo', '2025-11-03 14:22:14', '2025-11-03 14:22:14', NULL),
(370, 158, 71, '2025-11-03', 'Activo', '2025-11-03 14:22:14', '2025-11-03 14:22:14', NULL),
(371, 40, 72, '2025-11-03', 'Activo', '2025-11-03 14:22:14', '2025-11-03 14:22:14', NULL),
(372, 100, 72, '2025-11-03', 'Activo', '2025-11-03 14:22:14', '2025-11-03 14:22:14', NULL),
(373, 129, 72, '2025-11-03', 'Activo', '2025-11-03 14:22:14', '2025-11-03 14:22:14', NULL),
(374, 158, 72, '2025-11-03', 'Activo', '2025-11-03 14:22:14', '2025-11-03 14:22:14', NULL),
(375, 23, 73, '2025-11-03', 'Activo', '2025-11-03 14:22:14', '2025-11-03 14:22:14', NULL),
(376, 60, 73, '2025-11-03', 'Activo', '2025-11-03 14:22:14', '2025-11-03 14:22:14', NULL),
(377, 71, 73, '2025-11-03', 'Activo', '2025-11-03 14:22:14', '2025-11-03 14:22:14', NULL),
(378, 89, 73, '2025-11-03', 'Activo', '2025-11-03 14:22:14', '2025-11-03 14:22:14', NULL),
(379, 109, 73, '2025-11-03', 'Activo', '2025-11-03 14:22:14', '2025-11-03 14:22:14', NULL),
(380, 113, 73, '2025-11-03', 'Activo', '2025-11-03 14:22:14', '2025-11-03 14:22:14', NULL),
(381, 23, 74, '2025-11-03', 'Activo', '2025-11-03 14:22:14', '2025-11-03 14:22:14', NULL),
(382, 60, 74, '2025-11-03', 'Activo', '2025-11-03 14:22:14', '2025-11-03 14:22:14', NULL),
(383, 71, 74, '2025-11-03', 'Activo', '2025-11-03 14:22:14', '2025-11-03 14:22:14', NULL),
(384, 89, 74, '2025-11-03', 'Activo', '2025-11-03 14:22:14', '2025-11-03 14:22:14', NULL),
(385, 109, 74, '2025-11-03', 'Activo', '2025-11-03 14:22:14', '2025-11-03 14:22:14', NULL),
(386, 113, 74, '2025-11-03', 'Activo', '2025-11-03 14:22:14', '2025-11-03 14:22:14', NULL),
(387, 23, 75, '2025-11-03', 'Activo', '2025-11-03 14:22:14', '2025-11-03 14:22:14', NULL),
(388, 60, 75, '2025-11-03', 'Activo', '2025-11-03 14:22:14', '2025-11-03 14:22:14', NULL),
(389, 71, 75, '2025-11-03', 'Activo', '2025-11-03 14:22:14', '2025-11-03 14:22:14', NULL),
(390, 89, 75, '2025-11-03', 'Activo', '2025-11-03 14:22:14', '2025-11-03 14:22:14', NULL),
(391, 109, 75, '2025-11-03', 'Activo', '2025-11-03 14:22:14', '2025-11-03 14:22:14', NULL),
(392, 113, 75, '2025-11-03', 'Activo', '2025-11-03 14:22:14', '2025-11-03 14:22:14', NULL),
(393, 23, 76, '2025-11-03', 'Activo', '2025-11-03 14:22:14', '2025-11-03 14:22:14', NULL),
(394, 60, 76, '2025-11-03', 'Activo', '2025-11-03 14:22:14', '2025-11-03 14:22:14', NULL),
(395, 71, 76, '2025-11-03', 'Activo', '2025-11-03 14:22:14', '2025-11-03 14:22:14', NULL),
(396, 89, 76, '2025-11-03', 'Activo', '2025-11-03 14:22:14', '2025-11-03 14:22:14', NULL),
(397, 109, 76, '2025-11-03', 'Activo', '2025-11-03 14:22:14', '2025-11-03 14:22:14', NULL),
(398, 113, 76, '2025-11-03', 'Activo', '2025-11-03 14:22:14', '2025-11-03 14:22:14', NULL),
(399, 23, 77, '2025-11-03', 'Activo', '2025-11-03 14:22:14', '2025-11-03 14:22:14', NULL),
(400, 60, 77, '2025-11-03', 'Activo', '2025-11-03 14:22:14', '2025-11-03 14:22:14', NULL),
(401, 71, 77, '2025-11-03', 'Activo', '2025-11-03 14:22:14', '2025-11-03 14:22:14', NULL),
(402, 89, 77, '2025-11-03', 'Activo', '2025-11-03 14:22:14', '2025-11-03 14:22:14', NULL),
(403, 109, 77, '2025-11-03', 'Activo', '2025-11-03 14:22:14', '2025-11-03 14:22:14', NULL),
(404, 113, 77, '2025-11-03', 'Activo', '2025-11-03 14:22:14', '2025-11-03 14:22:14', NULL),
(405, 23, 78, '2025-11-03', 'Activo', '2025-11-03 14:22:14', '2025-11-03 14:22:14', NULL),
(406, 60, 78, '2025-11-03', 'Activo', '2025-11-03 14:22:14', '2025-11-03 14:22:14', NULL),
(407, 71, 78, '2025-11-03', 'Activo', '2025-11-03 14:22:14', '2025-11-03 14:22:14', NULL),
(408, 89, 78, '2025-11-03', 'Activo', '2025-11-03 14:22:14', '2025-11-03 14:22:14', NULL),
(409, 109, 78, '2025-11-03', 'Activo', '2025-11-03 14:22:14', '2025-11-03 14:22:14', NULL),
(410, 113, 78, '2025-11-03', 'Activo', '2025-11-03 14:22:14', '2025-11-03 14:22:14', NULL),
(411, 23, 79, '2025-11-03', 'Activo', '2025-11-03 14:22:14', '2025-11-03 14:22:14', NULL),
(412, 60, 79, '2025-11-03', 'Activo', '2025-11-03 14:22:14', '2025-11-03 14:22:14', NULL),
(413, 71, 79, '2025-11-03', 'Activo', '2025-11-03 14:22:14', '2025-11-03 14:22:14', NULL),
(414, 89, 79, '2025-11-03', 'Activo', '2025-11-03 14:22:14', '2025-11-03 14:22:14', NULL),
(415, 109, 79, '2025-11-03', 'Activo', '2025-11-03 14:22:14', '2025-11-03 14:22:14', NULL),
(416, 113, 79, '2025-11-03', 'Activo', '2025-11-03 14:22:14', '2025-11-03 14:22:14', NULL),
(417, 23, 80, '2025-11-03', 'Activo', '2025-11-03 14:22:14', '2025-11-03 14:22:14', NULL),
(418, 60, 80, '2025-11-03', 'Activo', '2025-11-03 14:22:14', '2025-11-03 14:22:14', NULL),
(419, 71, 80, '2025-11-03', 'Activo', '2025-11-03 14:22:14', '2025-11-03 14:22:14', NULL),
(420, 89, 80, '2025-11-03', 'Activo', '2025-11-03 14:22:14', '2025-11-03 14:22:14', NULL),
(421, 109, 80, '2025-11-03', 'Activo', '2025-11-03 14:22:14', '2025-11-03 14:22:14', NULL),
(422, 113, 80, '2025-11-03', 'Activo', '2025-11-03 14:22:14', '2025-11-03 14:22:14', NULL),
(423, 28, 87, '2025-11-03', 'Activo', '2025-11-03 14:22:14', '2025-11-03 14:22:14', NULL),
(424, 37, 87, '2025-11-03', 'Activo', '2025-11-03 14:22:14', '2025-11-03 14:22:14', NULL),
(425, 120, 87, '2025-11-03', 'Activo', '2025-11-03 14:22:14', '2025-11-03 14:22:14', NULL),
(426, 123, 87, '2025-11-03', 'Activo', '2025-11-03 14:22:14', '2025-11-03 14:22:14', NULL),
(427, 134, 87, '2025-11-03', 'Activo', '2025-11-03 14:22:14', '2025-11-03 14:22:14', NULL),
(428, 147, 87, '2025-11-03', 'Activo', '2025-11-03 14:22:14', '2025-11-03 14:22:14', NULL),
(429, 151, 87, '2025-11-03', 'Activo', '2025-11-03 14:22:14', '2025-11-03 14:22:14', NULL),
(430, 159, 87, '2025-11-03', 'Activo', '2025-11-03 14:22:14', '2025-11-03 14:22:14', NULL),
(431, 160, 87, '2025-11-03', 'Activo', '2025-11-03 14:22:14', '2025-11-03 14:22:14', NULL),
(432, 164, 87, '2025-11-03', 'Activo', '2025-11-03 14:22:14', '2025-11-03 14:22:14', NULL),
(433, 173, 87, '2025-11-03', 'Activo', '2025-11-03 14:22:14', '2025-11-03 14:22:14', NULL),
(434, 181, 87, '2025-11-03', 'Activo', '2025-11-03 14:22:14', '2025-11-03 14:22:14', NULL),
(435, 182, 87, '2025-11-03', 'Activo', '2025-11-03 14:22:14', '2025-11-03 14:22:14', NULL),
(436, 28, 88, '2025-11-03', 'Activo', '2025-11-03 14:22:14', '2025-11-03 14:22:14', NULL),
(437, 37, 88, '2025-11-03', 'Activo', '2025-11-03 14:22:14', '2025-11-03 14:22:14', NULL),
(438, 120, 88, '2025-11-03', 'Activo', '2025-11-03 14:22:14', '2025-11-03 14:22:14', NULL),
(439, 123, 88, '2025-11-03', 'Activo', '2025-11-03 14:22:14', '2025-11-03 14:22:14', NULL),
(440, 134, 88, '2025-11-03', 'Activo', '2025-11-03 14:22:14', '2025-11-03 14:22:14', NULL),
(441, 147, 88, '2025-11-03', 'Activo', '2025-11-03 14:22:14', '2025-11-03 14:22:14', NULL),
(442, 151, 88, '2025-11-03', 'Activo', '2025-11-03 14:22:14', '2025-11-03 14:22:14', NULL),
(443, 159, 88, '2025-11-03', 'Activo', '2025-11-03 14:22:14', '2025-11-03 14:22:14', NULL),
(444, 160, 88, '2025-11-03', 'Activo', '2025-11-03 14:22:14', '2025-11-03 14:22:14', NULL),
(445, 164, 88, '2025-11-03', 'Activo', '2025-11-03 14:22:14', '2025-11-03 14:22:14', NULL),
(446, 173, 88, '2025-11-03', 'Activo', '2025-11-03 14:22:14', '2025-11-03 14:22:14', NULL),
(447, 181, 88, '2025-11-03', 'Activo', '2025-11-03 14:22:14', '2025-11-03 14:22:14', NULL),
(448, 182, 88, '2025-11-03', 'Activo', '2025-11-03 14:22:14', '2025-11-03 14:22:14', NULL),
(449, 28, 89, '2025-11-03', 'Activo', '2025-11-03 14:22:14', '2025-11-03 14:22:14', NULL),
(450, 37, 89, '2025-11-03', 'Activo', '2025-11-03 14:22:14', '2025-11-03 14:22:14', NULL),
(451, 120, 89, '2025-11-03', 'Activo', '2025-11-03 14:22:14', '2025-11-03 14:22:14', NULL),
(452, 123, 89, '2025-11-03', 'Activo', '2025-11-03 14:22:14', '2025-11-03 14:22:14', NULL),
(453, 134, 89, '2025-11-03', 'Activo', '2025-11-03 14:22:14', '2025-11-03 14:22:14', NULL),
(454, 147, 89, '2025-11-03', 'Activo', '2025-11-03 14:22:14', '2025-11-03 14:22:14', NULL),
(455, 151, 89, '2025-11-03', 'Activo', '2025-11-03 14:22:14', '2025-11-03 14:22:14', NULL),
(456, 159, 89, '2025-11-03', 'Activo', '2025-11-03 14:22:14', '2025-11-03 14:22:14', NULL),
(457, 160, 89, '2025-11-03', 'Activo', '2025-11-03 14:22:14', '2025-11-03 14:22:14', NULL),
(458, 164, 89, '2025-11-03', 'Activo', '2025-11-03 14:22:14', '2025-11-03 14:22:14', NULL),
(459, 173, 89, '2025-11-03', 'Activo', '2025-11-03 14:22:14', '2025-11-03 14:22:14', NULL),
(460, 181, 89, '2025-11-03', 'Activo', '2025-11-03 14:22:14', '2025-11-03 14:22:14', NULL),
(461, 182, 89, '2025-11-03', 'Activo', '2025-11-03 14:22:14', '2025-11-03 14:22:14', NULL),
(462, 28, 90, '2025-11-03', 'Activo', '2025-11-03 14:22:14', '2025-11-03 14:22:14', NULL),
(463, 37, 90, '2025-11-03', 'Activo', '2025-11-03 14:22:14', '2025-11-03 14:22:14', NULL),
(464, 120, 90, '2025-11-03', 'Activo', '2025-11-03 14:22:14', '2025-11-03 14:22:14', NULL),
(465, 123, 90, '2025-11-03', 'Activo', '2025-11-03 14:22:14', '2025-11-03 14:22:14', NULL),
(466, 134, 90, '2025-11-03', 'Activo', '2025-11-03 14:22:14', '2025-11-03 14:22:14', NULL),
(467, 147, 90, '2025-11-03', 'Activo', '2025-11-03 14:22:14', '2025-11-03 14:22:14', NULL),
(468, 151, 90, '2025-11-03', 'Activo', '2025-11-03 14:22:14', '2025-11-03 14:22:14', NULL),
(469, 159, 90, '2025-11-03', 'Activo', '2025-11-03 14:22:14', '2025-11-03 14:22:14', NULL),
(470, 160, 90, '2025-11-03', 'Activo', '2025-11-03 14:22:14', '2025-11-03 14:22:14', NULL),
(471, 164, 90, '2025-11-03', 'Activo', '2025-11-03 14:22:14', '2025-11-03 14:22:14', NULL),
(472, 173, 90, '2025-11-03', 'Activo', '2025-11-03 14:22:14', '2025-11-03 14:22:14', NULL),
(473, 181, 90, '2025-11-03', 'Activo', '2025-11-03 14:22:14', '2025-11-03 14:22:14', NULL),
(474, 182, 90, '2025-11-03', 'Activo', '2025-11-03 14:22:14', '2025-11-03 14:22:14', NULL),
(475, 28, 91, '2025-11-03', 'Activo', '2025-11-03 14:22:14', '2025-11-03 14:22:14', NULL),
(476, 37, 91, '2025-11-03', 'Activo', '2025-11-03 14:22:14', '2025-11-03 14:22:14', NULL),
(477, 120, 91, '2025-11-03', 'Activo', '2025-11-03 14:22:14', '2025-11-03 14:22:14', NULL),
(478, 123, 91, '2025-11-03', 'Activo', '2025-11-03 14:22:14', '2025-11-03 14:22:14', NULL),
(479, 134, 91, '2025-11-03', 'Activo', '2025-11-03 14:22:14', '2025-11-03 14:22:14', NULL),
(480, 147, 91, '2025-11-03', 'Activo', '2025-11-03 14:22:14', '2025-11-03 14:22:14', NULL),
(481, 151, 91, '2025-11-03', 'Activo', '2025-11-03 14:22:14', '2025-11-03 14:22:14', NULL),
(482, 159, 91, '2025-11-03', 'Activo', '2025-11-03 14:22:14', '2025-11-03 14:22:14', NULL),
(483, 160, 91, '2025-11-03', 'Activo', '2025-11-03 14:22:14', '2025-11-03 14:22:14', NULL),
(484, 164, 91, '2025-11-03', 'Activo', '2025-11-03 14:22:14', '2025-11-03 14:22:14', NULL),
(485, 173, 91, '2025-11-03', 'Activo', '2025-11-03 14:22:14', '2025-11-03 14:22:14', NULL),
(486, 181, 91, '2025-11-03', 'Activo', '2025-11-03 14:22:14', '2025-11-03 14:22:14', NULL),
(487, 182, 91, '2025-11-03', 'Activo', '2025-11-03 14:22:14', '2025-11-03 14:22:14', NULL),
(488, 28, 92, '2025-11-03', 'Activo', '2025-11-03 14:22:14', '2025-11-03 14:22:14', NULL),
(489, 37, 92, '2025-11-03', 'Activo', '2025-11-03 14:22:14', '2025-11-03 14:22:14', NULL),
(490, 120, 92, '2025-11-03', 'Activo', '2025-11-03 14:22:14', '2025-11-03 14:22:14', NULL),
(491, 123, 92, '2025-11-03', 'Activo', '2025-11-03 14:22:14', '2025-11-03 14:22:14', NULL),
(492, 134, 92, '2025-11-03', 'Activo', '2025-11-03 14:22:14', '2025-11-03 14:22:14', NULL),
(493, 147, 92, '2025-11-03', 'Activo', '2025-11-03 14:22:14', '2025-11-03 14:22:14', NULL),
(494, 151, 92, '2025-11-03', 'Activo', '2025-11-03 14:22:14', '2025-11-03 14:22:14', NULL),
(495, 159, 92, '2025-11-03', 'Activo', '2025-11-03 14:22:14', '2025-11-03 14:22:14', NULL),
(496, 160, 92, '2025-11-03', 'Activo', '2025-11-03 14:22:14', '2025-11-03 14:22:14', NULL),
(497, 164, 92, '2025-11-03', 'Activo', '2025-11-03 14:22:14', '2025-11-03 14:22:14', NULL),
(498, 173, 92, '2025-11-03', 'Activo', '2025-11-03 14:22:14', '2025-11-03 14:22:14', NULL),
(499, 181, 92, '2025-11-03', 'Activo', '2025-11-03 14:22:14', '2025-11-03 14:22:14', NULL),
(500, 182, 92, '2025-11-03', 'Activo', '2025-11-03 14:22:14', '2025-11-03 14:22:14', NULL),
(501, 56, 93, '2025-11-03', 'Activo', '2025-11-03 14:22:14', '2025-11-03 14:22:14', NULL),
(502, 77, 93, '2025-11-03', 'Activo', '2025-11-03 14:22:14', '2025-11-03 14:22:14', NULL),
(503, 140, 93, '2025-11-03', 'Activo', '2025-11-03 14:22:14', '2025-11-03 14:22:14', NULL),
(504, 148, 93, '2025-11-03', 'Activo', '2025-11-03 14:22:14', '2025-11-03 14:22:14', NULL),
(505, 153, 93, '2025-11-03', 'Activo', '2025-11-03 14:22:14', '2025-11-03 14:22:14', NULL),
(506, 56, 94, '2025-11-03', 'Activo', '2025-11-03 14:22:14', '2025-11-03 14:22:14', NULL),
(507, 77, 94, '2025-11-03', 'Activo', '2025-11-03 14:22:14', '2025-11-03 14:22:14', NULL),
(508, 140, 94, '2025-11-03', 'Activo', '2025-11-03 14:22:14', '2025-11-03 14:22:14', NULL),
(509, 148, 94, '2025-11-03', 'Activo', '2025-11-03 14:22:14', '2025-11-03 14:22:14', NULL),
(510, 153, 94, '2025-11-03', 'Activo', '2025-11-03 14:22:14', '2025-11-03 14:22:14', NULL),
(511, 56, 95, '2025-11-03', 'Activo', '2025-11-03 14:22:14', '2025-11-03 14:22:14', NULL),
(512, 77, 95, '2025-11-03', 'Activo', '2025-11-03 14:22:14', '2025-11-03 14:22:14', NULL),
(513, 140, 95, '2025-11-03', 'Activo', '2025-11-03 14:22:14', '2025-11-03 14:22:14', NULL),
(514, 148, 95, '2025-11-03', 'Activo', '2025-11-03 14:22:14', '2025-11-03 14:22:14', NULL),
(515, 153, 95, '2025-11-03', 'Activo', '2025-11-03 14:22:14', '2025-11-03 14:22:14', NULL),
(516, 56, 96, '2025-11-03', 'Activo', '2025-11-03 14:22:14', '2025-11-03 14:22:14', NULL),
(517, 77, 96, '2025-11-03', 'Activo', '2025-11-03 14:22:14', '2025-11-03 14:22:14', NULL),
(518, 140, 96, '2025-11-03', 'Activo', '2025-11-03 14:22:14', '2025-11-03 14:22:14', NULL),
(519, 148, 96, '2025-11-03', 'Activo', '2025-11-03 14:22:14', '2025-11-03 14:22:14', NULL),
(520, 153, 96, '2025-11-03', 'Activo', '2025-11-03 14:22:14', '2025-11-03 14:22:14', NULL),
(521, 56, 97, '2025-11-03', 'Activo', '2025-11-03 14:22:14', '2025-11-03 14:22:14', NULL),
(522, 77, 97, '2025-11-03', 'Activo', '2025-11-03 14:22:14', '2025-11-03 14:22:14', NULL),
(523, 140, 97, '2025-11-03', 'Activo', '2025-11-03 14:22:14', '2025-11-03 14:22:14', NULL),
(524, 148, 97, '2025-11-03', 'Activo', '2025-11-03 14:22:14', '2025-11-03 14:22:14', NULL),
(525, 153, 97, '2025-11-03', 'Activo', '2025-11-03 14:22:14', '2025-11-03 14:22:14', NULL),
(526, 56, 98, '2025-11-03', 'Activo', '2025-11-03 14:22:14', '2025-11-03 14:22:14', NULL),
(527, 77, 98, '2025-11-03', 'Activo', '2025-11-03 14:22:14', '2025-11-03 14:22:14', NULL),
(528, 140, 98, '2025-11-03', 'Activo', '2025-11-03 14:22:14', '2025-11-03 14:22:14', NULL),
(529, 148, 98, '2025-11-03', 'Activo', '2025-11-03 14:22:14', '2025-11-03 14:22:14', NULL),
(530, 153, 98, '2025-11-03', 'Activo', '2025-11-03 14:22:14', '2025-11-03 14:22:14', NULL),
(531, 56, 99, '2025-11-03', 'Activo', '2025-11-03 14:22:14', '2025-11-03 14:22:14', NULL),
(532, 77, 99, '2025-11-03', 'Activo', '2025-11-03 14:22:14', '2025-11-03 14:22:14', NULL),
(533, 140, 99, '2025-11-03', 'Activo', '2025-11-03 14:22:14', '2025-11-03 14:22:14', NULL),
(534, 148, 99, '2025-11-03', 'Activo', '2025-11-03 14:22:14', '2025-11-03 14:22:14', NULL),
(535, 153, 99, '2025-11-03', 'Activo', '2025-11-03 14:22:14', '2025-11-03 14:22:14', NULL),
(536, 30, 100, '2025-11-03', 'Activo', '2025-11-03 14:22:14', '2025-11-03 14:22:14', NULL),
(537, 39, 100, '2025-11-03', 'Activo', '2025-11-03 14:22:14', '2025-11-03 14:22:14', NULL),
(538, 86, 100, '2025-11-03', 'Activo', '2025-11-03 14:22:14', '2025-11-03 14:22:14', NULL),
(539, 163, 100, '2025-11-03', 'Activo', '2025-11-03 14:22:14', '2025-11-03 14:22:14', NULL),
(540, 184, 100, '2025-11-03', 'Activo', '2025-11-03 14:22:14', '2025-11-03 14:22:14', NULL),
(541, 30, 101, '2025-11-03', 'Activo', '2025-11-03 14:22:14', '2025-11-03 14:22:14', NULL),
(542, 39, 101, '2025-11-03', 'Activo', '2025-11-03 14:22:14', '2025-11-03 14:22:14', NULL),
(543, 86, 101, '2025-11-03', 'Activo', '2025-11-03 14:22:14', '2025-11-03 14:22:14', NULL),
(544, 163, 101, '2025-11-03', 'Activo', '2025-11-03 14:22:14', '2025-11-03 14:22:14', NULL),
(545, 184, 101, '2025-11-03', 'Activo', '2025-11-03 14:22:14', '2025-11-03 14:22:14', NULL),
(546, 30, 102, '2025-11-03', 'Activo', '2025-11-03 14:22:14', '2025-11-03 14:22:14', NULL),
(547, 39, 102, '2025-11-03', 'Activo', '2025-11-03 14:22:14', '2025-11-03 14:22:14', NULL),
(548, 86, 102, '2025-11-03', 'Activo', '2025-11-03 14:22:14', '2025-11-03 14:22:14', NULL),
(549, 163, 102, '2025-11-03', 'Activo', '2025-11-03 14:22:14', '2025-11-03 14:22:14', NULL),
(550, 184, 102, '2025-11-03', 'Activo', '2025-11-03 14:22:14', '2025-11-03 14:22:14', NULL),
(551, 30, 103, '2025-11-03', 'Activo', '2025-11-03 14:22:14', '2025-11-03 14:22:14', NULL),
(552, 39, 103, '2025-11-03', 'Activo', '2025-11-03 14:22:14', '2025-11-03 14:22:14', NULL),
(553, 86, 103, '2025-11-03', 'Activo', '2025-11-03 14:22:14', '2025-11-03 14:22:14', NULL),
(554, 163, 103, '2025-11-03', 'Activo', '2025-11-03 14:22:14', '2025-11-03 14:22:14', NULL),
(555, 184, 103, '2025-11-03', 'Activo', '2025-11-03 14:22:14', '2025-11-03 14:22:14', NULL),
(556, 30, 104, '2025-11-03', 'Activo', '2025-11-03 14:22:14', '2025-11-03 14:22:14', NULL),
(557, 39, 104, '2025-11-03', 'Activo', '2025-11-03 14:22:14', '2025-11-03 14:22:14', NULL),
(558, 86, 104, '2025-11-03', 'Activo', '2025-11-03 14:22:14', '2025-11-03 14:22:14', NULL),
(559, 163, 104, '2025-11-03', 'Activo', '2025-11-03 14:22:14', '2025-11-03 14:22:14', NULL),
(560, 184, 104, '2025-11-03', 'Activo', '2025-11-03 14:22:14', '2025-11-03 14:22:14', NULL),
(561, 11, 105, '2025-11-03', 'Activo', '2025-11-03 14:22:14', '2025-11-03 14:22:14', NULL),
(562, 34, 105, '2025-11-03', 'Activo', '2025-11-03 14:22:14', '2025-11-03 14:22:14', NULL),
(563, 107, 105, '2025-11-03', 'Activo', '2025-11-03 14:22:14', '2025-11-03 14:22:14', NULL),
(564, 114, 105, '2025-11-03', 'Activo', '2025-11-03 14:22:14', '2025-11-03 14:22:14', NULL),
(565, 115, 105, '2025-11-03', 'Activo', '2025-11-03 14:22:14', '2025-11-03 14:22:14', NULL),
(566, 117, 105, '2025-11-03', 'Activo', '2025-11-03 14:22:14', '2025-11-03 14:22:14', NULL),
(567, 118, 105, '2025-11-03', 'Activo', '2025-11-03 14:22:14', '2025-11-03 14:22:14', NULL);
INSERT INTO `inscripciones` (`id_inscripcion`, `id_alumno`, `id_curso`, `fecha_inscripcion`, `estado`, `created_at`, `updated_at`, `deleted_at`) VALUES
(568, 139, 105, '2025-11-03', 'Activo', '2025-11-03 14:22:14', '2025-11-03 14:22:14', NULL),
(569, 154, 105, '2025-11-03', 'Activo', '2025-11-03 14:22:14', '2025-11-03 14:22:14', NULL),
(570, 165, 105, '2025-11-03', 'Activo', '2025-11-03 14:22:14', '2025-11-03 14:22:14', NULL),
(571, 171, 105, '2025-11-03', 'Activo', '2025-11-03 14:22:14', '2025-11-03 14:22:14', NULL),
(572, 178, 105, '2025-11-03', 'Activo', '2025-11-03 14:22:14', '2025-11-03 14:22:14', NULL),
(573, 179, 105, '2025-11-03', 'Activo', '2025-11-03 14:22:14', '2025-11-03 14:22:14', NULL),
(574, 11, 106, '2025-11-03', 'Activo', '2025-11-03 14:22:14', '2025-11-03 14:22:14', NULL),
(575, 34, 106, '2025-11-03', 'Activo', '2025-11-03 14:22:14', '2025-11-03 14:22:14', NULL),
(576, 107, 106, '2025-11-03', 'Activo', '2025-11-03 14:22:14', '2025-11-03 14:22:14', NULL),
(577, 114, 106, '2025-11-03', 'Activo', '2025-11-03 14:22:14', '2025-11-03 14:22:14', NULL),
(578, 115, 106, '2025-11-03', 'Activo', '2025-11-03 14:22:14', '2025-11-03 14:22:14', NULL),
(579, 117, 106, '2025-11-03', 'Activo', '2025-11-03 14:22:14', '2025-11-03 14:22:14', NULL),
(580, 118, 106, '2025-11-03', 'Activo', '2025-11-03 14:22:14', '2025-11-03 14:22:14', NULL),
(581, 139, 106, '2025-11-03', 'Activo', '2025-11-03 14:22:14', '2025-11-03 14:22:14', NULL),
(582, 154, 106, '2025-11-03', 'Activo', '2025-11-03 14:22:14', '2025-11-03 14:22:14', NULL),
(583, 165, 106, '2025-11-03', 'Activo', '2025-11-03 14:22:14', '2025-11-03 14:22:14', NULL),
(584, 171, 106, '2025-11-03', 'Activo', '2025-11-03 14:22:14', '2025-11-03 14:22:14', NULL),
(585, 178, 106, '2025-11-03', 'Activo', '2025-11-03 14:22:14', '2025-11-03 14:22:14', NULL),
(586, 179, 106, '2025-11-03', 'Activo', '2025-11-03 14:22:14', '2025-11-03 14:22:14', NULL),
(587, 11, 107, '2025-11-03', 'Activo', '2025-11-03 14:22:14', '2025-11-03 14:22:14', NULL),
(588, 34, 107, '2025-11-03', 'Activo', '2025-11-03 14:22:14', '2025-11-03 14:22:14', NULL),
(589, 107, 107, '2025-11-03', 'Activo', '2025-11-03 14:22:14', '2025-11-03 14:22:14', NULL),
(590, 114, 107, '2025-11-03', 'Activo', '2025-11-03 14:22:14', '2025-11-03 14:22:14', NULL),
(591, 115, 107, '2025-11-03', 'Activo', '2025-11-03 14:22:14', '2025-11-03 14:22:14', NULL),
(592, 117, 107, '2025-11-03', 'Activo', '2025-11-03 14:22:14', '2025-11-03 14:22:14', NULL),
(593, 118, 107, '2025-11-03', 'Activo', '2025-11-03 14:22:14', '2025-11-03 14:22:14', NULL),
(594, 139, 107, '2025-11-03', 'Activo', '2025-11-03 14:22:14', '2025-11-03 14:22:14', NULL),
(595, 154, 107, '2025-11-03', 'Activo', '2025-11-03 14:22:14', '2025-11-03 14:22:14', NULL),
(596, 165, 107, '2025-11-03', 'Activo', '2025-11-03 14:22:14', '2025-11-03 14:22:14', NULL),
(597, 171, 107, '2025-11-03', 'Activo', '2025-11-03 14:22:14', '2025-11-03 14:22:14', NULL),
(598, 178, 107, '2025-11-03', 'Activo', '2025-11-03 14:22:14', '2025-11-03 14:22:14', NULL),
(599, 179, 107, '2025-11-03', 'Activo', '2025-11-03 14:22:14', '2025-11-03 14:22:14', NULL),
(600, 11, 108, '2025-11-03', 'Activo', '2025-11-03 14:22:14', '2025-11-03 14:22:14', NULL),
(601, 34, 108, '2025-11-03', 'Activo', '2025-11-03 14:22:14', '2025-11-03 14:22:14', NULL),
(602, 107, 108, '2025-11-03', 'Activo', '2025-11-03 14:22:14', '2025-11-03 14:22:14', NULL),
(603, 114, 108, '2025-11-03', 'Activo', '2025-11-03 14:22:14', '2025-11-03 14:22:14', NULL),
(604, 115, 108, '2025-11-03', 'Activo', '2025-11-03 14:22:14', '2025-11-03 14:22:14', NULL),
(605, 117, 108, '2025-11-03', 'Activo', '2025-11-03 14:22:14', '2025-11-03 14:22:14', NULL),
(606, 118, 108, '2025-11-03', 'Activo', '2025-11-03 14:22:14', '2025-11-03 14:22:14', NULL),
(607, 139, 108, '2025-11-03', 'Activo', '2025-11-03 14:22:14', '2025-11-03 14:22:14', NULL),
(608, 154, 108, '2025-11-03', 'Activo', '2025-11-03 14:22:14', '2025-11-03 14:22:14', NULL),
(609, 165, 108, '2025-11-03', 'Activo', '2025-11-03 14:22:14', '2025-11-03 14:22:14', NULL),
(610, 171, 108, '2025-11-03', 'Activo', '2025-11-03 14:22:14', '2025-11-03 14:22:14', NULL),
(611, 178, 108, '2025-11-03', 'Activo', '2025-11-03 14:22:14', '2025-11-03 14:22:14', NULL),
(612, 179, 108, '2025-11-03', 'Activo', '2025-11-03 14:22:14', '2025-11-03 14:22:14', NULL),
(613, 11, 109, '2025-11-03', 'Activo', '2025-11-03 14:22:14', '2025-11-03 14:22:14', NULL),
(614, 34, 109, '2025-11-03', 'Activo', '2025-11-03 14:22:14', '2025-11-03 14:22:14', NULL),
(615, 107, 109, '2025-11-03', 'Activo', '2025-11-03 14:22:14', '2025-11-03 14:22:14', NULL),
(616, 114, 109, '2025-11-03', 'Activo', '2025-11-03 14:22:14', '2025-11-03 14:22:14', NULL),
(617, 115, 109, '2025-11-03', 'Activo', '2025-11-03 14:22:14', '2025-11-03 14:22:14', NULL),
(618, 117, 109, '2025-11-03', 'Activo', '2025-11-03 14:22:14', '2025-11-03 14:22:14', NULL),
(619, 118, 109, '2025-11-03', 'Activo', '2025-11-03 14:22:14', '2025-11-03 14:22:14', NULL),
(620, 139, 109, '2025-11-03', 'Activo', '2025-11-03 14:22:14', '2025-11-03 14:22:14', NULL),
(621, 154, 109, '2025-11-03', 'Activo', '2025-11-03 14:22:14', '2025-11-03 14:22:14', NULL),
(622, 165, 109, '2025-11-03', 'Activo', '2025-11-03 14:22:14', '2025-11-03 14:22:14', NULL),
(623, 171, 109, '2025-11-03', 'Activo', '2025-11-03 14:22:14', '2025-11-03 14:22:14', NULL),
(624, 178, 109, '2025-11-03', 'Activo', '2025-11-03 14:22:14', '2025-11-03 14:22:14', NULL),
(625, 179, 109, '2025-11-03', 'Activo', '2025-11-03 14:22:14', '2025-11-03 14:22:14', NULL),
(626, 11, 110, '2025-11-03', 'Activo', '2025-11-03 14:22:14', '2025-11-03 14:22:14', NULL),
(627, 34, 110, '2025-11-03', 'Activo', '2025-11-03 14:22:14', '2025-11-03 14:22:14', NULL),
(628, 107, 110, '2025-11-03', 'Activo', '2025-11-03 14:22:14', '2025-11-03 14:22:14', NULL),
(629, 114, 110, '2025-11-03', 'Activo', '2025-11-03 14:22:14', '2025-11-03 14:22:14', NULL),
(630, 115, 110, '2025-11-03', 'Activo', '2025-11-03 14:22:14', '2025-11-03 14:22:14', NULL),
(631, 117, 110, '2025-11-03', 'Activo', '2025-11-03 14:22:14', '2025-11-03 14:22:14', NULL),
(632, 118, 110, '2025-11-03', 'Activo', '2025-11-03 14:22:14', '2025-11-03 14:22:14', NULL),
(633, 139, 110, '2025-11-03', 'Activo', '2025-11-03 14:22:14', '2025-11-03 14:22:14', NULL),
(634, 154, 110, '2025-11-03', 'Activo', '2025-11-03 14:22:14', '2025-11-03 14:22:14', NULL),
(635, 165, 110, '2025-11-03', 'Activo', '2025-11-03 14:22:14', '2025-11-03 14:22:14', NULL),
(636, 171, 110, '2025-11-03', 'Activo', '2025-11-03 14:22:14', '2025-11-03 14:22:14', NULL),
(637, 178, 110, '2025-11-03', 'Activo', '2025-11-03 14:22:14', '2025-11-03 14:22:14', NULL),
(638, 179, 110, '2025-11-03', 'Activo', '2025-11-03 14:22:14', '2025-11-03 14:22:14', NULL),
(639, 11, 111, '2025-11-03', 'Activo', '2025-11-03 14:22:14', '2025-11-03 14:22:14', NULL),
(640, 34, 111, '2025-11-03', 'Activo', '2025-11-03 14:22:14', '2025-11-03 14:22:14', NULL),
(641, 107, 111, '2025-11-03', 'Activo', '2025-11-03 14:22:14', '2025-11-03 14:22:14', NULL),
(642, 114, 111, '2025-11-03', 'Activo', '2025-11-03 14:22:14', '2025-11-03 14:22:14', NULL),
(643, 115, 111, '2025-11-03', 'Activo', '2025-11-03 14:22:14', '2025-11-03 14:22:14', NULL),
(644, 117, 111, '2025-11-03', 'Activo', '2025-11-03 14:22:14', '2025-11-03 14:22:14', NULL),
(645, 118, 111, '2025-11-03', 'Activo', '2025-11-03 14:22:14', '2025-11-03 14:22:14', NULL),
(646, 139, 111, '2025-11-03', 'Activo', '2025-11-03 14:22:14', '2025-11-03 14:22:14', NULL),
(647, 154, 111, '2025-11-03', 'Activo', '2025-11-03 14:22:14', '2025-11-03 14:22:14', NULL),
(648, 165, 111, '2025-11-03', 'Activo', '2025-11-03 14:22:14', '2025-11-03 14:22:14', NULL),
(649, 171, 111, '2025-11-03', 'Activo', '2025-11-03 14:22:14', '2025-11-03 14:22:14', NULL),
(650, 178, 111, '2025-11-03', 'Activo', '2025-11-03 14:22:14', '2025-11-03 14:22:14', NULL),
(651, 179, 111, '2025-11-03', 'Activo', '2025-11-03 14:22:14', '2025-11-03 14:22:14', NULL),
(652, 33, 112, '2025-11-03', 'Activo', '2025-11-03 14:22:14', '2025-11-03 14:22:14', NULL),
(653, 66, 112, '2025-11-03', 'Activo', '2025-11-03 14:22:14', '2025-11-03 14:22:14', NULL),
(654, 67, 112, '2025-11-03', 'Activo', '2025-11-03 14:22:14', '2025-11-03 14:22:14', NULL),
(655, 106, 112, '2025-11-03', 'Activo', '2025-11-03 14:22:14', '2025-11-03 14:22:14', NULL),
(656, 174, 112, '2025-11-03', 'Activo', '2025-11-03 14:22:14', '2025-11-03 14:22:14', NULL),
(657, 33, 113, '2025-11-03', 'Activo', '2025-11-03 14:22:14', '2025-11-03 14:22:14', NULL),
(658, 66, 113, '2025-11-03', 'Activo', '2025-11-03 14:22:14', '2025-11-03 14:22:14', NULL),
(659, 67, 113, '2025-11-03', 'Activo', '2025-11-03 14:22:14', '2025-11-03 14:22:14', NULL),
(660, 106, 113, '2025-11-03', 'Activo', '2025-11-03 14:22:14', '2025-11-03 14:22:14', NULL),
(661, 174, 113, '2025-11-03', 'Activo', '2025-11-03 14:22:14', '2025-11-03 14:22:14', NULL),
(662, 33, 114, '2025-11-03', 'Activo', '2025-11-03 14:22:14', '2025-11-03 14:22:14', NULL),
(663, 66, 114, '2025-11-03', 'Activo', '2025-11-03 14:22:14', '2025-11-03 14:22:14', NULL),
(664, 67, 114, '2025-11-03', 'Activo', '2025-11-03 14:22:14', '2025-11-03 14:22:14', NULL),
(665, 106, 114, '2025-11-03', 'Activo', '2025-11-03 14:22:14', '2025-11-03 14:22:14', NULL),
(666, 174, 114, '2025-11-03', 'Activo', '2025-11-03 14:22:14', '2025-11-03 14:22:14', NULL),
(667, 33, 115, '2025-11-03', 'Activo', '2025-11-03 14:22:14', '2025-11-03 14:22:14', NULL),
(668, 66, 115, '2025-11-03', 'Activo', '2025-11-03 14:22:14', '2025-11-03 14:22:14', NULL),
(669, 67, 115, '2025-11-03', 'Activo', '2025-11-03 14:22:14', '2025-11-03 14:22:14', NULL),
(670, 106, 115, '2025-11-03', 'Activo', '2025-11-03 14:22:14', '2025-11-03 14:22:14', NULL),
(671, 174, 115, '2025-11-03', 'Activo', '2025-11-03 14:22:14', '2025-11-03 14:22:14', NULL),
(672, 33, 116, '2025-11-03', 'Activo', '2025-11-03 14:22:14', '2025-11-03 14:22:14', NULL),
(673, 66, 116, '2025-11-03', 'Activo', '2025-11-03 14:22:14', '2025-11-03 14:22:14', NULL),
(674, 67, 116, '2025-11-03', 'Activo', '2025-11-03 14:22:14', '2025-11-03 14:22:14', NULL),
(675, 106, 116, '2025-11-03', 'Activo', '2025-11-03 14:22:14', '2025-11-03 14:22:14', NULL),
(676, 174, 116, '2025-11-03', 'Activo', '2025-11-03 14:22:14', '2025-11-03 14:22:14', NULL),
(677, 33, 117, '2025-11-03', 'Activo', '2025-11-03 14:22:14', '2025-11-03 14:22:14', NULL),
(678, 66, 117, '2025-11-03', 'Activo', '2025-11-03 14:22:14', '2025-11-03 14:22:14', NULL),
(679, 67, 117, '2025-11-03', 'Activo', '2025-11-03 14:22:14', '2025-11-03 14:22:14', NULL),
(680, 106, 117, '2025-11-03', 'Activo', '2025-11-03 14:22:14', '2025-11-03 14:22:14', NULL),
(681, 174, 117, '2025-11-03', 'Activo', '2025-11-03 14:22:14', '2025-11-03 14:22:14', NULL),
(682, 53, 118, '2025-11-03', 'Activo', '2025-11-03 14:22:14', '2025-11-03 14:22:14', NULL),
(683, 82, 118, '2025-11-03', 'Activo', '2025-11-03 14:22:14', '2025-11-03 14:22:14', NULL),
(684, 172, 118, '2025-11-03', 'Activo', '2025-11-03 14:22:14', '2025-11-03 14:22:14', NULL),
(685, 53, 119, '2025-11-03', 'Activo', '2025-11-03 14:22:14', '2025-11-03 14:22:14', NULL),
(686, 82, 119, '2025-11-03', 'Activo', '2025-11-03 14:22:14', '2025-11-03 14:22:14', NULL),
(687, 172, 119, '2025-11-03', 'Activo', '2025-11-03 14:22:14', '2025-11-03 14:22:14', NULL),
(688, 53, 120, '2025-11-03', 'Activo', '2025-11-03 14:22:14', '2025-11-03 14:22:14', NULL),
(689, 82, 120, '2025-11-03', 'Activo', '2025-11-03 14:22:14', '2025-11-03 14:22:14', NULL),
(690, 172, 120, '2025-11-03', 'Activo', '2025-11-03 14:22:14', '2025-11-03 14:22:14', NULL),
(691, 53, 121, '2025-11-03', 'Activo', '2025-11-03 14:22:14', '2025-11-03 14:22:14', NULL),
(692, 82, 121, '2025-11-03', 'Activo', '2025-11-03 14:22:14', '2025-11-03 14:22:14', NULL),
(693, 172, 121, '2025-11-03', 'Activo', '2025-11-03 14:22:14', '2025-11-03 14:22:14', NULL),
(694, 53, 122, '2025-11-03', 'Activo', '2025-11-03 14:22:14', '2025-11-03 14:22:14', NULL),
(695, 82, 122, '2025-11-03', 'Activo', '2025-11-03 14:22:14', '2025-11-03 14:22:14', NULL),
(696, 172, 122, '2025-11-03', 'Activo', '2025-11-03 14:22:14', '2025-11-03 14:22:14', NULL),
(697, 119, 123, '2025-11-03', 'Activo', '2025-11-03 14:22:14', '2025-11-03 14:22:14', NULL),
(698, 136, 123, '2025-11-03', 'Activo', '2025-11-03 14:22:14', '2025-11-03 14:22:14', NULL),
(699, 119, 124, '2025-11-03', 'Activo', '2025-11-03 14:22:14', '2025-11-03 14:22:14', NULL),
(700, 136, 124, '2025-11-03', 'Activo', '2025-11-03 14:22:14', '2025-11-03 14:22:14', NULL),
(701, 119, 125, '2025-11-03', 'Activo', '2025-11-03 14:22:14', '2025-11-03 14:22:14', NULL),
(702, 136, 125, '2025-11-03', 'Activo', '2025-11-03 14:22:14', '2025-11-03 14:22:14', NULL),
(703, 119, 126, '2025-11-03', 'Activo', '2025-11-03 14:22:14', '2025-11-03 14:22:14', NULL),
(704, 136, 126, '2025-11-03', 'Activo', '2025-11-03 14:22:14', '2025-11-03 14:22:14', NULL),
(705, 119, 127, '2025-11-03', 'Activo', '2025-11-03 14:22:14', '2025-11-03 14:22:14', NULL),
(706, 136, 127, '2025-11-03', 'Activo', '2025-11-03 14:22:14', '2025-11-03 14:22:14', NULL),
(707, 8, 128, '2025-11-03', 'Activo', '2025-11-03 14:22:14', '2025-11-03 14:22:14', NULL),
(708, 13, 128, '2025-11-03', 'Activo', '2025-11-03 14:22:14', '2025-11-03 14:22:14', NULL),
(709, 15, 128, '2025-11-03', 'Activo', '2025-11-03 14:22:14', '2025-11-03 14:22:14', NULL),
(710, 41, 128, '2025-11-03', 'Activo', '2025-11-03 14:22:14', '2025-11-03 14:22:14', NULL),
(711, 44, 128, '2025-11-03', 'Activo', '2025-11-03 14:22:14', '2025-11-03 14:22:14', NULL),
(712, 45, 128, '2025-11-03', 'Activo', '2025-11-03 14:22:14', '2025-11-03 14:22:14', NULL),
(713, 47, 128, '2025-11-03', 'Activo', '2025-11-03 14:22:14', '2025-11-03 14:22:14', NULL),
(714, 105, 128, '2025-11-03', 'Activo', '2025-11-03 14:22:14', '2025-11-03 14:22:14', NULL),
(715, 127, 128, '2025-11-03', 'Activo', '2025-11-03 14:22:14', '2025-11-03 14:22:14', NULL),
(716, 132, 128, '2025-11-03', 'Activo', '2025-11-03 14:22:14', '2025-11-03 14:22:14', NULL),
(717, 137, 128, '2025-11-03', 'Activo', '2025-11-03 14:22:14', '2025-11-03 14:22:14', NULL),
(718, 150, 128, '2025-11-03', 'Activo', '2025-11-03 14:22:14', '2025-11-03 14:22:14', NULL),
(719, 168, 128, '2025-11-03', 'Activo', '2025-11-03 14:22:14', '2025-11-03 14:22:14', NULL),
(720, 8, 129, '2025-11-03', 'Activo', '2025-11-03 14:22:14', '2025-11-03 14:22:14', NULL),
(721, 13, 129, '2025-11-03', 'Activo', '2025-11-03 14:22:14', '2025-11-03 14:22:14', NULL),
(722, 15, 129, '2025-11-03', 'Activo', '2025-11-03 14:22:14', '2025-11-03 14:22:14', NULL),
(723, 41, 129, '2025-11-03', 'Activo', '2025-11-03 14:22:14', '2025-11-03 14:22:14', NULL),
(724, 44, 129, '2025-11-03', 'Activo', '2025-11-03 14:22:14', '2025-11-03 14:22:14', NULL),
(725, 45, 129, '2025-11-03', 'Activo', '2025-11-03 14:22:14', '2025-11-03 14:22:14', NULL),
(726, 47, 129, '2025-11-03', 'Activo', '2025-11-03 14:22:14', '2025-11-03 14:22:14', NULL),
(727, 105, 129, '2025-11-03', 'Activo', '2025-11-03 14:22:14', '2025-11-03 14:22:14', NULL),
(728, 127, 129, '2025-11-03', 'Activo', '2025-11-03 14:22:14', '2025-11-03 14:22:14', NULL),
(729, 132, 129, '2025-11-03', 'Activo', '2025-11-03 14:22:14', '2025-11-03 14:22:14', NULL),
(730, 137, 129, '2025-11-03', 'Activo', '2025-11-03 14:22:14', '2025-11-03 14:22:14', NULL),
(731, 150, 129, '2025-11-03', 'Activo', '2025-11-03 14:22:14', '2025-11-03 14:22:14', NULL),
(732, 168, 129, '2025-11-03', 'Activo', '2025-11-03 14:22:14', '2025-11-03 14:22:14', NULL),
(733, 8, 130, '2025-11-03', 'Activo', '2025-11-03 14:22:14', '2025-11-03 14:22:14', NULL),
(734, 13, 130, '2025-11-03', 'Activo', '2025-11-03 14:22:14', '2025-11-03 14:22:14', NULL),
(735, 15, 130, '2025-11-03', 'Activo', '2025-11-03 14:22:14', '2025-11-03 14:22:14', NULL),
(736, 41, 130, '2025-11-03', 'Activo', '2025-11-03 14:22:14', '2025-11-03 14:22:14', NULL),
(737, 44, 130, '2025-11-03', 'Activo', '2025-11-03 14:22:14', '2025-11-03 14:22:14', NULL),
(738, 45, 130, '2025-11-03', 'Activo', '2025-11-03 14:22:14', '2025-11-03 14:22:14', NULL),
(739, 47, 130, '2025-11-03', 'Activo', '2025-11-03 14:22:14', '2025-11-03 14:22:14', NULL),
(740, 105, 130, '2025-11-03', 'Activo', '2025-11-03 14:22:14', '2025-11-03 14:22:14', NULL),
(741, 127, 130, '2025-11-03', 'Activo', '2025-11-03 14:22:14', '2025-11-03 14:22:14', NULL),
(742, 132, 130, '2025-11-03', 'Activo', '2025-11-03 14:22:14', '2025-11-03 14:22:14', NULL),
(743, 137, 130, '2025-11-03', 'Activo', '2025-11-03 14:22:14', '2025-11-03 14:22:14', NULL),
(744, 150, 130, '2025-11-03', 'Activo', '2025-11-03 14:22:14', '2025-11-03 14:22:14', NULL),
(745, 168, 130, '2025-11-03', 'Activo', '2025-11-03 14:22:14', '2025-11-03 14:22:14', NULL),
(746, 8, 131, '2025-11-03', 'Activo', '2025-11-03 14:22:14', '2025-11-03 14:22:14', NULL),
(747, 13, 131, '2025-11-03', 'Activo', '2025-11-03 14:22:14', '2025-11-03 14:22:14', NULL),
(748, 15, 131, '2025-11-03', 'Activo', '2025-11-03 14:22:14', '2025-11-03 14:22:14', NULL),
(749, 41, 131, '2025-11-03', 'Activo', '2025-11-03 14:22:14', '2025-11-03 14:22:14', NULL),
(750, 44, 131, '2025-11-03', 'Activo', '2025-11-03 14:22:14', '2025-11-03 14:22:14', NULL),
(751, 45, 131, '2025-11-03', 'Activo', '2025-11-03 14:22:14', '2025-11-03 14:22:14', NULL),
(752, 47, 131, '2025-11-03', 'Activo', '2025-11-03 14:22:14', '2025-11-03 14:22:14', NULL),
(753, 105, 131, '2025-11-03', 'Activo', '2025-11-03 14:22:14', '2025-11-03 14:22:14', NULL),
(754, 127, 131, '2025-11-03', 'Activo', '2025-11-03 14:22:14', '2025-11-03 14:22:14', NULL),
(755, 132, 131, '2025-11-03', 'Activo', '2025-11-03 14:22:14', '2025-11-03 14:22:14', NULL),
(756, 137, 131, '2025-11-03', 'Activo', '2025-11-03 14:22:14', '2025-11-03 14:22:14', NULL),
(757, 150, 131, '2025-11-03', 'Activo', '2025-11-03 14:22:14', '2025-11-03 14:22:14', NULL),
(758, 168, 131, '2025-11-03', 'Activo', '2025-11-03 14:22:14', '2025-11-03 14:22:14', NULL),
(759, 8, 132, '2025-11-03', 'Activo', '2025-11-03 14:22:14', '2025-11-03 14:22:14', NULL),
(760, 13, 132, '2025-11-03', 'Activo', '2025-11-03 14:22:14', '2025-11-03 14:22:14', NULL),
(761, 15, 132, '2025-11-03', 'Activo', '2025-11-03 14:22:14', '2025-11-03 14:22:14', NULL),
(762, 41, 132, '2025-11-03', 'Activo', '2025-11-03 14:22:14', '2025-11-03 14:22:14', NULL),
(763, 44, 132, '2025-11-03', 'Activo', '2025-11-03 14:22:14', '2025-11-03 14:22:14', NULL),
(764, 45, 132, '2025-11-03', 'Activo', '2025-11-03 14:22:14', '2025-11-03 14:22:14', NULL),
(765, 47, 132, '2025-11-03', 'Activo', '2025-11-03 14:22:14', '2025-11-03 14:22:14', NULL),
(766, 105, 132, '2025-11-03', 'Activo', '2025-11-03 14:22:14', '2025-11-03 14:22:14', NULL),
(767, 127, 132, '2025-11-03', 'Activo', '2025-11-03 14:22:14', '2025-11-03 14:22:14', NULL),
(768, 132, 132, '2025-11-03', 'Activo', '2025-11-03 14:22:14', '2025-11-03 14:22:14', NULL),
(769, 137, 132, '2025-11-03', 'Activo', '2025-11-03 14:22:14', '2025-11-03 14:22:14', NULL),
(770, 150, 132, '2025-11-03', 'Activo', '2025-11-03 14:22:14', '2025-11-03 14:22:14', NULL),
(771, 168, 132, '2025-11-03', 'Activo', '2025-11-03 14:22:14', '2025-11-03 14:22:14', NULL),
(772, 8, 133, '2025-11-03', 'Activo', '2025-11-03 14:22:14', '2025-11-03 14:22:14', NULL),
(773, 13, 133, '2025-11-03', 'Activo', '2025-11-03 14:22:14', '2025-11-03 14:22:14', NULL),
(774, 15, 133, '2025-11-03', 'Activo', '2025-11-03 14:22:14', '2025-11-03 14:22:14', NULL),
(775, 41, 133, '2025-11-03', 'Activo', '2025-11-03 14:22:14', '2025-11-03 14:22:14', NULL),
(776, 44, 133, '2025-11-03', 'Activo', '2025-11-03 14:22:14', '2025-11-03 14:22:14', NULL),
(777, 45, 133, '2025-11-03', 'Activo', '2025-11-03 14:22:14', '2025-11-03 14:22:14', NULL),
(778, 47, 133, '2025-11-03', 'Activo', '2025-11-03 14:22:14', '2025-11-03 14:22:14', NULL),
(779, 105, 133, '2025-11-03', 'Activo', '2025-11-03 14:22:14', '2025-11-03 14:22:14', NULL),
(780, 127, 133, '2025-11-03', 'Activo', '2025-11-03 14:22:14', '2025-11-03 14:22:14', NULL),
(781, 132, 133, '2025-11-03', 'Activo', '2025-11-03 14:22:14', '2025-11-03 14:22:14', NULL),
(782, 137, 133, '2025-11-03', 'Activo', '2025-11-03 14:22:14', '2025-11-03 14:22:14', NULL),
(783, 150, 133, '2025-11-03', 'Activo', '2025-11-03 14:22:14', '2025-11-03 14:22:14', NULL),
(784, 168, 133, '2025-11-03', 'Activo', '2025-11-03 14:22:14', '2025-11-03 14:22:14', NULL),
(785, 8, 134, '2025-11-03', 'Activo', '2025-11-03 14:22:14', '2025-11-03 14:22:14', NULL),
(786, 13, 134, '2025-11-03', 'Activo', '2025-11-03 14:22:14', '2025-11-03 14:22:14', NULL),
(787, 15, 134, '2025-11-03', 'Activo', '2025-11-03 14:22:14', '2025-11-03 14:22:14', NULL),
(788, 41, 134, '2025-11-03', 'Activo', '2025-11-03 14:22:14', '2025-11-03 14:22:14', NULL),
(789, 44, 134, '2025-11-03', 'Activo', '2025-11-03 14:22:14', '2025-11-03 14:22:14', NULL),
(790, 45, 134, '2025-11-03', 'Activo', '2025-11-03 14:22:14', '2025-11-03 14:22:14', NULL),
(791, 47, 134, '2025-11-03', 'Activo', '2025-11-03 14:22:14', '2025-11-03 14:22:14', NULL),
(792, 105, 134, '2025-11-03', 'Activo', '2025-11-03 14:22:14', '2025-11-03 14:22:14', NULL),
(793, 127, 134, '2025-11-03', 'Activo', '2025-11-03 14:22:14', '2025-11-03 14:22:14', NULL),
(794, 132, 134, '2025-11-03', 'Activo', '2025-11-03 14:22:14', '2025-11-03 14:22:14', NULL),
(795, 137, 134, '2025-11-03', 'Activo', '2025-11-03 14:22:14', '2025-11-03 14:22:14', NULL),
(796, 150, 134, '2025-11-03', 'Activo', '2025-11-03 14:22:14', '2025-11-03 14:22:14', NULL),
(797, 168, 134, '2025-11-03', 'Activo', '2025-11-03 14:22:14', '2025-11-03 14:22:14', NULL),
(798, 85, 135, '2025-11-03', 'Activo', '2025-11-03 14:22:14', '2025-11-03 14:22:14', NULL),
(799, 138, 135, '2025-11-03', 'Activo', '2025-11-03 14:22:14', '2025-11-03 14:22:14', NULL),
(800, 85, 136, '2025-11-03', 'Activo', '2025-11-03 14:22:14', '2025-11-03 14:22:14', NULL),
(801, 138, 136, '2025-11-03', 'Activo', '2025-11-03 14:22:14', '2025-11-03 14:22:14', NULL),
(802, 85, 137, '2025-11-03', 'Activo', '2025-11-03 14:22:14', '2025-11-03 14:22:14', NULL),
(803, 138, 137, '2025-11-03', 'Activo', '2025-11-03 14:22:14', '2025-11-03 14:22:14', NULL),
(804, 85, 138, '2025-11-03', 'Activo', '2025-11-03 14:22:14', '2025-11-03 14:22:14', NULL),
(805, 138, 138, '2025-11-03', 'Activo', '2025-11-03 14:22:14', '2025-11-03 14:22:14', NULL),
(806, 85, 139, '2025-11-03', 'Activo', '2025-11-03 14:22:14', '2025-11-03 14:22:14', NULL),
(807, 138, 139, '2025-11-03', 'Activo', '2025-11-03 14:22:14', '2025-11-03 14:22:14', NULL),
(808, 85, 140, '2025-11-03', 'Activo', '2025-11-03 14:22:14', '2025-11-03 14:22:14', NULL),
(809, 138, 140, '2025-11-03', 'Activo', '2025-11-03 14:22:14', '2025-11-03 14:22:14', NULL),
(810, 9, 141, '2025-11-03', 'Activo', '2025-11-03 14:22:14', '2025-11-03 14:22:14', NULL),
(811, 46, 141, '2025-11-03', 'Activo', '2025-11-03 14:22:14', '2025-11-03 14:22:14', NULL),
(812, 63, 141, '2025-11-03', 'Activo', '2025-11-03 14:22:14', '2025-11-03 14:22:14', NULL),
(813, 73, 141, '2025-11-03', 'Activo', '2025-11-03 14:22:14', '2025-11-03 14:22:14', NULL),
(814, 74, 141, '2025-11-03', 'Activo', '2025-11-03 14:22:14', '2025-11-03 14:22:14', NULL),
(815, 76, 141, '2025-11-03', 'Activo', '2025-11-03 14:22:14', '2025-11-03 14:22:14', NULL),
(816, 81, 141, '2025-11-03', 'Activo', '2025-11-03 14:22:14', '2025-11-03 14:22:14', NULL),
(817, 88, 141, '2025-11-03', 'Activo', '2025-11-03 14:22:14', '2025-11-03 14:22:14', NULL),
(818, 9, 142, '2025-11-03', 'Activo', '2025-11-03 14:22:14', '2025-11-03 14:22:14', NULL),
(819, 46, 142, '2025-11-03', 'Activo', '2025-11-03 14:22:14', '2025-11-03 14:22:14', NULL),
(820, 63, 142, '2025-11-03', 'Activo', '2025-11-03 14:22:14', '2025-11-03 14:22:14', NULL),
(821, 73, 142, '2025-11-03', 'Activo', '2025-11-03 14:22:14', '2025-11-03 14:22:14', NULL),
(822, 74, 142, '2025-11-03', 'Activo', '2025-11-03 14:22:14', '2025-11-03 14:22:14', NULL),
(823, 76, 142, '2025-11-03', 'Activo', '2025-11-03 14:22:14', '2025-11-03 14:22:14', NULL),
(824, 81, 142, '2025-11-03', 'Activo', '2025-11-03 14:22:14', '2025-11-03 14:22:14', NULL),
(825, 88, 142, '2025-11-03', 'Activo', '2025-11-03 14:22:14', '2025-11-03 14:22:14', NULL),
(826, 9, 143, '2025-11-03', 'Activo', '2025-11-03 14:22:14', '2025-11-03 14:22:14', NULL),
(827, 46, 143, '2025-11-03', 'Activo', '2025-11-03 14:22:14', '2025-11-03 14:22:14', NULL),
(828, 63, 143, '2025-11-03', 'Activo', '2025-11-03 14:22:14', '2025-11-03 14:22:14', NULL),
(829, 73, 143, '2025-11-03', 'Activo', '2025-11-03 14:22:14', '2025-11-03 14:22:14', NULL),
(830, 74, 143, '2025-11-03', 'Activo', '2025-11-03 14:22:14', '2025-11-03 14:22:14', NULL),
(831, 76, 143, '2025-11-03', 'Activo', '2025-11-03 14:22:14', '2025-11-03 14:22:14', NULL),
(832, 81, 143, '2025-11-03', 'Activo', '2025-11-03 14:22:14', '2025-11-03 14:22:14', NULL),
(833, 88, 143, '2025-11-03', 'Activo', '2025-11-03 14:22:14', '2025-11-03 14:22:14', NULL),
(834, 9, 144, '2025-11-03', 'Activo', '2025-11-03 14:22:14', '2025-11-03 14:22:14', NULL),
(835, 46, 144, '2025-11-03', 'Activo', '2025-11-03 14:22:14', '2025-11-03 14:22:14', NULL),
(836, 63, 144, '2025-11-03', 'Activo', '2025-11-03 14:22:14', '2025-11-03 14:22:14', NULL),
(837, 73, 144, '2025-11-03', 'Activo', '2025-11-03 14:22:14', '2025-11-03 14:22:14', NULL),
(838, 74, 144, '2025-11-03', 'Activo', '2025-11-03 14:22:14', '2025-11-03 14:22:14', NULL),
(839, 76, 144, '2025-11-03', 'Activo', '2025-11-03 14:22:14', '2025-11-03 14:22:14', NULL),
(840, 81, 144, '2025-11-03', 'Activo', '2025-11-03 14:22:14', '2025-11-03 14:22:14', NULL),
(841, 88, 144, '2025-11-03', 'Activo', '2025-11-03 14:22:14', '2025-11-03 14:22:14', NULL),
(842, 9, 145, '2025-11-03', 'Activo', '2025-11-03 14:22:14', '2025-11-03 14:22:14', NULL),
(843, 46, 145, '2025-11-03', 'Activo', '2025-11-03 14:22:14', '2025-11-03 14:22:14', NULL),
(844, 63, 145, '2025-11-03', 'Activo', '2025-11-03 14:22:14', '2025-11-03 14:22:14', NULL),
(845, 73, 145, '2025-11-03', 'Activo', '2025-11-03 14:22:14', '2025-11-03 14:22:14', NULL),
(846, 74, 145, '2025-11-03', 'Activo', '2025-11-03 14:22:14', '2025-11-03 14:22:14', NULL),
(847, 76, 145, '2025-11-03', 'Activo', '2025-11-03 14:22:14', '2025-11-03 14:22:14', NULL),
(848, 81, 145, '2025-11-03', 'Activo', '2025-11-03 14:22:14', '2025-11-03 14:22:14', NULL),
(849, 88, 145, '2025-11-03', 'Activo', '2025-11-03 14:22:14', '2025-11-03 14:22:14', NULL),
(850, 9, 146, '2025-11-03', 'Activo', '2025-11-03 14:22:14', '2025-11-03 14:22:14', NULL),
(851, 46, 146, '2025-11-03', 'Activo', '2025-11-03 14:22:14', '2025-11-03 14:22:14', NULL),
(852, 63, 146, '2025-11-03', 'Activo', '2025-11-03 14:22:14', '2025-11-03 14:22:14', NULL),
(853, 73, 146, '2025-11-03', 'Activo', '2025-11-03 14:22:14', '2025-11-03 14:22:14', NULL),
(854, 74, 146, '2025-11-03', 'Activo', '2025-11-03 14:22:14', '2025-11-03 14:22:14', NULL),
(855, 76, 146, '2025-11-03', 'Activo', '2025-11-03 14:22:14', '2025-11-03 14:22:14', NULL),
(856, 81, 146, '2025-11-03', 'Activo', '2025-11-03 14:22:14', '2025-11-03 14:22:14', NULL),
(857, 88, 146, '2025-11-03', 'Activo', '2025-11-03 14:22:14', '2025-11-03 14:22:14', NULL),
(858, 18, 152, '2025-11-03', 'Activo', '2025-11-03 14:22:14', '2025-11-03 14:22:14', NULL),
(859, 19, 152, '2025-11-03', 'Activo', '2025-11-03 14:22:14', '2025-11-03 14:22:14', NULL),
(860, 31, 152, '2025-11-03', 'Activo', '2025-11-03 14:22:14', '2025-11-03 14:22:14', NULL),
(861, 48, 152, '2025-11-03', 'Activo', '2025-11-03 14:22:14', '2025-11-03 14:22:14', NULL),
(862, 92, 152, '2025-11-03', 'Activo', '2025-11-03 14:22:14', '2025-11-03 14:22:14', NULL),
(863, 135, 152, '2025-11-03', 'Activo', '2025-11-03 14:22:14', '2025-11-03 14:22:14', NULL),
(864, 183, 152, '2025-11-03', 'Activo', '2025-11-03 14:22:14', '2025-11-03 14:22:14', NULL),
(865, 18, 153, '2025-11-03', 'Activo', '2025-11-03 14:22:14', '2025-11-03 14:22:14', NULL),
(866, 19, 153, '2025-11-03', 'Activo', '2025-11-03 14:22:14', '2025-11-03 14:22:14', NULL),
(867, 31, 153, '2025-11-03', 'Activo', '2025-11-03 14:22:14', '2025-11-03 14:22:14', NULL),
(868, 48, 153, '2025-11-03', 'Activo', '2025-11-03 14:22:14', '2025-11-03 14:22:14', NULL),
(869, 92, 153, '2025-11-03', 'Activo', '2025-11-03 14:22:14', '2025-11-03 14:22:14', NULL),
(870, 135, 153, '2025-11-03', 'Activo', '2025-11-03 14:22:14', '2025-11-03 14:22:14', NULL),
(871, 183, 153, '2025-11-03', 'Activo', '2025-11-03 14:22:14', '2025-11-03 14:22:14', NULL),
(872, 18, 154, '2025-11-03', 'Activo', '2025-11-03 14:22:14', '2025-11-03 14:22:14', NULL),
(873, 19, 154, '2025-11-03', 'Activo', '2025-11-03 14:22:14', '2025-11-03 14:22:14', NULL),
(874, 31, 154, '2025-11-03', 'Activo', '2025-11-03 14:22:14', '2025-11-03 14:22:14', NULL),
(875, 48, 154, '2025-11-03', 'Activo', '2025-11-03 14:22:14', '2025-11-03 14:22:14', NULL),
(876, 92, 154, '2025-11-03', 'Activo', '2025-11-03 14:22:14', '2025-11-03 14:22:14', NULL),
(877, 135, 154, '2025-11-03', 'Activo', '2025-11-03 14:22:14', '2025-11-03 14:22:14', NULL),
(878, 183, 154, '2025-11-03', 'Activo', '2025-11-03 14:22:14', '2025-11-03 14:22:14', NULL),
(879, 18, 155, '2025-11-03', 'Activo', '2025-11-03 14:22:14', '2025-11-03 14:22:14', NULL),
(880, 19, 155, '2025-11-03', 'Activo', '2025-11-03 14:22:14', '2025-11-03 14:22:14', NULL),
(881, 31, 155, '2025-11-03', 'Activo', '2025-11-03 14:22:14', '2025-11-03 14:22:14', NULL),
(882, 48, 155, '2025-11-03', 'Activo', '2025-11-03 14:22:14', '2025-11-03 14:22:14', NULL),
(883, 92, 155, '2025-11-03', 'Activo', '2025-11-03 14:22:14', '2025-11-03 14:22:14', NULL),
(884, 135, 155, '2025-11-03', 'Activo', '2025-11-03 14:22:14', '2025-11-03 14:22:14', NULL),
(885, 183, 155, '2025-11-03', 'Activo', '2025-11-03 14:22:14', '2025-11-03 14:22:14', NULL),
(886, 18, 156, '2025-11-03', 'Activo', '2025-11-03 14:22:14', '2025-11-03 14:22:14', NULL),
(887, 19, 156, '2025-11-03', 'Activo', '2025-11-03 14:22:14', '2025-11-03 14:22:14', NULL),
(888, 31, 156, '2025-11-03', 'Activo', '2025-11-03 14:22:14', '2025-11-03 14:22:14', NULL),
(889, 48, 156, '2025-11-03', 'Activo', '2025-11-03 14:22:14', '2025-11-03 14:22:14', NULL),
(890, 92, 156, '2025-11-03', 'Activo', '2025-11-03 14:22:14', '2025-11-03 14:22:14', NULL),
(891, 135, 156, '2025-11-03', 'Activo', '2025-11-03 14:22:14', '2025-11-03 14:22:14', NULL),
(892, 183, 156, '2025-11-03', 'Activo', '2025-11-03 14:22:14', '2025-11-03 14:22:14', NULL),
(893, 18, 157, '2025-11-03', 'Activo', '2025-11-03 14:22:14', '2025-11-03 14:22:14', NULL),
(894, 19, 157, '2025-11-03', 'Activo', '2025-11-03 14:22:14', '2025-11-03 14:22:14', NULL),
(895, 31, 157, '2025-11-03', 'Activo', '2025-11-03 14:22:14', '2025-11-03 14:22:14', NULL),
(896, 48, 157, '2025-11-03', 'Activo', '2025-11-03 14:22:14', '2025-11-03 14:22:14', NULL),
(897, 92, 157, '2025-11-03', 'Activo', '2025-11-03 14:22:14', '2025-11-03 14:22:14', NULL),
(898, 135, 157, '2025-11-03', 'Activo', '2025-11-03 14:22:14', '2025-11-03 14:22:14', NULL),
(899, 183, 157, '2025-11-03', 'Activo', '2025-11-03 14:22:14', '2025-11-03 14:22:14', NULL),
(900, 104, 158, '2025-11-03', 'Activo', '2025-11-03 14:22:14', '2025-11-03 14:22:14', NULL),
(901, 104, 159, '2025-11-03', 'Activo', '2025-11-03 14:22:14', '2025-11-03 14:22:14', NULL),
(902, 104, 160, '2025-11-03', 'Activo', '2025-11-03 14:22:14', '2025-11-03 14:22:14', NULL),
(903, 104, 161, '2025-11-03', 'Activo', '2025-11-03 14:22:14', '2025-11-03 14:22:14', NULL),
(904, 104, 162, '2025-11-03', 'Activo', '2025-11-03 14:22:14', '2025-11-03 14:22:14', NULL),
(905, 104, 163, '2025-11-03', 'Activo', '2025-11-03 14:22:14', '2025-11-03 14:22:14', NULL),
(906, 104, 164, '2025-11-03', 'Activo', '2025-11-03 14:22:14', '2025-11-03 14:22:14', NULL),
(907, 32, 165, '2025-11-03', 'Activo', '2025-11-03 14:22:14', '2025-11-03 14:22:14', NULL),
(908, 42, 165, '2025-11-03', 'Activo', '2025-11-03 14:22:14', '2025-11-03 14:22:14', NULL),
(909, 70, 165, '2025-11-03', 'Activo', '2025-11-03 14:22:14', '2025-11-03 14:22:14', NULL),
(910, 75, 165, '2025-11-03', 'Activo', '2025-11-03 14:22:14', '2025-11-03 14:22:14', NULL),
(911, 32, 166, '2025-11-03', 'Activo', '2025-11-03 14:22:14', '2025-11-03 14:22:14', NULL),
(912, 42, 166, '2025-11-03', 'Activo', '2025-11-03 14:22:14', '2025-11-03 14:22:14', NULL),
(913, 70, 166, '2025-11-03', 'Activo', '2025-11-03 14:22:14', '2025-11-03 14:22:14', NULL),
(914, 75, 166, '2025-11-03', 'Activo', '2025-11-03 14:22:14', '2025-11-03 14:22:14', NULL),
(915, 32, 167, '2025-11-03', 'Activo', '2025-11-03 14:22:14', '2025-11-03 14:22:14', NULL),
(916, 42, 167, '2025-11-03', 'Activo', '2025-11-03 14:22:14', '2025-11-03 14:22:14', NULL),
(917, 70, 167, '2025-11-03', 'Activo', '2025-11-03 14:22:14', '2025-11-03 14:22:14', NULL),
(918, 75, 167, '2025-11-03', 'Activo', '2025-11-03 14:22:14', '2025-11-03 14:22:14', NULL),
(919, 32, 168, '2025-11-03', 'Activo', '2025-11-03 14:22:14', '2025-11-03 14:22:14', NULL),
(920, 42, 168, '2025-11-03', 'Activo', '2025-11-03 14:22:14', '2025-11-03 14:22:14', NULL),
(921, 70, 168, '2025-11-03', 'Activo', '2025-11-03 14:22:14', '2025-11-03 14:22:14', NULL),
(922, 75, 168, '2025-11-03', 'Activo', '2025-11-03 14:22:14', '2025-11-03 14:22:14', NULL),
(923, 32, 169, '2025-11-03', 'Activo', '2025-11-03 14:22:14', '2025-11-03 14:22:14', NULL),
(924, 42, 169, '2025-11-03', 'Activo', '2025-11-03 14:22:14', '2025-11-03 14:22:14', NULL),
(925, 70, 169, '2025-11-03', 'Activo', '2025-11-03 14:22:14', '2025-11-03 14:22:14', NULL),
(926, 75, 169, '2025-11-03', 'Activo', '2025-11-03 14:22:14', '2025-11-03 14:22:14', NULL),
(927, 32, 170, '2025-11-03', 'Activo', '2025-11-03 14:22:14', '2025-11-03 14:22:14', NULL),
(928, 42, 170, '2025-11-03', 'Activo', '2025-11-03 14:22:14', '2025-11-03 14:22:14', NULL),
(929, 70, 170, '2025-11-03', 'Activo', '2025-11-03 14:22:14', '2025-11-03 14:22:14', NULL),
(930, 75, 170, '2025-11-03', 'Activo', '2025-11-03 14:22:14', '2025-11-03 14:22:14', NULL),
(931, 27, 171, '2025-11-03', 'Activo', '2025-11-03 14:22:14', '2025-11-03 14:22:14', NULL),
(932, 49, 171, '2025-11-03', 'Activo', '2025-11-03 14:22:14', '2025-11-03 14:22:14', NULL),
(933, 62, 171, '2025-11-03', 'Activo', '2025-11-03 14:22:14', '2025-11-03 14:22:14', NULL),
(934, 78, 171, '2025-11-03', 'Activo', '2025-11-03 14:22:14', '2025-11-03 14:22:14', NULL),
(935, 95, 171, '2025-11-03', 'Activo', '2025-11-03 14:22:14', '2025-11-03 14:22:14', NULL),
(936, 130, 171, '2025-11-03', 'Activo', '2025-11-03 14:22:14', '2025-11-03 14:22:14', NULL),
(937, 146, 171, '2025-11-03', 'Activo', '2025-11-03 14:22:14', '2025-11-03 14:22:14', NULL),
(938, 155, 171, '2025-11-03', 'Activo', '2025-11-03 14:22:14', '2025-11-03 14:22:14', NULL),
(939, 156, 171, '2025-11-03', 'Activo', '2025-11-03 14:22:14', '2025-11-03 14:22:14', NULL),
(940, 170, 171, '2025-11-03', 'Activo', '2025-11-03 14:22:14', '2025-11-03 14:22:14', NULL),
(941, 175, 171, '2025-11-03', 'Activo', '2025-11-03 14:22:14', '2025-11-03 14:22:14', NULL),
(942, 27, 172, '2025-11-03', 'Activo', '2025-11-03 14:22:14', '2025-11-03 14:22:14', NULL),
(943, 49, 172, '2025-11-03', 'Activo', '2025-11-03 14:22:14', '2025-11-03 14:22:14', NULL),
(944, 62, 172, '2025-11-03', 'Activo', '2025-11-03 14:22:14', '2025-11-03 14:22:14', NULL),
(945, 78, 172, '2025-11-03', 'Activo', '2025-11-03 14:22:14', '2025-11-03 14:22:14', NULL),
(946, 95, 172, '2025-11-03', 'Activo', '2025-11-03 14:22:14', '2025-11-03 14:22:14', NULL),
(947, 130, 172, '2025-11-03', 'Activo', '2025-11-03 14:22:14', '2025-11-03 14:22:14', NULL),
(948, 146, 172, '2025-11-03', 'Activo', '2025-11-03 14:22:14', '2025-11-03 14:22:14', NULL),
(949, 155, 172, '2025-11-03', 'Activo', '2025-11-03 14:22:14', '2025-11-03 14:22:14', NULL),
(950, 156, 172, '2025-11-03', 'Activo', '2025-11-03 14:22:14', '2025-11-03 14:22:14', NULL),
(951, 170, 172, '2025-11-03', 'Activo', '2025-11-03 14:22:14', '2025-11-03 14:22:14', NULL),
(952, 175, 172, '2025-11-03', 'Activo', '2025-11-03 14:22:14', '2025-11-03 14:22:14', NULL),
(953, 27, 173, '2025-11-03', 'Activo', '2025-11-03 14:22:14', '2025-11-03 14:22:14', NULL),
(954, 49, 173, '2025-11-03', 'Activo', '2025-11-03 14:22:14', '2025-11-03 14:22:14', NULL),
(955, 62, 173, '2025-11-03', 'Activo', '2025-11-03 14:22:14', '2025-11-03 14:22:14', NULL),
(956, 78, 173, '2025-11-03', 'Activo', '2025-11-03 14:22:14', '2025-11-03 14:22:14', NULL),
(957, 95, 173, '2025-11-03', 'Activo', '2025-11-03 14:22:14', '2025-11-03 14:22:14', NULL),
(958, 130, 173, '2025-11-03', 'Activo', '2025-11-03 14:22:14', '2025-11-03 14:22:14', NULL),
(959, 146, 173, '2025-11-03', 'Activo', '2025-11-03 14:22:14', '2025-11-03 14:22:14', NULL),
(960, 155, 173, '2025-11-03', 'Activo', '2025-11-03 14:22:14', '2025-11-03 14:22:14', NULL),
(961, 156, 173, '2025-11-03', 'Activo', '2025-11-03 14:22:14', '2025-11-03 14:22:14', NULL),
(962, 170, 173, '2025-11-03', 'Activo', '2025-11-03 14:22:14', '2025-11-03 14:22:14', NULL),
(963, 175, 173, '2025-11-03', 'Activo', '2025-11-03 14:22:14', '2025-11-03 14:22:14', NULL),
(964, 27, 174, '2025-11-03', 'Activo', '2025-11-03 14:22:14', '2025-11-03 14:22:14', NULL),
(965, 49, 174, '2025-11-03', 'Activo', '2025-11-03 14:22:14', '2025-11-03 14:22:14', NULL),
(966, 62, 174, '2025-11-03', 'Activo', '2025-11-03 14:22:14', '2025-11-03 14:22:14', NULL),
(967, 78, 174, '2025-11-03', 'Activo', '2025-11-03 14:22:14', '2025-11-03 14:22:14', NULL),
(968, 95, 174, '2025-11-03', 'Activo', '2025-11-03 14:22:14', '2025-11-03 14:22:14', NULL),
(969, 130, 174, '2025-11-03', 'Activo', '2025-11-03 14:22:14', '2025-11-03 14:22:14', NULL),
(970, 146, 174, '2025-11-03', 'Activo', '2025-11-03 14:22:14', '2025-11-03 14:22:14', NULL),
(971, 155, 174, '2025-11-03', 'Activo', '2025-11-03 14:22:14', '2025-11-03 14:22:14', NULL),
(972, 156, 174, '2025-11-03', 'Activo', '2025-11-03 14:22:14', '2025-11-03 14:22:14', NULL),
(973, 170, 174, '2025-11-03', 'Activo', '2025-11-03 14:22:14', '2025-11-03 14:22:14', NULL),
(974, 175, 174, '2025-11-03', 'Activo', '2025-11-03 14:22:14', '2025-11-03 14:22:14', NULL),
(975, 27, 175, '2025-11-03', 'Activo', '2025-11-03 14:22:14', '2025-11-03 14:22:14', NULL),
(976, 49, 175, '2025-11-03', 'Activo', '2025-11-03 14:22:14', '2025-11-03 14:22:14', NULL),
(977, 62, 175, '2025-11-03', 'Activo', '2025-11-03 14:22:14', '2025-11-03 14:22:14', NULL),
(978, 78, 175, '2025-11-03', 'Activo', '2025-11-03 14:22:14', '2025-11-03 14:22:14', NULL),
(979, 95, 175, '2025-11-03', 'Activo', '2025-11-03 14:22:14', '2025-11-03 14:22:14', NULL),
(980, 130, 175, '2025-11-03', 'Activo', '2025-11-03 14:22:14', '2025-11-03 14:22:14', NULL),
(981, 146, 175, '2025-11-03', 'Activo', '2025-11-03 14:22:14', '2025-11-03 14:22:14', NULL),
(982, 155, 175, '2025-11-03', 'Activo', '2025-11-03 14:22:14', '2025-11-03 14:22:14', NULL),
(983, 156, 175, '2025-11-03', 'Activo', '2025-11-03 14:22:14', '2025-11-03 14:22:14', NULL),
(984, 170, 175, '2025-11-03', 'Activo', '2025-11-03 14:22:14', '2025-11-03 14:22:14', NULL),
(985, 175, 175, '2025-11-03', 'Activo', '2025-11-03 14:22:14', '2025-11-03 14:22:14', NULL),
(986, 27, 176, '2025-11-03', 'Activo', '2025-11-03 14:22:14', '2025-11-03 14:22:14', NULL),
(987, 49, 176, '2025-11-03', 'Activo', '2025-11-03 14:22:14', '2025-11-03 14:22:14', NULL),
(988, 62, 176, '2025-11-03', 'Activo', '2025-11-03 14:22:14', '2025-11-03 14:22:14', NULL),
(989, 78, 176, '2025-11-03', 'Activo', '2025-11-03 14:22:14', '2025-11-03 14:22:14', NULL),
(990, 95, 176, '2025-11-03', 'Activo', '2025-11-03 14:22:14', '2025-11-03 14:22:14', NULL),
(991, 130, 176, '2025-11-03', 'Activo', '2025-11-03 14:22:14', '2025-11-03 14:22:14', NULL),
(992, 146, 176, '2025-11-03', 'Activo', '2025-11-03 14:22:14', '2025-11-03 14:22:14', NULL),
(993, 155, 176, '2025-11-03', 'Activo', '2025-11-03 14:22:14', '2025-11-03 14:22:14', NULL),
(994, 156, 176, '2025-11-03', 'Activo', '2025-11-03 14:22:14', '2025-11-03 14:22:14', NULL),
(995, 170, 176, '2025-11-03', 'Activo', '2025-11-03 14:22:14', '2025-11-03 14:22:14', NULL),
(996, 175, 176, '2025-11-03', 'Activo', '2025-11-03 14:22:14', '2025-11-03 14:22:14', NULL),
(997, 22, 177, '2025-11-03', 'Activo', '2025-11-03 14:22:14', '2025-11-03 14:22:14', NULL),
(998, 38, 177, '2025-11-03', 'Activo', '2025-11-03 14:22:14', '2025-11-03 14:22:14', NULL),
(999, 55, 177, '2025-11-03', 'Activo', '2025-11-03 14:22:14', '2025-11-03 14:22:14', NULL),
(1000, 102, 177, '2025-11-03', 'Activo', '2025-11-03 14:22:14', '2025-11-03 14:22:14', NULL),
(1001, 22, 178, '2025-11-03', 'Activo', '2025-11-03 14:22:14', '2025-11-03 14:22:14', NULL),
(1002, 38, 178, '2025-11-03', 'Activo', '2025-11-03 14:22:14', '2025-11-03 14:22:14', NULL),
(1003, 55, 178, '2025-11-03', 'Activo', '2025-11-03 14:22:14', '2025-11-03 14:22:14', NULL),
(1004, 102, 178, '2025-11-03', 'Activo', '2025-11-03 14:22:14', '2025-11-03 14:22:14', NULL),
(1005, 22, 179, '2025-11-03', 'Activo', '2025-11-03 14:22:14', '2025-11-03 14:22:14', NULL),
(1006, 38, 179, '2025-11-03', 'Activo', '2025-11-03 14:22:14', '2025-11-03 14:22:14', NULL),
(1007, 55, 179, '2025-11-03', 'Activo', '2025-11-03 14:22:14', '2025-11-03 14:22:14', NULL),
(1008, 102, 179, '2025-11-03', 'Activo', '2025-11-03 14:22:14', '2025-11-03 14:22:14', NULL),
(1009, 22, 180, '2025-11-03', 'Activo', '2025-11-03 14:22:14', '2025-11-03 14:22:14', NULL),
(1010, 38, 180, '2025-11-03', 'Activo', '2025-11-03 14:22:14', '2025-11-03 14:22:14', NULL),
(1034, 16, 8, '2025-11-03', 'Activo', '2025-11-03 14:25:16', '2025-11-03 14:25:16', NULL),
(1035, 58, 8, '2025-11-03', 'Activo', '2025-11-03 14:25:16', '2025-11-03 14:25:16', NULL),
(1036, 69, 8, '2025-11-03', 'Activo', '2025-11-03 14:25:16', '2025-11-03 14:25:16', NULL),
(1037, 72, 8, '2025-11-03', 'Activo', '2025-11-03 14:25:16', '2025-11-03 14:25:16', NULL),
(1038, 90, 8, '2025-11-03', 'Activo', '2025-11-03 14:25:16', '2025-11-03 14:25:16', NULL),
(1039, 101, 8, '2025-11-03', 'Activo', '2025-11-03 14:25:16', '2025-11-03 14:25:16', NULL),
(1040, 108, 8, '2025-11-03', 'Activo', '2025-11-03 14:25:16', '2025-11-03 14:25:16', NULL),
(1041, 131, 8, '2025-11-03', 'Activo', '2025-11-03 14:25:16', '2025-11-03 14:25:16', NULL),
(1042, 144, 8, '2025-11-03', 'Activo', '2025-11-03 14:25:16', '2025-11-03 14:25:16', NULL),
(1043, 169, 8, '2025-11-03', 'Activo', '2025-11-03 14:25:16', '2025-11-03 14:25:16', NULL),
(1044, 177, 8, '2025-11-03', 'Activo', '2025-11-03 14:25:16', '2025-11-03 14:25:16', NULL),
(1045, 180, 8, '2025-11-03', 'Activo', '2025-11-03 14:25:16', '2025-11-03 14:25:16', NULL),
(1046, 307, 8, '2025-11-03', 'Activo', '2025-11-03 14:25:16', '2025-11-03 14:25:16', NULL),
(1047, 319, 8, '2025-11-03', 'Activo', '2025-11-03 14:25:16', '2025-11-03 14:25:16', NULL),
(1048, 334, 8, '2025-11-03', 'Activo', '2025-11-03 14:25:16', '2025-11-03 14:25:16', NULL),
(1049, 359, 8, '2025-11-03', 'Activo', '2025-11-03 14:25:16', '2025-11-03 14:25:16', NULL),
(1050, 381, 8, '2025-11-03', 'Activo', '2025-11-03 14:25:16', '2025-11-03 14:25:16', NULL),
(1051, 395, 8, '2025-11-03', 'Activo', '2025-11-03 14:25:16', '2025-11-03 14:25:16', NULL),
(1052, 404, 8, '2025-11-03', 'Activo', '2025-11-03 14:25:16', '2025-11-03 14:25:16', NULL),
(1053, 407, 8, '2025-11-03', 'Activo', '2025-11-03 14:25:16', '2025-11-03 14:25:16', NULL),
(1054, 432, 8, '2025-11-03', 'Activo', '2025-11-03 14:25:16', '2025-11-03 14:25:16', NULL),
(1055, 438, 8, '2025-11-03', 'Activo', '2025-11-03 14:25:16', '2025-11-03 14:25:16', NULL),
(1056, 446, 8, '2025-11-03', 'Activo', '2025-11-03 14:25:16', '2025-11-03 14:25:16', NULL),
(1057, 464, 8, '2025-11-03', 'Activo', '2025-11-03 14:25:16', '2025-11-03 14:25:16', NULL),
(1058, 476, 8, '2025-11-03', 'Activo', '2025-11-03 14:25:16', '2025-11-03 14:25:16', NULL),
(1059, 494, 8, '2025-11-03', 'Activo', '2025-11-03 14:25:16', '2025-11-03 14:25:16', NULL),
(1060, 497, 8, '2025-11-03', 'Activo', '2025-11-03 14:25:16', '2025-11-03 14:25:16', NULL),
(1061, 506, 8, '2025-11-03', 'Activo', '2025-11-03 14:25:16', '2025-11-03 14:25:16', NULL),
(1062, 545, 8, '2025-11-03', 'Activo', '2025-11-03 14:25:16', '2025-11-03 14:25:16', NULL),
(1063, 550, 8, '2025-11-03', 'Activo', '2025-11-03 14:25:16', '2025-11-03 14:25:16', NULL),
(1064, 551, 8, '2025-11-03', 'Activo', '2025-11-03 14:25:16', '2025-11-03 14:25:16', NULL),
(1065, 584, 8, '2025-11-03', 'Activo', '2025-11-03 14:25:16', '2025-11-03 14:25:16', NULL),
(1066, 598, 8, '2025-11-03', 'Activo', '2025-11-03 14:25:16', '2025-11-03 14:25:16', NULL),
(1067, 599, 8, '2025-11-03', 'Activo', '2025-11-03 14:25:16', '2025-11-03 14:25:16', NULL),
(1068, 609, 8, '2025-11-03', 'Activo', '2025-11-03 14:25:16', '2025-11-03 14:25:16', NULL),
(1069, 615, 8, '2025-11-03', 'Activo', '2025-11-03 14:25:16', '2025-11-03 14:25:16', NULL),
(1070, 16, 9, '2025-11-03', 'Activo', '2025-11-03 14:25:16', '2025-11-03 14:25:16', NULL),
(1071, 58, 9, '2025-11-03', 'Activo', '2025-11-03 14:25:16', '2025-11-03 14:25:16', NULL),
(1072, 69, 9, '2025-11-03', 'Activo', '2025-11-03 14:25:16', '2025-11-03 14:25:16', NULL),
(1073, 72, 9, '2025-11-03', 'Activo', '2025-11-03 14:25:16', '2025-11-03 14:25:16', NULL),
(1074, 90, 9, '2025-11-03', 'Activo', '2025-11-03 14:25:16', '2025-11-03 14:25:16', NULL),
(1075, 101, 9, '2025-11-03', 'Activo', '2025-11-03 14:25:16', '2025-11-03 14:25:16', NULL),
(1076, 108, 9, '2025-11-03', 'Activo', '2025-11-03 14:25:16', '2025-11-03 14:25:16', NULL),
(1077, 131, 9, '2025-11-03', 'Activo', '2025-11-03 14:25:16', '2025-11-03 14:25:16', NULL),
(1078, 144, 9, '2025-11-03', 'Activo', '2025-11-03 14:25:16', '2025-11-03 14:25:16', NULL),
(1079, 169, 9, '2025-11-03', 'Activo', '2025-11-03 14:25:16', '2025-11-03 14:25:16', NULL),
(1080, 177, 9, '2025-11-03', 'Activo', '2025-11-03 14:25:16', '2025-11-03 14:25:16', NULL),
(1081, 180, 9, '2025-11-03', 'Activo', '2025-11-03 14:25:16', '2025-11-03 14:25:16', NULL),
(1082, 307, 9, '2025-11-03', 'Activo', '2025-11-03 14:25:16', '2025-11-03 14:25:16', NULL),
(1083, 319, 9, '2025-11-03', 'Activo', '2025-11-03 14:25:16', '2025-11-03 14:25:16', NULL),
(1084, 334, 9, '2025-11-03', 'Activo', '2025-11-03 14:25:16', '2025-11-03 14:25:16', NULL),
(1085, 359, 9, '2025-11-03', 'Activo', '2025-11-03 14:25:16', '2025-11-03 14:25:16', NULL),
(1086, 381, 9, '2025-11-03', 'Activo', '2025-11-03 14:25:16', '2025-11-03 14:25:16', NULL),
(1087, 395, 9, '2025-11-03', 'Activo', '2025-11-03 14:25:16', '2025-11-03 14:25:16', NULL),
(1088, 404, 9, '2025-11-03', 'Activo', '2025-11-03 14:25:16', '2025-11-03 14:25:16', NULL),
(1089, 407, 9, '2025-11-03', 'Activo', '2025-11-03 14:25:16', '2025-11-03 14:25:16', NULL),
(1090, 432, 9, '2025-11-03', 'Activo', '2025-11-03 14:25:16', '2025-11-03 14:25:16', NULL),
(1091, 438, 9, '2025-11-03', 'Activo', '2025-11-03 14:25:16', '2025-11-03 14:25:16', NULL),
(1092, 446, 9, '2025-11-03', 'Activo', '2025-11-03 14:25:16', '2025-11-03 14:25:16', NULL),
(1093, 464, 9, '2025-11-03', 'Activo', '2025-11-03 14:25:16', '2025-11-03 14:25:16', NULL),
(1094, 476, 9, '2025-11-03', 'Activo', '2025-11-03 14:25:16', '2025-11-03 14:25:16', NULL),
(1095, 494, 9, '2025-11-03', 'Activo', '2025-11-03 14:25:16', '2025-11-03 14:25:16', NULL),
(1096, 497, 9, '2025-11-03', 'Activo', '2025-11-03 14:25:16', '2025-11-03 14:25:16', NULL),
(1097, 506, 9, '2025-11-03', 'Activo', '2025-11-03 14:25:16', '2025-11-03 14:25:16', NULL),
(1098, 545, 9, '2025-11-03', 'Activo', '2025-11-03 14:25:16', '2025-11-03 14:25:16', NULL),
(1099, 550, 9, '2025-11-03', 'Activo', '2025-11-03 14:25:16', '2025-11-03 14:25:16', NULL),
(1100, 551, 9, '2025-11-03', 'Activo', '2025-11-03 14:25:16', '2025-11-03 14:25:16', NULL),
(1101, 584, 9, '2025-11-03', 'Activo', '2025-11-03 14:25:16', '2025-11-03 14:25:16', NULL),
(1102, 598, 9, '2025-11-03', 'Activo', '2025-11-03 14:25:16', '2025-11-03 14:25:16', NULL),
(1103, 599, 9, '2025-11-03', 'Activo', '2025-11-03 14:25:16', '2025-11-03 14:25:16', NULL),
(1104, 609, 9, '2025-11-03', 'Activo', '2025-11-03 14:25:16', '2025-11-03 14:25:16', NULL),
(1105, 615, 9, '2025-11-03', 'Activo', '2025-11-03 14:25:16', '2025-11-03 14:25:16', NULL),
(1106, 16, 10, '2025-11-03', 'Activo', '2025-11-03 14:25:16', '2025-11-03 14:25:16', NULL),
(1107, 58, 10, '2025-11-03', 'Activo', '2025-11-03 14:25:16', '2025-11-03 14:25:16', NULL),
(1108, 69, 10, '2025-11-03', 'Activo', '2025-11-03 14:25:16', '2025-11-03 14:25:16', NULL),
(1109, 72, 10, '2025-11-03', 'Activo', '2025-11-03 14:25:16', '2025-11-03 14:25:16', NULL),
(1110, 90, 10, '2025-11-03', 'Activo', '2025-11-03 14:25:16', '2025-11-03 14:25:16', NULL),
(1111, 101, 10, '2025-11-03', 'Activo', '2025-11-03 14:25:16', '2025-11-03 14:25:16', NULL),
(1112, 108, 10, '2025-11-03', 'Activo', '2025-11-03 14:25:16', '2025-11-03 14:25:16', NULL),
(1113, 131, 10, '2025-11-03', 'Activo', '2025-11-03 14:25:16', '2025-11-03 14:25:16', NULL),
(1114, 144, 10, '2025-11-03', 'Activo', '2025-11-03 14:25:16', '2025-11-03 14:25:16', NULL),
(1115, 169, 10, '2025-11-03', 'Activo', '2025-11-03 14:25:16', '2025-11-03 14:25:16', NULL),
(1116, 177, 10, '2025-11-03', 'Activo', '2025-11-03 14:25:16', '2025-11-03 14:25:16', NULL),
(1117, 180, 10, '2025-11-03', 'Activo', '2025-11-03 14:25:16', '2025-11-03 14:25:16', NULL),
(1118, 307, 10, '2025-11-03', 'Activo', '2025-11-03 14:25:16', '2025-11-03 14:25:16', NULL),
(1119, 319, 10, '2025-11-03', 'Activo', '2025-11-03 14:25:16', '2025-11-03 14:25:16', NULL),
(1120, 334, 10, '2025-11-03', 'Activo', '2025-11-03 14:25:16', '2025-11-03 14:25:16', NULL),
(1121, 359, 10, '2025-11-03', 'Activo', '2025-11-03 14:25:16', '2025-11-03 14:25:16', NULL),
(1122, 381, 10, '2025-11-03', 'Activo', '2025-11-03 14:25:16', '2025-11-03 14:25:16', NULL),
(1123, 395, 10, '2025-11-03', 'Activo', '2025-11-03 14:25:16', '2025-11-03 14:25:16', NULL),
(1124, 404, 10, '2025-11-03', 'Activo', '2025-11-03 14:25:16', '2025-11-03 14:25:16', NULL),
(1125, 407, 10, '2025-11-03', 'Activo', '2025-11-03 14:25:16', '2025-11-03 14:25:16', NULL),
(1126, 432, 10, '2025-11-03', 'Activo', '2025-11-03 14:25:16', '2025-11-03 14:25:16', NULL),
(1127, 438, 10, '2025-11-03', 'Activo', '2025-11-03 14:25:16', '2025-11-03 14:25:16', NULL),
(1128, 446, 10, '2025-11-03', 'Activo', '2025-11-03 14:25:16', '2025-11-03 14:25:16', NULL),
(1129, 464, 10, '2025-11-03', 'Activo', '2025-11-03 14:25:16', '2025-11-03 14:25:16', NULL),
(1130, 476, 10, '2025-11-03', 'Activo', '2025-11-03 14:25:16', '2025-11-03 14:25:16', NULL),
(1131, 494, 10, '2025-11-03', 'Activo', '2025-11-03 14:25:16', '2025-11-03 14:25:16', NULL),
(1132, 497, 10, '2025-11-03', 'Activo', '2025-11-03 14:25:16', '2025-11-03 14:25:16', NULL),
(1133, 506, 10, '2025-11-03', 'Activo', '2025-11-03 14:25:16', '2025-11-03 14:25:16', NULL),
(1134, 545, 10, '2025-11-03', 'Activo', '2025-11-03 14:25:16', '2025-11-03 14:25:16', NULL),
(1135, 550, 10, '2025-11-03', 'Activo', '2025-11-03 14:25:16', '2025-11-03 14:25:16', NULL),
(1136, 551, 10, '2025-11-03', 'Activo', '2025-11-03 14:25:16', '2025-11-03 14:25:16', NULL),
(1137, 584, 10, '2025-11-03', 'Activo', '2025-11-03 14:25:16', '2025-11-03 14:25:16', NULL),
(1138, 598, 10, '2025-11-03', 'Activo', '2025-11-03 14:25:16', '2025-11-03 14:25:16', NULL),
(1139, 599, 10, '2025-11-03', 'Activo', '2025-11-03 14:25:16', '2025-11-03 14:25:16', NULL),
(1140, 609, 10, '2025-11-03', 'Activo', '2025-11-03 14:25:16', '2025-11-03 14:25:16', NULL),
(1141, 615, 10, '2025-11-03', 'Activo', '2025-11-03 14:25:16', '2025-11-03 14:25:16', NULL);
INSERT INTO `inscripciones` (`id_inscripcion`, `id_alumno`, `id_curso`, `fecha_inscripcion`, `estado`, `created_at`, `updated_at`, `deleted_at`) VALUES
(1142, 16, 11, '2025-11-03', 'Activo', '2025-11-03 14:25:16', '2025-11-03 14:25:16', NULL),
(1143, 58, 11, '2025-11-03', 'Activo', '2025-11-03 14:25:16', '2025-11-03 14:25:16', NULL),
(1144, 69, 11, '2025-11-03', 'Activo', '2025-11-03 14:25:16', '2025-11-03 14:25:16', NULL),
(1145, 72, 11, '2025-11-03', 'Activo', '2025-11-03 14:25:16', '2025-11-03 14:25:16', NULL),
(1146, 90, 11, '2025-11-03', 'Activo', '2025-11-03 14:25:16', '2025-11-03 14:25:16', NULL),
(1147, 101, 11, '2025-11-03', 'Activo', '2025-11-03 14:25:16', '2025-11-03 14:25:16', NULL),
(1148, 108, 11, '2025-11-03', 'Activo', '2025-11-03 14:25:16', '2025-11-03 14:25:16', NULL),
(1149, 131, 11, '2025-11-03', 'Activo', '2025-11-03 14:25:16', '2025-11-03 14:25:16', NULL),
(1150, 144, 11, '2025-11-03', 'Activo', '2025-11-03 14:25:16', '2025-11-03 14:25:16', NULL),
(1151, 169, 11, '2025-11-03', 'Activo', '2025-11-03 14:25:16', '2025-11-03 14:25:16', NULL),
(1152, 177, 11, '2025-11-03', 'Activo', '2025-11-03 14:25:16', '2025-11-03 14:25:16', NULL),
(1153, 180, 11, '2025-11-03', 'Activo', '2025-11-03 14:25:16', '2025-11-03 14:25:16', NULL),
(1154, 307, 11, '2025-11-03', 'Activo', '2025-11-03 14:25:16', '2025-11-03 14:25:16', NULL),
(1155, 319, 11, '2025-11-03', 'Activo', '2025-11-03 14:25:16', '2025-11-03 14:25:16', NULL),
(1156, 334, 11, '2025-11-03', 'Activo', '2025-11-03 14:25:16', '2025-11-03 14:25:16', NULL),
(1157, 359, 11, '2025-11-03', 'Activo', '2025-11-03 14:25:16', '2025-11-03 14:25:16', NULL),
(1158, 381, 11, '2025-11-03', 'Activo', '2025-11-03 14:25:16', '2025-11-03 14:25:16', NULL),
(1159, 395, 11, '2025-11-03', 'Activo', '2025-11-03 14:25:16', '2025-11-03 14:25:16', NULL),
(1160, 404, 11, '2025-11-03', 'Activo', '2025-11-03 14:25:16', '2025-11-03 14:25:16', NULL),
(1161, 407, 11, '2025-11-03', 'Activo', '2025-11-03 14:25:16', '2025-11-03 14:25:16', NULL),
(1162, 432, 11, '2025-11-03', 'Activo', '2025-11-03 14:25:16', '2025-11-03 14:25:16', NULL),
(1163, 438, 11, '2025-11-03', 'Activo', '2025-11-03 14:25:16', '2025-11-03 14:25:16', NULL),
(1164, 446, 11, '2025-11-03', 'Activo', '2025-11-03 14:25:16', '2025-11-03 14:25:16', NULL),
(1165, 464, 11, '2025-11-03', 'Activo', '2025-11-03 14:25:16', '2025-11-03 14:25:16', NULL),
(1166, 476, 11, '2025-11-03', 'Activo', '2025-11-03 14:25:16', '2025-11-03 14:25:16', NULL),
(1167, 494, 11, '2025-11-03', 'Activo', '2025-11-03 14:25:16', '2025-11-03 14:25:16', NULL),
(1168, 497, 11, '2025-11-03', 'Activo', '2025-11-03 14:25:16', '2025-11-03 14:25:16', NULL),
(1169, 506, 11, '2025-11-03', 'Activo', '2025-11-03 14:25:16', '2025-11-03 14:25:16', NULL),
(1170, 545, 11, '2025-11-03', 'Activo', '2025-11-03 14:25:16', '2025-11-03 14:25:16', NULL),
(1171, 550, 11, '2025-11-03', 'Activo', '2025-11-03 14:25:16', '2025-11-03 14:25:16', NULL),
(1172, 551, 11, '2025-11-03', 'Activo', '2025-11-03 14:25:16', '2025-11-03 14:25:16', NULL),
(1173, 584, 11, '2025-11-03', 'Activo', '2025-11-03 14:25:16', '2025-11-03 14:25:16', NULL),
(1174, 598, 11, '2025-11-03', 'Activo', '2025-11-03 14:25:16', '2025-11-03 14:25:16', NULL),
(1175, 599, 11, '2025-11-03', 'Activo', '2025-11-03 14:25:16', '2025-11-03 14:25:16', NULL),
(1176, 609, 11, '2025-11-03', 'Activo', '2025-11-03 14:25:16', '2025-11-03 14:25:16', NULL),
(1177, 615, 11, '2025-11-03', 'Activo', '2025-11-03 14:25:16', '2025-11-03 14:25:16', NULL),
(1178, 16, 12, '2025-11-03', 'Activo', '2025-11-03 14:25:16', '2025-11-03 14:25:16', NULL),
(1179, 58, 12, '2025-11-03', 'Activo', '2025-11-03 14:25:16', '2025-11-03 14:25:16', NULL),
(1180, 69, 12, '2025-11-03', 'Activo', '2025-11-03 14:25:16', '2025-11-03 14:25:16', NULL),
(1181, 72, 12, '2025-11-03', 'Activo', '2025-11-03 14:25:16', '2025-11-03 14:25:16', NULL),
(1182, 90, 12, '2025-11-03', 'Activo', '2025-11-03 14:25:16', '2025-11-03 14:25:16', NULL),
(1183, 101, 12, '2025-11-03', 'Activo', '2025-11-03 14:25:16', '2025-11-03 14:25:16', NULL),
(1184, 108, 12, '2025-11-03', 'Activo', '2025-11-03 14:25:16', '2025-11-03 14:25:16', NULL),
(1185, 131, 12, '2025-11-03', 'Activo', '2025-11-03 14:25:16', '2025-11-03 14:25:16', NULL),
(1186, 144, 12, '2025-11-03', 'Activo', '2025-11-03 14:25:16', '2025-11-03 14:25:16', NULL),
(1187, 169, 12, '2025-11-03', 'Activo', '2025-11-03 14:25:16', '2025-11-03 14:25:16', NULL),
(1188, 177, 12, '2025-11-03', 'Activo', '2025-11-03 14:25:16', '2025-11-03 14:25:16', NULL),
(1189, 180, 12, '2025-11-03', 'Activo', '2025-11-03 14:25:16', '2025-11-03 14:25:16', NULL),
(1190, 307, 12, '2025-11-03', 'Activo', '2025-11-03 14:25:16', '2025-11-03 14:25:16', NULL),
(1191, 319, 12, '2025-11-03', 'Activo', '2025-11-03 14:25:16', '2025-11-03 14:25:16', NULL),
(1192, 334, 12, '2025-11-03', 'Activo', '2025-11-03 14:25:16', '2025-11-03 14:25:16', NULL),
(1193, 359, 12, '2025-11-03', 'Activo', '2025-11-03 14:25:16', '2025-11-03 14:25:16', NULL),
(1194, 381, 12, '2025-11-03', 'Activo', '2025-11-03 14:25:16', '2025-11-03 14:25:16', NULL),
(1195, 395, 12, '2025-11-03', 'Activo', '2025-11-03 14:25:16', '2025-11-03 14:25:16', NULL),
(1196, 404, 12, '2025-11-03', 'Activo', '2025-11-03 14:25:16', '2025-11-03 14:25:16', NULL),
(1197, 407, 12, '2025-11-03', 'Activo', '2025-11-03 14:25:16', '2025-11-03 14:25:16', NULL),
(1198, 432, 12, '2025-11-03', 'Activo', '2025-11-03 14:25:16', '2025-11-03 14:25:16', NULL),
(1199, 438, 12, '2025-11-03', 'Activo', '2025-11-03 14:25:16', '2025-11-03 14:25:16', NULL),
(1200, 446, 12, '2025-11-03', 'Activo', '2025-11-03 14:25:16', '2025-11-03 14:25:16', NULL),
(1201, 464, 12, '2025-11-03', 'Activo', '2025-11-03 14:25:16', '2025-11-03 14:25:16', NULL),
(1202, 476, 12, '2025-11-03', 'Activo', '2025-11-03 14:25:16', '2025-11-03 14:25:16', NULL),
(1203, 494, 12, '2025-11-03', 'Activo', '2025-11-03 14:25:16', '2025-11-03 14:25:16', NULL),
(1204, 497, 12, '2025-11-03', 'Activo', '2025-11-03 14:25:16', '2025-11-03 14:25:16', NULL),
(1205, 506, 12, '2025-11-03', 'Activo', '2025-11-03 14:25:16', '2025-11-03 14:25:16', NULL),
(1206, 545, 12, '2025-11-03', 'Activo', '2025-11-03 14:25:16', '2025-11-03 14:25:16', NULL),
(1207, 550, 12, '2025-11-03', 'Activo', '2025-11-03 14:25:16', '2025-11-03 14:25:16', NULL),
(1208, 551, 12, '2025-11-03', 'Activo', '2025-11-03 14:25:16', '2025-11-03 14:25:16', NULL),
(1209, 584, 12, '2025-11-03', 'Activo', '2025-11-03 14:25:16', '2025-11-03 14:25:16', NULL),
(1210, 598, 12, '2025-11-03', 'Activo', '2025-11-03 14:25:16', '2025-11-03 14:25:16', NULL),
(1211, 599, 12, '2025-11-03', 'Activo', '2025-11-03 14:25:16', '2025-11-03 14:25:16', NULL),
(1212, 609, 12, '2025-11-03', 'Activo', '2025-11-03 14:25:16', '2025-11-03 14:25:16', NULL),
(1213, 615, 12, '2025-11-03', 'Activo', '2025-11-03 14:25:16', '2025-11-03 14:25:16', NULL),
(1214, 16, 13, '2025-11-03', 'Activo', '2025-11-03 14:25:16', '2025-11-03 14:25:16', NULL),
(1215, 58, 13, '2025-11-03', 'Activo', '2025-11-03 14:25:16', '2025-11-03 14:25:16', NULL),
(1216, 69, 13, '2025-11-03', 'Activo', '2025-11-03 14:25:16', '2025-11-03 14:25:16', NULL),
(1217, 72, 13, '2025-11-03', 'Activo', '2025-11-03 14:25:16', '2025-11-03 14:25:16', NULL),
(1218, 90, 13, '2025-11-03', 'Activo', '2025-11-03 14:25:16', '2025-11-03 14:25:16', NULL),
(1219, 101, 13, '2025-11-03', 'Activo', '2025-11-03 14:25:16', '2025-11-03 14:25:16', NULL),
(1220, 108, 13, '2025-11-03', 'Activo', '2025-11-03 14:25:16', '2025-11-03 14:25:16', NULL),
(1221, 131, 13, '2025-11-03', 'Activo', '2025-11-03 14:25:16', '2025-11-03 14:25:16', NULL),
(1222, 144, 13, '2025-11-03', 'Activo', '2025-11-03 14:25:16', '2025-11-03 14:25:16', NULL),
(1223, 169, 13, '2025-11-03', 'Activo', '2025-11-03 14:25:16', '2025-11-03 14:25:16', NULL),
(1224, 177, 13, '2025-11-03', 'Activo', '2025-11-03 14:25:16', '2025-11-03 14:25:16', NULL),
(1225, 180, 13, '2025-11-03', 'Activo', '2025-11-03 14:25:16', '2025-11-03 14:25:16', NULL),
(1226, 307, 13, '2025-11-03', 'Activo', '2025-11-03 14:25:16', '2025-11-03 14:25:16', NULL),
(1227, 319, 13, '2025-11-03', 'Activo', '2025-11-03 14:25:16', '2025-11-03 14:25:16', NULL),
(1228, 334, 13, '2025-11-03', 'Activo', '2025-11-03 14:25:16', '2025-11-03 14:25:16', NULL),
(1229, 359, 13, '2025-11-03', 'Activo', '2025-11-03 14:25:16', '2025-11-03 14:25:16', NULL),
(1230, 381, 13, '2025-11-03', 'Activo', '2025-11-03 14:25:16', '2025-11-03 14:25:16', NULL),
(1231, 395, 13, '2025-11-03', 'Activo', '2025-11-03 14:25:16', '2025-11-03 14:25:16', NULL),
(1232, 404, 13, '2025-11-03', 'Activo', '2025-11-03 14:25:16', '2025-11-03 14:25:16', NULL),
(1233, 407, 13, '2025-11-03', 'Activo', '2025-11-03 14:25:16', '2025-11-03 14:25:16', NULL),
(1234, 432, 13, '2025-11-03', 'Activo', '2025-11-03 14:25:16', '2025-11-03 14:25:16', NULL),
(1235, 438, 13, '2025-11-03', 'Activo', '2025-11-03 14:25:16', '2025-11-03 14:25:16', NULL),
(1236, 446, 13, '2025-11-03', 'Activo', '2025-11-03 14:25:16', '2025-11-03 14:25:16', NULL),
(1237, 464, 13, '2025-11-03', 'Activo', '2025-11-03 14:25:16', '2025-11-03 14:25:16', NULL),
(1238, 476, 13, '2025-11-03', 'Activo', '2025-11-03 14:25:16', '2025-11-03 14:25:16', NULL),
(1239, 494, 13, '2025-11-03', 'Activo', '2025-11-03 14:25:16', '2025-11-03 14:25:16', NULL),
(1240, 497, 13, '2025-11-03', 'Activo', '2025-11-03 14:25:16', '2025-11-03 14:25:16', NULL),
(1241, 506, 13, '2025-11-03', 'Activo', '2025-11-03 14:25:16', '2025-11-03 14:25:16', NULL),
(1242, 545, 13, '2025-11-03', 'Activo', '2025-11-03 14:25:16', '2025-11-03 14:25:16', NULL),
(1243, 550, 13, '2025-11-03', 'Activo', '2025-11-03 14:25:16', '2025-11-03 14:25:16', NULL),
(1244, 551, 13, '2025-11-03', 'Activo', '2025-11-03 14:25:16', '2025-11-03 14:25:16', NULL),
(1245, 584, 13, '2025-11-03', 'Activo', '2025-11-03 14:25:16', '2025-11-03 14:25:16', NULL),
(1246, 598, 13, '2025-11-03', 'Activo', '2025-11-03 14:25:16', '2025-11-03 14:25:16', NULL),
(1247, 599, 13, '2025-11-03', 'Activo', '2025-11-03 14:25:16', '2025-11-03 14:25:16', NULL),
(1248, 609, 13, '2025-11-03', 'Activo', '2025-11-03 14:25:16', '2025-11-03 14:25:16', NULL),
(1249, 615, 13, '2025-11-03', 'Activo', '2025-11-03 14:25:16', '2025-11-03 14:25:16', NULL),
(1250, 16, 14, '2025-11-03', 'Activo', '2025-11-03 14:25:16', '2025-11-03 14:25:16', NULL),
(1251, 58, 14, '2025-11-03', 'Activo', '2025-11-03 14:25:16', '2025-11-03 14:25:16', NULL),
(1252, 69, 14, '2025-11-03', 'Activo', '2025-11-03 14:25:16', '2025-11-03 14:25:16', NULL),
(1253, 72, 14, '2025-11-03', 'Activo', '2025-11-03 14:25:16', '2025-11-03 14:25:16', NULL),
(1254, 90, 14, '2025-11-03', 'Activo', '2025-11-03 14:25:16', '2025-11-03 14:25:16', NULL),
(1255, 101, 14, '2025-11-03', 'Activo', '2025-11-03 14:25:16', '2025-11-03 14:25:16', NULL),
(1256, 108, 14, '2025-11-03', 'Activo', '2025-11-03 14:25:16', '2025-11-03 14:25:16', NULL),
(1257, 131, 14, '2025-11-03', 'Activo', '2025-11-03 14:25:16', '2025-11-03 14:25:16', NULL),
(1258, 144, 14, '2025-11-03', 'Activo', '2025-11-03 14:25:16', '2025-11-03 14:25:16', NULL),
(1259, 169, 14, '2025-11-03', 'Activo', '2025-11-03 14:25:16', '2025-11-03 14:25:16', NULL),
(1260, 177, 14, '2025-11-03', 'Activo', '2025-11-03 14:25:16', '2025-11-03 14:25:16', NULL),
(1261, 180, 14, '2025-11-03', 'Activo', '2025-11-03 14:25:16', '2025-11-03 14:25:16', NULL),
(1262, 307, 14, '2025-11-03', 'Activo', '2025-11-03 14:25:16', '2025-11-03 14:25:16', NULL),
(1263, 319, 14, '2025-11-03', 'Activo', '2025-11-03 14:25:16', '2025-11-03 14:25:16', NULL),
(1264, 334, 14, '2025-11-03', 'Activo', '2025-11-03 14:25:16', '2025-11-03 14:25:16', NULL),
(1265, 359, 14, '2025-11-03', 'Activo', '2025-11-03 14:25:16', '2025-11-03 14:25:16', NULL),
(1266, 381, 14, '2025-11-03', 'Activo', '2025-11-03 14:25:16', '2025-11-03 14:25:16', NULL),
(1267, 395, 14, '2025-11-03', 'Activo', '2025-11-03 14:25:16', '2025-11-03 14:25:16', NULL),
(1268, 404, 14, '2025-11-03', 'Activo', '2025-11-03 14:25:16', '2025-11-03 14:25:16', NULL),
(1269, 407, 14, '2025-11-03', 'Activo', '2025-11-03 14:25:16', '2025-11-03 14:25:16', NULL),
(1270, 432, 14, '2025-11-03', 'Activo', '2025-11-03 14:25:16', '2025-11-03 14:25:16', NULL),
(1271, 438, 14, '2025-11-03', 'Activo', '2025-11-03 14:25:16', '2025-11-03 14:25:16', NULL),
(1272, 446, 14, '2025-11-03', 'Activo', '2025-11-03 14:25:16', '2025-11-03 14:25:16', NULL),
(1273, 464, 14, '2025-11-03', 'Activo', '2025-11-03 14:25:16', '2025-11-03 14:25:16', NULL),
(1274, 476, 14, '2025-11-03', 'Activo', '2025-11-03 14:25:16', '2025-11-03 14:25:16', NULL),
(1275, 494, 14, '2025-11-03', 'Activo', '2025-11-03 14:25:16', '2025-11-03 14:25:16', NULL),
(1276, 497, 14, '2025-11-03', 'Activo', '2025-11-03 14:25:16', '2025-11-03 14:25:16', NULL),
(1277, 506, 14, '2025-11-03', 'Activo', '2025-11-03 14:25:16', '2025-11-03 14:25:16', NULL),
(1278, 545, 14, '2025-11-03', 'Activo', '2025-11-03 14:25:16', '2025-11-03 14:25:16', NULL),
(1279, 550, 14, '2025-11-03', 'Activo', '2025-11-03 14:25:16', '2025-11-03 14:25:16', NULL),
(1280, 551, 14, '2025-11-03', 'Activo', '2025-11-03 14:25:16', '2025-11-03 14:25:16', NULL),
(1281, 584, 14, '2025-11-03', 'Activo', '2025-11-03 14:25:16', '2025-11-03 14:25:16', NULL),
(1282, 598, 14, '2025-11-03', 'Activo', '2025-11-03 14:25:16', '2025-11-03 14:25:16', NULL),
(1283, 599, 14, '2025-11-03', 'Activo', '2025-11-03 14:25:16', '2025-11-03 14:25:16', NULL),
(1284, 609, 14, '2025-11-03', 'Activo', '2025-11-03 14:25:16', '2025-11-03 14:25:16', NULL),
(1285, 615, 14, '2025-11-03', 'Activo', '2025-11-03 14:25:16', '2025-11-03 14:25:16', NULL),
(1286, 16, 15, '2025-11-03', 'Activo', '2025-11-03 14:25:16', '2025-11-03 14:25:16', NULL),
(1287, 58, 15, '2025-11-03', 'Activo', '2025-11-03 14:25:16', '2025-11-03 14:25:16', NULL),
(1288, 69, 15, '2025-11-03', 'Activo', '2025-11-03 14:25:16', '2025-11-03 14:25:16', NULL),
(1289, 72, 15, '2025-11-03', 'Activo', '2025-11-03 14:25:16', '2025-11-03 14:25:16', NULL),
(1290, 90, 15, '2025-11-03', 'Activo', '2025-11-03 14:25:16', '2025-11-03 14:25:16', NULL),
(1291, 101, 15, '2025-11-03', 'Activo', '2025-11-03 14:25:16', '2025-11-03 14:25:16', NULL),
(1292, 108, 15, '2025-11-03', 'Activo', '2025-11-03 14:25:16', '2025-11-03 14:25:16', NULL),
(1293, 131, 15, '2025-11-03', 'Activo', '2025-11-03 14:25:16', '2025-11-03 14:25:16', NULL),
(1294, 144, 15, '2025-11-03', 'Activo', '2025-11-03 14:25:16', '2025-11-03 14:25:16', NULL),
(1295, 169, 15, '2025-11-03', 'Activo', '2025-11-03 14:25:16', '2025-11-03 14:25:16', NULL),
(1296, 177, 15, '2025-11-03', 'Activo', '2025-11-03 14:25:16', '2025-11-03 14:25:16', NULL),
(1297, 180, 15, '2025-11-03', 'Activo', '2025-11-03 14:25:16', '2025-11-03 14:25:16', NULL),
(1298, 307, 15, '2025-11-03', 'Activo', '2025-11-03 14:25:16', '2025-11-03 14:25:16', NULL),
(1299, 319, 15, '2025-11-03', 'Activo', '2025-11-03 14:25:16', '2025-11-03 14:25:16', NULL),
(1300, 334, 15, '2025-11-03', 'Activo', '2025-11-03 14:25:16', '2025-11-03 14:25:16', NULL),
(1301, 359, 15, '2025-11-03', 'Activo', '2025-11-03 14:25:16', '2025-11-03 14:25:16', NULL),
(1302, 381, 15, '2025-11-03', 'Activo', '2025-11-03 14:25:16', '2025-11-03 14:25:16', NULL),
(1303, 395, 15, '2025-11-03', 'Activo', '2025-11-03 14:25:16', '2025-11-03 14:25:16', NULL),
(1304, 404, 15, '2025-11-03', 'Activo', '2025-11-03 14:25:16', '2025-11-03 14:25:16', NULL),
(1305, 407, 15, '2025-11-03', 'Activo', '2025-11-03 14:25:16', '2025-11-03 14:25:16', NULL),
(1306, 432, 15, '2025-11-03', 'Activo', '2025-11-03 14:25:16', '2025-11-03 14:25:16', NULL),
(1307, 438, 15, '2025-11-03', 'Activo', '2025-11-03 14:25:16', '2025-11-03 14:25:16', NULL),
(1308, 446, 15, '2025-11-03', 'Activo', '2025-11-03 14:25:16', '2025-11-03 14:25:16', NULL),
(1309, 464, 15, '2025-11-03', 'Activo', '2025-11-03 14:25:16', '2025-11-03 14:25:16', NULL),
(1310, 476, 15, '2025-11-03', 'Activo', '2025-11-03 14:25:16', '2025-11-03 14:25:16', NULL),
(1311, 494, 15, '2025-11-03', 'Activo', '2025-11-03 14:25:16', '2025-11-03 14:25:16', NULL),
(1312, 497, 15, '2025-11-03', 'Activo', '2025-11-03 14:25:16', '2025-11-03 14:25:16', NULL),
(1313, 506, 15, '2025-11-03', 'Activo', '2025-11-03 14:25:16', '2025-11-03 14:25:16', NULL),
(1314, 545, 15, '2025-11-03', 'Activo', '2025-11-03 14:25:16', '2025-11-03 14:25:16', NULL),
(1315, 550, 15, '2025-11-03', 'Activo', '2025-11-03 14:25:16', '2025-11-03 14:25:16', NULL),
(1316, 551, 15, '2025-11-03', 'Activo', '2025-11-03 14:25:16', '2025-11-03 14:25:16', NULL),
(1317, 584, 15, '2025-11-03', 'Activo', '2025-11-03 14:25:16', '2025-11-03 14:25:16', NULL),
(1318, 598, 15, '2025-11-03', 'Activo', '2025-11-03 14:25:16', '2025-11-03 14:25:16', NULL),
(1319, 599, 15, '2025-11-03', 'Activo', '2025-11-03 14:25:16', '2025-11-03 14:25:16', NULL),
(1320, 609, 15, '2025-11-03', 'Activo', '2025-11-03 14:25:16', '2025-11-03 14:25:16', NULL),
(1321, 615, 15, '2025-11-03', 'Activo', '2025-11-03 14:25:16', '2025-11-03 14:25:16', NULL),
(1322, 68, 16, '2025-11-03', 'Activo', '2025-11-03 14:25:16', '2025-11-03 14:25:16', NULL),
(1323, 314, 16, '2025-11-03', 'Activo', '2025-11-03 14:25:16', '2025-11-03 14:25:16', NULL),
(1324, 350, 16, '2025-11-03', 'Activo', '2025-11-03 14:25:16', '2025-11-03 14:25:16', NULL),
(1325, 353, 16, '2025-11-03', 'Activo', '2025-11-03 14:25:16', '2025-11-03 14:25:16', NULL),
(1326, 368, 16, '2025-11-03', 'Activo', '2025-11-03 14:25:16', '2025-11-03 14:25:16', NULL),
(1327, 397, 16, '2025-11-03', 'Activo', '2025-11-03 14:25:16', '2025-11-03 14:25:16', NULL),
(1328, 465, 16, '2025-11-03', 'Activo', '2025-11-03 14:25:16', '2025-11-03 14:25:16', NULL),
(1329, 466, 16, '2025-11-03', 'Activo', '2025-11-03 14:25:16', '2025-11-03 14:25:16', NULL),
(1330, 481, 16, '2025-11-03', 'Activo', '2025-11-03 14:25:16', '2025-11-03 14:25:16', NULL),
(1331, 533, 16, '2025-11-03', 'Activo', '2025-11-03 14:25:16', '2025-11-03 14:25:16', NULL),
(1332, 68, 17, '2025-11-03', 'Activo', '2025-11-03 14:25:16', '2025-11-03 14:25:16', NULL),
(1333, 314, 17, '2025-11-03', 'Activo', '2025-11-03 14:25:16', '2025-11-03 14:25:16', NULL),
(1334, 350, 17, '2025-11-03', 'Activo', '2025-11-03 14:25:16', '2025-11-03 14:25:16', NULL),
(1335, 353, 17, '2025-11-03', 'Activo', '2025-11-03 14:25:16', '2025-11-03 14:25:16', NULL),
(1336, 368, 17, '2025-11-03', 'Activo', '2025-11-03 14:25:16', '2025-11-03 14:25:16', NULL),
(1337, 397, 17, '2025-11-03', 'Activo', '2025-11-03 14:25:16', '2025-11-03 14:25:16', NULL),
(1338, 465, 17, '2025-11-03', 'Activo', '2025-11-03 14:25:16', '2025-11-03 14:25:16', NULL),
(1339, 466, 17, '2025-11-03', 'Activo', '2025-11-03 14:25:16', '2025-11-03 14:25:16', NULL),
(1340, 481, 17, '2025-11-03', 'Activo', '2025-11-03 14:25:16', '2025-11-03 14:25:16', NULL),
(1341, 533, 17, '2025-11-03', 'Activo', '2025-11-03 14:25:16', '2025-11-03 14:25:16', NULL),
(1342, 68, 18, '2025-11-03', 'Activo', '2025-11-03 14:25:16', '2025-11-03 14:25:16', NULL),
(1343, 314, 18, '2025-11-03', 'Activo', '2025-11-03 14:25:16', '2025-11-03 14:25:16', NULL),
(1344, 350, 18, '2025-11-03', 'Activo', '2025-11-03 14:25:16', '2025-11-03 14:25:16', NULL),
(1345, 353, 18, '2025-11-03', 'Activo', '2025-11-03 14:25:16', '2025-11-03 14:25:16', NULL),
(1346, 368, 18, '2025-11-03', 'Activo', '2025-11-03 14:25:16', '2025-11-03 14:25:16', NULL),
(1347, 397, 18, '2025-11-03', 'Activo', '2025-11-03 14:25:16', '2025-11-03 14:25:16', NULL),
(1348, 465, 18, '2025-11-03', 'Activo', '2025-11-03 14:25:16', '2025-11-03 14:25:16', NULL),
(1349, 466, 18, '2025-11-03', 'Activo', '2025-11-03 14:25:16', '2025-11-03 14:25:16', NULL),
(1350, 481, 18, '2025-11-03', 'Activo', '2025-11-03 14:25:16', '2025-11-03 14:25:16', NULL),
(1351, 533, 18, '2025-11-03', 'Activo', '2025-11-03 14:25:16', '2025-11-03 14:25:16', NULL),
(1352, 68, 19, '2025-11-03', 'Activo', '2025-11-03 14:25:16', '2025-11-03 14:25:16', NULL),
(1353, 314, 19, '2025-11-03', 'Activo', '2025-11-03 14:25:16', '2025-11-03 14:25:16', NULL),
(1354, 350, 19, '2025-11-03', 'Activo', '2025-11-03 14:25:16', '2025-11-03 14:25:16', NULL),
(1355, 353, 19, '2025-11-03', 'Activo', '2025-11-03 14:25:16', '2025-11-03 14:25:16', NULL),
(1356, 368, 19, '2025-11-03', 'Activo', '2025-11-03 14:25:16', '2025-11-03 14:25:16', NULL),
(1357, 397, 19, '2025-11-03', 'Activo', '2025-11-03 14:25:16', '2025-11-03 14:25:16', NULL),
(1358, 465, 19, '2025-11-03', 'Activo', '2025-11-03 14:25:16', '2025-11-03 14:25:16', NULL),
(1359, 466, 19, '2025-11-03', 'Activo', '2025-11-03 14:25:16', '2025-11-03 14:25:16', NULL),
(1360, 481, 19, '2025-11-03', 'Activo', '2025-11-03 14:25:16', '2025-11-03 14:25:16', NULL),
(1361, 533, 19, '2025-11-03', 'Activo', '2025-11-03 14:25:16', '2025-11-03 14:25:16', NULL),
(1362, 68, 20, '2025-11-03', 'Activo', '2025-11-03 14:25:16', '2025-11-03 14:25:16', NULL),
(1363, 314, 20, '2025-11-03', 'Activo', '2025-11-03 14:25:16', '2025-11-03 14:25:16', NULL),
(1364, 350, 20, '2025-11-03', 'Activo', '2025-11-03 14:25:16', '2025-11-03 14:25:16', NULL),
(1365, 353, 20, '2025-11-03', 'Activo', '2025-11-03 14:25:16', '2025-11-03 14:25:16', NULL),
(1366, 368, 20, '2025-11-03', 'Activo', '2025-11-03 14:25:16', '2025-11-03 14:25:16', NULL),
(1367, 397, 20, '2025-11-03', 'Activo', '2025-11-03 14:25:16', '2025-11-03 14:25:16', NULL),
(1368, 465, 20, '2025-11-03', 'Activo', '2025-11-03 14:25:16', '2025-11-03 14:25:16', NULL),
(1369, 466, 20, '2025-11-03', 'Activo', '2025-11-03 14:25:16', '2025-11-03 14:25:16', NULL),
(1370, 481, 20, '2025-11-03', 'Activo', '2025-11-03 14:25:16', '2025-11-03 14:25:16', NULL),
(1371, 533, 20, '2025-11-03', 'Activo', '2025-11-03 14:25:16', '2025-11-03 14:25:16', NULL),
(1372, 68, 21, '2025-11-03', 'Activo', '2025-11-03 14:25:16', '2025-11-03 14:25:16', NULL),
(1373, 314, 21, '2025-11-03', 'Activo', '2025-11-03 14:25:16', '2025-11-03 14:25:16', NULL),
(1374, 350, 21, '2025-11-03', 'Activo', '2025-11-03 14:25:16', '2025-11-03 14:25:16', NULL),
(1375, 353, 21, '2025-11-03', 'Activo', '2025-11-03 14:25:16', '2025-11-03 14:25:16', NULL),
(1376, 368, 21, '2025-11-03', 'Activo', '2025-11-03 14:25:16', '2025-11-03 14:25:16', NULL),
(1377, 397, 21, '2025-11-03', 'Activo', '2025-11-03 14:25:16', '2025-11-03 14:25:16', NULL),
(1378, 465, 21, '2025-11-03', 'Activo', '2025-11-03 14:25:16', '2025-11-03 14:25:16', NULL),
(1379, 466, 21, '2025-11-03', 'Activo', '2025-11-03 14:25:16', '2025-11-03 14:25:16', NULL),
(1380, 481, 21, '2025-11-03', 'Activo', '2025-11-03 14:25:16', '2025-11-03 14:25:16', NULL),
(1381, 533, 21, '2025-11-03', 'Activo', '2025-11-03 14:25:16', '2025-11-03 14:25:16', NULL),
(1382, 68, 22, '2025-11-03', 'Activo', '2025-11-03 14:25:16', '2025-11-03 14:25:16', NULL),
(1383, 314, 22, '2025-11-03', 'Activo', '2025-11-03 14:25:16', '2025-11-03 14:25:16', NULL),
(1384, 350, 22, '2025-11-03', 'Activo', '2025-11-03 14:25:16', '2025-11-03 14:25:16', NULL),
(1385, 353, 22, '2025-11-03', 'Activo', '2025-11-03 14:25:16', '2025-11-03 14:25:16', NULL),
(1386, 368, 22, '2025-11-03', 'Activo', '2025-11-03 14:25:16', '2025-11-03 14:25:16', NULL),
(1387, 397, 22, '2025-11-03', 'Activo', '2025-11-03 14:25:16', '2025-11-03 14:25:16', NULL),
(1388, 465, 22, '2025-11-03', 'Activo', '2025-11-03 14:25:16', '2025-11-03 14:25:16', NULL),
(1389, 466, 22, '2025-11-03', 'Activo', '2025-11-03 14:25:16', '2025-11-03 14:25:16', NULL),
(1390, 481, 22, '2025-11-03', 'Activo', '2025-11-03 14:25:16', '2025-11-03 14:25:16', NULL),
(1391, 533, 22, '2025-11-03', 'Activo', '2025-11-03 14:25:16', '2025-11-03 14:25:16', NULL),
(1392, 14, 23, '2025-11-03', 'Activo', '2025-11-03 14:25:16', '2025-11-03 14:25:16', NULL),
(1393, 24, 23, '2025-11-03', 'Activo', '2025-11-03 14:25:16', '2025-11-03 14:25:16', NULL),
(1394, 80, 23, '2025-11-03', 'Activo', '2025-11-03 14:25:16', '2025-11-03 14:25:16', NULL),
(1395, 98, 23, '2025-11-03', 'Activo', '2025-11-03 14:25:16', '2025-11-03 14:25:16', NULL),
(1396, 126, 23, '2025-11-03', 'Activo', '2025-11-03 14:25:16', '2025-11-03 14:25:16', NULL),
(1397, 162, 23, '2025-11-03', 'Activo', '2025-11-03 14:25:16', '2025-11-03 14:25:16', NULL),
(1398, 318, 23, '2025-11-03', 'Activo', '2025-11-03 14:25:16', '2025-11-03 14:25:16', NULL),
(1399, 392, 23, '2025-11-03', 'Activo', '2025-11-03 14:25:16', '2025-11-03 14:25:16', NULL),
(1400, 429, 23, '2025-11-03', 'Activo', '2025-11-03 14:25:16', '2025-11-03 14:25:16', NULL),
(1401, 431, 23, '2025-11-03', 'Activo', '2025-11-03 14:25:16', '2025-11-03 14:25:16', NULL),
(1402, 433, 23, '2025-11-03', 'Activo', '2025-11-03 14:25:16', '2025-11-03 14:25:16', NULL),
(1403, 453, 23, '2025-11-03', 'Activo', '2025-11-03 14:25:16', '2025-11-03 14:25:16', NULL),
(1404, 473, 23, '2025-11-03', 'Activo', '2025-11-03 14:25:16', '2025-11-03 14:25:16', NULL),
(1405, 518, 23, '2025-11-03', 'Activo', '2025-11-03 14:25:16', '2025-11-03 14:25:16', NULL),
(1406, 570, 23, '2025-11-03', 'Activo', '2025-11-03 14:25:16', '2025-11-03 14:25:16', NULL),
(1407, 14, 24, '2025-11-03', 'Activo', '2025-11-03 14:25:16', '2025-11-03 14:25:16', NULL),
(1408, 24, 24, '2025-11-03', 'Activo', '2025-11-03 14:25:16', '2025-11-03 14:25:16', NULL),
(1409, 80, 24, '2025-11-03', 'Activo', '2025-11-03 14:25:16', '2025-11-03 14:25:16', NULL),
(1410, 98, 24, '2025-11-03', 'Activo', '2025-11-03 14:25:16', '2025-11-03 14:25:16', NULL),
(1411, 126, 24, '2025-11-03', 'Activo', '2025-11-03 14:25:16', '2025-11-03 14:25:16', NULL),
(1412, 162, 24, '2025-11-03', 'Activo', '2025-11-03 14:25:16', '2025-11-03 14:25:16', NULL),
(1413, 318, 24, '2025-11-03', 'Activo', '2025-11-03 14:25:16', '2025-11-03 14:25:16', NULL),
(1414, 392, 24, '2025-11-03', 'Activo', '2025-11-03 14:25:16', '2025-11-03 14:25:16', NULL),
(1415, 429, 24, '2025-11-03', 'Activo', '2025-11-03 14:25:16', '2025-11-03 14:25:16', NULL),
(1416, 431, 24, '2025-11-03', 'Activo', '2025-11-03 14:25:16', '2025-11-03 14:25:16', NULL),
(1417, 433, 24, '2025-11-03', 'Activo', '2025-11-03 14:25:16', '2025-11-03 14:25:16', NULL),
(1418, 453, 24, '2025-11-03', 'Activo', '2025-11-03 14:25:16', '2025-11-03 14:25:16', NULL),
(1419, 473, 24, '2025-11-03', 'Activo', '2025-11-03 14:25:16', '2025-11-03 14:25:16', NULL),
(1420, 518, 24, '2025-11-03', 'Activo', '2025-11-03 14:25:16', '2025-11-03 14:25:16', NULL),
(1421, 570, 24, '2025-11-03', 'Activo', '2025-11-03 14:25:16', '2025-11-03 14:25:16', NULL),
(1422, 14, 25, '2025-11-03', 'Activo', '2025-11-03 14:25:16', '2025-11-03 14:25:16', NULL),
(1423, 24, 25, '2025-11-03', 'Activo', '2025-11-03 14:25:16', '2025-11-03 14:25:16', NULL),
(1424, 80, 25, '2025-11-03', 'Activo', '2025-11-03 14:25:16', '2025-11-03 14:25:16', NULL),
(1425, 98, 25, '2025-11-03', 'Activo', '2025-11-03 14:25:16', '2025-11-03 14:25:16', NULL),
(1426, 126, 25, '2025-11-03', 'Activo', '2025-11-03 14:25:16', '2025-11-03 14:25:16', NULL),
(1427, 162, 25, '2025-11-03', 'Activo', '2025-11-03 14:25:16', '2025-11-03 14:25:16', NULL),
(1428, 318, 25, '2025-11-03', 'Activo', '2025-11-03 14:25:16', '2025-11-03 14:25:16', NULL),
(1429, 392, 25, '2025-11-03', 'Activo', '2025-11-03 14:25:16', '2025-11-03 14:25:16', NULL),
(1430, 429, 25, '2025-11-03', 'Activo', '2025-11-03 14:25:16', '2025-11-03 14:25:16', NULL),
(1431, 431, 25, '2025-11-03', 'Activo', '2025-11-03 14:25:16', '2025-11-03 14:25:16', NULL),
(1432, 433, 25, '2025-11-03', 'Activo', '2025-11-03 14:25:16', '2025-11-03 14:25:16', NULL),
(1433, 453, 25, '2025-11-03', 'Activo', '2025-11-03 14:25:16', '2025-11-03 14:25:16', NULL),
(1434, 473, 25, '2025-11-03', 'Activo', '2025-11-03 14:25:16', '2025-11-03 14:25:16', NULL),
(1435, 518, 25, '2025-11-03', 'Activo', '2025-11-03 14:25:16', '2025-11-03 14:25:16', NULL),
(1436, 570, 25, '2025-11-03', 'Activo', '2025-11-03 14:25:16', '2025-11-03 14:25:16', NULL),
(1437, 14, 26, '2025-11-03', 'Activo', '2025-11-03 14:25:16', '2025-11-03 14:25:16', NULL),
(1438, 24, 26, '2025-11-03', 'Activo', '2025-11-03 14:25:16', '2025-11-03 14:25:16', NULL),
(1439, 80, 26, '2025-11-03', 'Activo', '2025-11-03 14:25:16', '2025-11-03 14:25:16', NULL),
(1440, 98, 26, '2025-11-03', 'Activo', '2025-11-03 14:25:16', '2025-11-03 14:25:16', NULL),
(1441, 126, 26, '2025-11-03', 'Activo', '2025-11-03 14:25:16', '2025-11-03 14:25:16', NULL),
(1442, 162, 26, '2025-11-03', 'Activo', '2025-11-03 14:25:16', '2025-11-03 14:25:16', NULL),
(1443, 318, 26, '2025-11-03', 'Activo', '2025-11-03 14:25:16', '2025-11-03 14:25:16', NULL),
(1444, 392, 26, '2025-11-03', 'Activo', '2025-11-03 14:25:16', '2025-11-03 14:25:16', NULL),
(1445, 429, 26, '2025-11-03', 'Activo', '2025-11-03 14:25:16', '2025-11-03 14:25:16', NULL),
(1446, 431, 26, '2025-11-03', 'Activo', '2025-11-03 14:25:16', '2025-11-03 14:25:16', NULL),
(1447, 433, 26, '2025-11-03', 'Activo', '2025-11-03 14:25:16', '2025-11-03 14:25:16', NULL),
(1448, 453, 26, '2025-11-03', 'Activo', '2025-11-03 14:25:16', '2025-11-03 14:25:16', NULL),
(1449, 473, 26, '2025-11-03', 'Activo', '2025-11-03 14:25:16', '2025-11-03 14:25:16', NULL),
(1450, 518, 26, '2025-11-03', 'Activo', '2025-11-03 14:25:16', '2025-11-03 14:25:16', NULL),
(1451, 570, 26, '2025-11-03', 'Activo', '2025-11-03 14:25:16', '2025-11-03 14:25:16', NULL),
(1452, 14, 27, '2025-11-03', 'Activo', '2025-11-03 14:25:16', '2025-11-03 14:25:16', NULL),
(1453, 24, 27, '2025-11-03', 'Activo', '2025-11-03 14:25:16', '2025-11-03 14:25:16', NULL),
(1454, 80, 27, '2025-11-03', 'Activo', '2025-11-03 14:25:16', '2025-11-03 14:25:16', NULL),
(1455, 98, 27, '2025-11-03', 'Activo', '2025-11-03 14:25:16', '2025-11-03 14:25:16', NULL),
(1456, 126, 27, '2025-11-03', 'Activo', '2025-11-03 14:25:16', '2025-11-03 14:25:16', NULL),
(1457, 162, 27, '2025-11-03', 'Activo', '2025-11-03 14:25:16', '2025-11-03 14:25:16', NULL),
(1458, 318, 27, '2025-11-03', 'Activo', '2025-11-03 14:25:16', '2025-11-03 14:25:16', NULL),
(1459, 392, 27, '2025-11-03', 'Activo', '2025-11-03 14:25:16', '2025-11-03 14:25:16', NULL),
(1460, 429, 27, '2025-11-03', 'Activo', '2025-11-03 14:25:16', '2025-11-03 14:25:16', NULL),
(1461, 431, 27, '2025-11-03', 'Activo', '2025-11-03 14:25:16', '2025-11-03 14:25:16', NULL),
(1462, 433, 27, '2025-11-03', 'Activo', '2025-11-03 14:25:16', '2025-11-03 14:25:16', NULL),
(1463, 453, 27, '2025-11-03', 'Activo', '2025-11-03 14:25:16', '2025-11-03 14:25:16', NULL),
(1464, 473, 27, '2025-11-03', 'Activo', '2025-11-03 14:25:16', '2025-11-03 14:25:16', NULL),
(1465, 518, 27, '2025-11-03', 'Activo', '2025-11-03 14:25:16', '2025-11-03 14:25:16', NULL),
(1466, 570, 27, '2025-11-03', 'Activo', '2025-11-03 14:25:16', '2025-11-03 14:25:16', NULL),
(1467, 14, 28, '2025-11-03', 'Activo', '2025-11-03 14:25:16', '2025-11-03 14:25:16', NULL),
(1468, 24, 28, '2025-11-03', 'Activo', '2025-11-03 14:25:16', '2025-11-03 14:25:16', NULL),
(1469, 80, 28, '2025-11-03', 'Activo', '2025-11-03 14:25:16', '2025-11-03 14:25:16', NULL),
(1470, 98, 28, '2025-11-03', 'Activo', '2025-11-03 14:25:16', '2025-11-03 14:25:16', NULL),
(1471, 126, 28, '2025-11-03', 'Activo', '2025-11-03 14:25:16', '2025-11-03 14:25:16', NULL),
(1472, 162, 28, '2025-11-03', 'Activo', '2025-11-03 14:25:16', '2025-11-03 14:25:16', NULL),
(1473, 318, 28, '2025-11-03', 'Activo', '2025-11-03 14:25:16', '2025-11-03 14:25:16', NULL),
(1474, 392, 28, '2025-11-03', 'Activo', '2025-11-03 14:25:16', '2025-11-03 14:25:16', NULL),
(1475, 429, 28, '2025-11-03', 'Activo', '2025-11-03 14:25:16', '2025-11-03 14:25:16', NULL),
(1476, 431, 28, '2025-11-03', 'Activo', '2025-11-03 14:25:16', '2025-11-03 14:25:16', NULL),
(1477, 433, 28, '2025-11-03', 'Activo', '2025-11-03 14:25:16', '2025-11-03 14:25:16', NULL),
(1478, 453, 28, '2025-11-03', 'Activo', '2025-11-03 14:25:16', '2025-11-03 14:25:16', NULL),
(1479, 473, 28, '2025-11-03', 'Activo', '2025-11-03 14:25:16', '2025-11-03 14:25:16', NULL),
(1480, 518, 28, '2025-11-03', 'Activo', '2025-11-03 14:25:16', '2025-11-03 14:25:16', NULL),
(1481, 570, 28, '2025-11-03', 'Activo', '2025-11-03 14:25:16', '2025-11-03 14:25:16', NULL),
(1482, 124, 29, '2025-11-03', 'Activo', '2025-11-03 14:25:16', '2025-11-03 14:25:16', NULL),
(1483, 166, 29, '2025-11-03', 'Activo', '2025-11-03 14:25:16', '2025-11-03 14:25:16', NULL),
(1484, 346, 29, '2025-11-03', 'Activo', '2025-11-03 14:25:16', '2025-11-03 14:25:16', NULL),
(1485, 364, 29, '2025-11-03', 'Activo', '2025-11-03 14:25:16', '2025-11-03 14:25:16', NULL),
(1486, 405, 29, '2025-11-03', 'Activo', '2025-11-03 14:25:16', '2025-11-03 14:25:16', NULL),
(1487, 516, 29, '2025-11-03', 'Activo', '2025-11-03 14:25:16', '2025-11-03 14:25:16', NULL),
(1488, 521, 29, '2025-11-03', 'Activo', '2025-11-03 14:25:16', '2025-11-03 14:25:16', NULL),
(1489, 611, 29, '2025-11-03', 'Activo', '2025-11-03 14:25:16', '2025-11-03 14:25:16', NULL),
(1490, 620, 29, '2025-11-03', 'Activo', '2025-11-03 14:25:16', '2025-11-03 14:25:16', NULL),
(1491, 124, 30, '2025-11-03', 'Activo', '2025-11-03 14:25:16', '2025-11-03 14:25:16', NULL),
(1492, 166, 30, '2025-11-03', 'Activo', '2025-11-03 14:25:16', '2025-11-03 14:25:16', NULL),
(1493, 346, 30, '2025-11-03', 'Activo', '2025-11-03 14:25:16', '2025-11-03 14:25:16', NULL),
(1494, 364, 30, '2025-11-03', 'Activo', '2025-11-03 14:25:16', '2025-11-03 14:25:16', NULL),
(1495, 405, 30, '2025-11-03', 'Activo', '2025-11-03 14:25:16', '2025-11-03 14:25:16', NULL),
(1496, 516, 30, '2025-11-03', 'Activo', '2025-11-03 14:25:16', '2025-11-03 14:25:16', NULL),
(1497, 521, 30, '2025-11-03', 'Activo', '2025-11-03 14:25:16', '2025-11-03 14:25:16', NULL),
(1498, 611, 30, '2025-11-03', 'Activo', '2025-11-03 14:25:16', '2025-11-03 14:25:16', NULL),
(1499, 620, 30, '2025-11-03', 'Activo', '2025-11-03 14:25:16', '2025-11-03 14:25:16', NULL),
(1500, 124, 31, '2025-11-03', 'Activo', '2025-11-03 14:25:16', '2025-11-03 14:25:16', NULL),
(1501, 166, 31, '2025-11-03', 'Activo', '2025-11-03 14:25:16', '2025-11-03 14:25:16', NULL),
(1502, 346, 31, '2025-11-03', 'Activo', '2025-11-03 14:25:16', '2025-11-03 14:25:16', NULL),
(1503, 364, 31, '2025-11-03', 'Activo', '2025-11-03 14:25:16', '2025-11-03 14:25:16', NULL),
(1504, 405, 31, '2025-11-03', 'Activo', '2025-11-03 14:25:16', '2025-11-03 14:25:16', NULL),
(1505, 516, 31, '2025-11-03', 'Activo', '2025-11-03 14:25:16', '2025-11-03 14:25:16', NULL),
(1506, 521, 31, '2025-11-03', 'Activo', '2025-11-03 14:25:16', '2025-11-03 14:25:16', NULL),
(1507, 611, 31, '2025-11-03', 'Activo', '2025-11-03 14:25:16', '2025-11-03 14:25:16', NULL),
(1508, 620, 31, '2025-11-03', 'Activo', '2025-11-03 14:25:16', '2025-11-03 14:25:16', NULL),
(1509, 12, 32, '2025-11-03', 'Activo', '2025-11-03 14:25:16', '2025-11-03 14:25:16', NULL),
(1510, 17, 32, '2025-11-03', 'Activo', '2025-11-03 14:25:16', '2025-11-03 14:25:16', NULL),
(1511, 87, 32, '2025-11-03', 'Activo', '2025-11-03 14:25:16', '2025-11-03 14:25:16', NULL),
(1512, 272, 32, '2025-11-03', 'Activo', '2025-11-03 14:25:16', '2025-11-03 14:25:16', NULL),
(1513, 281, 32, '2025-11-03', 'Activo', '2025-11-03 14:25:16', '2025-11-03 14:25:16', NULL),
(1514, 308, 32, '2025-11-03', 'Activo', '2025-11-03 14:25:16', '2025-11-03 14:25:16', NULL),
(1515, 324, 32, '2025-11-03', 'Activo', '2025-11-03 14:25:16', '2025-11-03 14:25:16', NULL),
(1516, 328, 32, '2025-11-03', 'Activo', '2025-11-03 14:25:16', '2025-11-03 14:25:16', NULL),
(1517, 341, 32, '2025-11-03', 'Activo', '2025-11-03 14:25:16', '2025-11-03 14:25:16', NULL),
(1518, 351, 32, '2025-11-03', 'Activo', '2025-11-03 14:25:16', '2025-11-03 14:25:16', NULL),
(1519, 369, 32, '2025-11-03', 'Activo', '2025-11-03 14:25:16', '2025-11-03 14:25:16', NULL),
(1520, 372, 32, '2025-11-03', 'Activo', '2025-11-03 14:25:16', '2025-11-03 14:25:16', NULL),
(1521, 418, 32, '2025-11-03', 'Activo', '2025-11-03 14:25:16', '2025-11-03 14:25:16', NULL),
(1522, 428, 32, '2025-11-03', 'Activo', '2025-11-03 14:25:16', '2025-11-03 14:25:16', NULL),
(1523, 430, 32, '2025-11-03', 'Activo', '2025-11-03 14:25:16', '2025-11-03 14:25:16', NULL),
(1524, 436, 32, '2025-11-03', 'Activo', '2025-11-03 14:25:16', '2025-11-03 14:25:16', NULL),
(1525, 454, 32, '2025-11-03', 'Activo', '2025-11-03 14:25:16', '2025-11-03 14:25:16', NULL),
(1526, 474, 32, '2025-11-03', 'Activo', '2025-11-03 14:25:16', '2025-11-03 14:25:16', NULL),
(1527, 489, 32, '2025-11-03', 'Activo', '2025-11-03 14:25:16', '2025-11-03 14:25:16', NULL),
(1528, 505, 32, '2025-11-03', 'Activo', '2025-11-03 14:25:16', '2025-11-03 14:25:16', NULL),
(1529, 532, 32, '2025-11-03', 'Activo', '2025-11-03 14:25:16', '2025-11-03 14:25:16', NULL),
(1530, 571, 32, '2025-11-03', 'Activo', '2025-11-03 14:25:16', '2025-11-03 14:25:16', NULL),
(1531, 596, 32, '2025-11-03', 'Activo', '2025-11-03 14:25:16', '2025-11-03 14:25:16', NULL),
(1532, 12, 33, '2025-11-03', 'Activo', '2025-11-03 14:25:16', '2025-11-03 14:25:16', NULL),
(1533, 17, 33, '2025-11-03', 'Activo', '2025-11-03 14:25:16', '2025-11-03 14:25:16', NULL),
(1534, 87, 33, '2025-11-03', 'Activo', '2025-11-03 14:25:16', '2025-11-03 14:25:16', NULL),
(1535, 272, 33, '2025-11-03', 'Activo', '2025-11-03 14:25:16', '2025-11-03 14:25:16', NULL),
(1536, 281, 33, '2025-11-03', 'Activo', '2025-11-03 14:25:16', '2025-11-03 14:25:16', NULL),
(1537, 308, 33, '2025-11-03', 'Activo', '2025-11-03 14:25:16', '2025-11-03 14:25:16', NULL),
(1538, 324, 33, '2025-11-03', 'Activo', '2025-11-03 14:25:16', '2025-11-03 14:25:16', NULL),
(1539, 328, 33, '2025-11-03', 'Activo', '2025-11-03 14:25:16', '2025-11-03 14:25:16', NULL),
(1540, 341, 33, '2025-11-03', 'Activo', '2025-11-03 14:25:16', '2025-11-03 14:25:16', NULL),
(1541, 351, 33, '2025-11-03', 'Activo', '2025-11-03 14:25:16', '2025-11-03 14:25:16', NULL),
(1542, 369, 33, '2025-11-03', 'Activo', '2025-11-03 14:25:16', '2025-11-03 14:25:16', NULL),
(1543, 372, 33, '2025-11-03', 'Activo', '2025-11-03 14:25:16', '2025-11-03 14:25:16', NULL),
(1544, 418, 33, '2025-11-03', 'Activo', '2025-11-03 14:25:16', '2025-11-03 14:25:16', NULL),
(1545, 428, 33, '2025-11-03', 'Activo', '2025-11-03 14:25:16', '2025-11-03 14:25:16', NULL),
(1546, 430, 33, '2025-11-03', 'Activo', '2025-11-03 14:25:16', '2025-11-03 14:25:16', NULL),
(1547, 436, 33, '2025-11-03', 'Activo', '2025-11-03 14:25:16', '2025-11-03 14:25:16', NULL),
(1548, 454, 33, '2025-11-03', 'Activo', '2025-11-03 14:25:16', '2025-11-03 14:25:16', NULL),
(1549, 474, 33, '2025-11-03', 'Activo', '2025-11-03 14:25:16', '2025-11-03 14:25:16', NULL),
(1550, 489, 33, '2025-11-03', 'Activo', '2025-11-03 14:25:16', '2025-11-03 14:25:16', NULL),
(1551, 505, 33, '2025-11-03', 'Activo', '2025-11-03 14:25:16', '2025-11-03 14:25:16', NULL),
(1552, 532, 33, '2025-11-03', 'Activo', '2025-11-03 14:25:16', '2025-11-03 14:25:16', NULL),
(1553, 571, 33, '2025-11-03', 'Activo', '2025-11-03 14:25:16', '2025-11-03 14:25:16', NULL),
(1554, 596, 33, '2025-11-03', 'Activo', '2025-11-03 14:25:16', '2025-11-03 14:25:16', NULL),
(1555, 12, 34, '2025-11-03', 'Activo', '2025-11-03 14:25:16', '2025-11-03 14:25:16', NULL),
(1556, 17, 34, '2025-11-03', 'Activo', '2025-11-03 14:25:16', '2025-11-03 14:25:16', NULL),
(1557, 87, 34, '2025-11-03', 'Activo', '2025-11-03 14:25:16', '2025-11-03 14:25:16', NULL),
(1558, 272, 34, '2025-11-03', 'Activo', '2025-11-03 14:25:16', '2025-11-03 14:25:16', NULL),
(1559, 281, 34, '2025-11-03', 'Activo', '2025-11-03 14:25:16', '2025-11-03 14:25:16', NULL),
(1560, 308, 34, '2025-11-03', 'Activo', '2025-11-03 14:25:16', '2025-11-03 14:25:16', NULL),
(1561, 324, 34, '2025-11-03', 'Activo', '2025-11-03 14:25:16', '2025-11-03 14:25:16', NULL),
(1562, 328, 34, '2025-11-03', 'Activo', '2025-11-03 14:25:16', '2025-11-03 14:25:16', NULL),
(1563, 341, 34, '2025-11-03', 'Activo', '2025-11-03 14:25:16', '2025-11-03 14:25:16', NULL),
(1564, 351, 34, '2025-11-03', 'Activo', '2025-11-03 14:25:16', '2025-11-03 14:25:16', NULL),
(1565, 369, 34, '2025-11-03', 'Activo', '2025-11-03 14:25:16', '2025-11-03 14:25:16', NULL),
(1566, 372, 34, '2025-11-03', 'Activo', '2025-11-03 14:25:16', '2025-11-03 14:25:16', NULL),
(1567, 418, 34, '2025-11-03', 'Activo', '2025-11-03 14:25:16', '2025-11-03 14:25:16', NULL),
(1568, 428, 34, '2025-11-03', 'Activo', '2025-11-03 14:25:16', '2025-11-03 14:25:16', NULL),
(1569, 430, 34, '2025-11-03', 'Activo', '2025-11-03 14:25:16', '2025-11-03 14:25:16', NULL),
(1570, 436, 34, '2025-11-03', 'Activo', '2025-11-03 14:25:16', '2025-11-03 14:25:16', NULL),
(1571, 454, 34, '2025-11-03', 'Activo', '2025-11-03 14:25:16', '2025-11-03 14:25:16', NULL),
(1572, 474, 34, '2025-11-03', 'Activo', '2025-11-03 14:25:16', '2025-11-03 14:25:16', NULL),
(1573, 489, 34, '2025-11-03', 'Activo', '2025-11-03 14:25:16', '2025-11-03 14:25:16', NULL),
(1574, 505, 34, '2025-11-03', 'Activo', '2025-11-03 14:25:16', '2025-11-03 14:25:16', NULL),
(1575, 532, 34, '2025-11-03', 'Activo', '2025-11-03 14:25:16', '2025-11-03 14:25:16', NULL),
(1576, 571, 34, '2025-11-03', 'Activo', '2025-11-03 14:25:16', '2025-11-03 14:25:16', NULL),
(1577, 596, 34, '2025-11-03', 'Activo', '2025-11-03 14:25:16', '2025-11-03 14:25:16', NULL),
(1578, 12, 35, '2025-11-03', 'Activo', '2025-11-03 14:25:16', '2025-11-03 14:25:16', NULL),
(1579, 17, 35, '2025-11-03', 'Activo', '2025-11-03 14:25:16', '2025-11-03 14:25:16', NULL),
(1580, 87, 35, '2025-11-03', 'Activo', '2025-11-03 14:25:16', '2025-11-03 14:25:16', NULL),
(1581, 272, 35, '2025-11-03', 'Activo', '2025-11-03 14:25:16', '2025-11-03 14:25:16', NULL),
(1582, 281, 35, '2025-11-03', 'Activo', '2025-11-03 14:25:16', '2025-11-03 14:25:16', NULL),
(1583, 308, 35, '2025-11-03', 'Activo', '2025-11-03 14:25:16', '2025-11-03 14:25:16', NULL),
(1584, 324, 35, '2025-11-03', 'Activo', '2025-11-03 14:25:16', '2025-11-03 14:25:16', NULL),
(1585, 328, 35, '2025-11-03', 'Activo', '2025-11-03 14:25:16', '2025-11-03 14:25:16', NULL),
(1586, 341, 35, '2025-11-03', 'Activo', '2025-11-03 14:25:16', '2025-11-03 14:25:16', NULL),
(1587, 351, 35, '2025-11-03', 'Activo', '2025-11-03 14:25:16', '2025-11-03 14:25:16', NULL),
(1588, 369, 35, '2025-11-03', 'Activo', '2025-11-03 14:25:16', '2025-11-03 14:25:16', NULL),
(1589, 372, 35, '2025-11-03', 'Activo', '2025-11-03 14:25:16', '2025-11-03 14:25:16', NULL),
(1590, 418, 35, '2025-11-03', 'Activo', '2025-11-03 14:25:16', '2025-11-03 14:25:16', NULL),
(1591, 428, 35, '2025-11-03', 'Activo', '2025-11-03 14:25:16', '2025-11-03 14:25:16', NULL),
(1592, 430, 35, '2025-11-03', 'Activo', '2025-11-03 14:25:16', '2025-11-03 14:25:16', NULL),
(1593, 436, 35, '2025-11-03', 'Activo', '2025-11-03 14:25:16', '2025-11-03 14:25:16', NULL),
(1594, 454, 35, '2025-11-03', 'Activo', '2025-11-03 14:25:16', '2025-11-03 14:25:16', NULL),
(1595, 474, 35, '2025-11-03', 'Activo', '2025-11-03 14:25:16', '2025-11-03 14:25:16', NULL),
(1596, 489, 35, '2025-11-03', 'Activo', '2025-11-03 14:25:16', '2025-11-03 14:25:16', NULL),
(1597, 505, 35, '2025-11-03', 'Activo', '2025-11-03 14:25:16', '2025-11-03 14:25:16', NULL),
(1598, 532, 35, '2025-11-03', 'Activo', '2025-11-03 14:25:16', '2025-11-03 14:25:16', NULL),
(1599, 571, 35, '2025-11-03', 'Activo', '2025-11-03 14:25:16', '2025-11-03 14:25:16', NULL),
(1600, 596, 35, '2025-11-03', 'Activo', '2025-11-03 14:25:16', '2025-11-03 14:25:16', NULL),
(1601, 12, 36, '2025-11-03', 'Activo', '2025-11-03 14:25:16', '2025-11-03 14:25:16', NULL),
(1602, 17, 36, '2025-11-03', 'Activo', '2025-11-03 14:25:16', '2025-11-03 14:25:16', NULL),
(1603, 87, 36, '2025-11-03', 'Activo', '2025-11-03 14:25:16', '2025-11-03 14:25:16', NULL),
(1604, 272, 36, '2025-11-03', 'Activo', '2025-11-03 14:25:16', '2025-11-03 14:25:16', NULL),
(1605, 281, 36, '2025-11-03', 'Activo', '2025-11-03 14:25:16', '2025-11-03 14:25:16', NULL),
(1606, 308, 36, '2025-11-03', 'Activo', '2025-11-03 14:25:16', '2025-11-03 14:25:16', NULL),
(1607, 324, 36, '2025-11-03', 'Activo', '2025-11-03 14:25:16', '2025-11-03 14:25:16', NULL),
(1608, 328, 36, '2025-11-03', 'Activo', '2025-11-03 14:25:16', '2025-11-03 14:25:16', NULL),
(1609, 341, 36, '2025-11-03', 'Activo', '2025-11-03 14:25:16', '2025-11-03 14:25:16', NULL),
(1610, 351, 36, '2025-11-03', 'Activo', '2025-11-03 14:25:16', '2025-11-03 14:25:16', NULL),
(1611, 369, 36, '2025-11-03', 'Activo', '2025-11-03 14:25:16', '2025-11-03 14:25:16', NULL),
(1612, 372, 36, '2025-11-03', 'Activo', '2025-11-03 14:25:16', '2025-11-03 14:25:16', NULL),
(1613, 418, 36, '2025-11-03', 'Activo', '2025-11-03 14:25:16', '2025-11-03 14:25:16', NULL),
(1614, 428, 36, '2025-11-03', 'Activo', '2025-11-03 14:25:16', '2025-11-03 14:25:16', NULL),
(1615, 430, 36, '2025-11-03', 'Activo', '2025-11-03 14:25:16', '2025-11-03 14:25:16', NULL),
(1616, 436, 36, '2025-11-03', 'Activo', '2025-11-03 14:25:16', '2025-11-03 14:25:16', NULL),
(1617, 454, 36, '2025-11-03', 'Activo', '2025-11-03 14:25:16', '2025-11-03 14:25:16', NULL),
(1618, 474, 36, '2025-11-03', 'Activo', '2025-11-03 14:25:16', '2025-11-03 14:25:16', NULL),
(1619, 489, 36, '2025-11-03', 'Activo', '2025-11-03 14:25:16', '2025-11-03 14:25:16', NULL),
(1620, 505, 36, '2025-11-03', 'Activo', '2025-11-03 14:25:16', '2025-11-03 14:25:16', NULL),
(1621, 532, 36, '2025-11-03', 'Activo', '2025-11-03 14:25:16', '2025-11-03 14:25:16', NULL),
(1622, 571, 36, '2025-11-03', 'Activo', '2025-11-03 14:25:16', '2025-11-03 14:25:16', NULL),
(1623, 596, 36, '2025-11-03', 'Activo', '2025-11-03 14:25:16', '2025-11-03 14:25:16', NULL),
(1624, 12, 37, '2025-11-03', 'Activo', '2025-11-03 14:25:16', '2025-11-03 14:25:16', NULL),
(1625, 17, 37, '2025-11-03', 'Activo', '2025-11-03 14:25:16', '2025-11-03 14:25:16', NULL),
(1626, 87, 37, '2025-11-03', 'Activo', '2025-11-03 14:25:16', '2025-11-03 14:25:16', NULL),
(1627, 272, 37, '2025-11-03', 'Activo', '2025-11-03 14:25:16', '2025-11-03 14:25:16', NULL),
(1628, 281, 37, '2025-11-03', 'Activo', '2025-11-03 14:25:16', '2025-11-03 14:25:16', NULL),
(1629, 308, 37, '2025-11-03', 'Activo', '2025-11-03 14:25:16', '2025-11-03 14:25:16', NULL),
(1630, 324, 37, '2025-11-03', 'Activo', '2025-11-03 14:25:16', '2025-11-03 14:25:16', NULL),
(1631, 328, 37, '2025-11-03', 'Activo', '2025-11-03 14:25:16', '2025-11-03 14:25:16', NULL),
(1632, 341, 37, '2025-11-03', 'Activo', '2025-11-03 14:25:16', '2025-11-03 14:25:16', NULL),
(1633, 351, 37, '2025-11-03', 'Activo', '2025-11-03 14:25:16', '2025-11-03 14:25:16', NULL),
(1634, 369, 37, '2025-11-03', 'Activo', '2025-11-03 14:25:16', '2025-11-03 14:25:16', NULL),
(1635, 372, 37, '2025-11-03', 'Activo', '2025-11-03 14:25:16', '2025-11-03 14:25:16', NULL),
(1636, 418, 37, '2025-11-03', 'Activo', '2025-11-03 14:25:16', '2025-11-03 14:25:16', NULL),
(1637, 428, 37, '2025-11-03', 'Activo', '2025-11-03 14:25:16', '2025-11-03 14:25:16', NULL),
(1638, 430, 37, '2025-11-03', 'Activo', '2025-11-03 14:25:16', '2025-11-03 14:25:16', NULL),
(1639, 436, 37, '2025-11-03', 'Activo', '2025-11-03 14:25:16', '2025-11-03 14:25:16', NULL),
(1640, 454, 37, '2025-11-03', 'Activo', '2025-11-03 14:25:16', '2025-11-03 14:25:16', NULL),
(1641, 474, 37, '2025-11-03', 'Activo', '2025-11-03 14:25:16', '2025-11-03 14:25:16', NULL),
(1642, 489, 37, '2025-11-03', 'Activo', '2025-11-03 14:25:16', '2025-11-03 14:25:16', NULL),
(1643, 505, 37, '2025-11-03', 'Activo', '2025-11-03 14:25:16', '2025-11-03 14:25:16', NULL),
(1644, 532, 37, '2025-11-03', 'Activo', '2025-11-03 14:25:16', '2025-11-03 14:25:16', NULL),
(1645, 571, 37, '2025-11-03', 'Activo', '2025-11-03 14:25:16', '2025-11-03 14:25:16', NULL),
(1646, 596, 37, '2025-11-03', 'Activo', '2025-11-03 14:25:16', '2025-11-03 14:25:16', NULL),
(1647, 12, 38, '2025-11-03', 'Activo', '2025-11-03 14:25:16', '2025-11-03 14:25:16', NULL),
(1648, 17, 38, '2025-11-03', 'Activo', '2025-11-03 14:25:16', '2025-11-03 14:25:16', NULL),
(1649, 87, 38, '2025-11-03', 'Activo', '2025-11-03 14:25:16', '2025-11-03 14:25:16', NULL),
(1650, 272, 38, '2025-11-03', 'Activo', '2025-11-03 14:25:16', '2025-11-03 14:25:16', NULL),
(1651, 281, 38, '2025-11-03', 'Activo', '2025-11-03 14:25:16', '2025-11-03 14:25:16', NULL),
(1652, 308, 38, '2025-11-03', 'Activo', '2025-11-03 14:25:16', '2025-11-03 14:25:16', NULL),
(1653, 324, 38, '2025-11-03', 'Activo', '2025-11-03 14:25:16', '2025-11-03 14:25:16', NULL),
(1654, 328, 38, '2025-11-03', 'Activo', '2025-11-03 14:25:16', '2025-11-03 14:25:16', NULL),
(1655, 341, 38, '2025-11-03', 'Activo', '2025-11-03 14:25:16', '2025-11-03 14:25:16', NULL),
(1656, 351, 38, '2025-11-03', 'Activo', '2025-11-03 14:25:16', '2025-11-03 14:25:16', NULL),
(1657, 369, 38, '2025-11-03', 'Activo', '2025-11-03 14:25:16', '2025-11-03 14:25:16', NULL),
(1658, 372, 38, '2025-11-03', 'Activo', '2025-11-03 14:25:16', '2025-11-03 14:25:16', NULL),
(1659, 418, 38, '2025-11-03', 'Activo', '2025-11-03 14:25:16', '2025-11-03 14:25:16', NULL),
(1660, 428, 38, '2025-11-03', 'Activo', '2025-11-03 14:25:16', '2025-11-03 14:25:16', NULL),
(1661, 430, 38, '2025-11-03', 'Activo', '2025-11-03 14:25:16', '2025-11-03 14:25:16', NULL),
(1662, 436, 38, '2025-11-03', 'Activo', '2025-11-03 14:25:16', '2025-11-03 14:25:16', NULL),
(1663, 454, 38, '2025-11-03', 'Activo', '2025-11-03 14:25:16', '2025-11-03 14:25:16', NULL),
(1664, 474, 38, '2025-11-03', 'Activo', '2025-11-03 14:25:16', '2025-11-03 14:25:16', NULL),
(1665, 489, 38, '2025-11-03', 'Activo', '2025-11-03 14:25:16', '2025-11-03 14:25:16', NULL),
(1666, 505, 38, '2025-11-03', 'Activo', '2025-11-03 14:25:16', '2025-11-03 14:25:16', NULL),
(1667, 532, 38, '2025-11-03', 'Activo', '2025-11-03 14:25:16', '2025-11-03 14:25:16', NULL),
(1668, 571, 38, '2025-11-03', 'Activo', '2025-11-03 14:25:16', '2025-11-03 14:25:16', NULL),
(1669, 596, 38, '2025-11-03', 'Activo', '2025-11-03 14:25:16', '2025-11-03 14:25:16', NULL),
(1670, 12, 39, '2025-11-03', 'Activo', '2025-11-03 14:25:16', '2025-11-03 14:25:16', NULL),
(1671, 17, 39, '2025-11-03', 'Activo', '2025-11-03 14:25:16', '2025-11-03 14:25:16', NULL),
(1672, 87, 39, '2025-11-03', 'Activo', '2025-11-03 14:25:16', '2025-11-03 14:25:16', NULL),
(1673, 272, 39, '2025-11-03', 'Activo', '2025-11-03 14:25:16', '2025-11-03 14:25:16', NULL),
(1674, 281, 39, '2025-11-03', 'Activo', '2025-11-03 14:25:16', '2025-11-03 14:25:16', NULL),
(1675, 308, 39, '2025-11-03', 'Activo', '2025-11-03 14:25:16', '2025-11-03 14:25:16', NULL),
(1676, 324, 39, '2025-11-03', 'Activo', '2025-11-03 14:25:16', '2025-11-03 14:25:16', NULL),
(1677, 328, 39, '2025-11-03', 'Activo', '2025-11-03 14:25:16', '2025-11-03 14:25:16', NULL),
(1678, 341, 39, '2025-11-03', 'Activo', '2025-11-03 14:25:16', '2025-11-03 14:25:16', NULL),
(1679, 351, 39, '2025-11-03', 'Activo', '2025-11-03 14:25:16', '2025-11-03 14:25:16', NULL),
(1680, 369, 39, '2025-11-03', 'Activo', '2025-11-03 14:25:16', '2025-11-03 14:25:16', NULL),
(1681, 372, 39, '2025-11-03', 'Activo', '2025-11-03 14:25:16', '2025-11-03 14:25:16', NULL),
(1682, 418, 39, '2025-11-03', 'Activo', '2025-11-03 14:25:16', '2025-11-03 14:25:16', NULL),
(1683, 428, 39, '2025-11-03', 'Activo', '2025-11-03 14:25:16', '2025-11-03 14:25:16', NULL),
(1684, 430, 39, '2025-11-03', 'Activo', '2025-11-03 14:25:16', '2025-11-03 14:25:16', NULL),
(1685, 436, 39, '2025-11-03', 'Activo', '2025-11-03 14:25:16', '2025-11-03 14:25:16', NULL),
(1686, 454, 39, '2025-11-03', 'Activo', '2025-11-03 14:25:16', '2025-11-03 14:25:16', NULL),
(1687, 474, 39, '2025-11-03', 'Activo', '2025-11-03 14:25:16', '2025-11-03 14:25:16', NULL),
(1688, 489, 39, '2025-11-03', 'Activo', '2025-11-03 14:25:16', '2025-11-03 14:25:16', NULL),
(1689, 505, 39, '2025-11-03', 'Activo', '2025-11-03 14:25:16', '2025-11-03 14:25:16', NULL);
INSERT INTO `inscripciones` (`id_inscripcion`, `id_alumno`, `id_curso`, `fecha_inscripcion`, `estado`, `created_at`, `updated_at`, `deleted_at`) VALUES
(1690, 532, 39, '2025-11-03', 'Activo', '2025-11-03 14:25:16', '2025-11-03 14:25:16', NULL),
(1691, 571, 39, '2025-11-03', 'Activo', '2025-11-03 14:25:16', '2025-11-03 14:25:16', NULL),
(1692, 596, 39, '2025-11-03', 'Activo', '2025-11-03 14:25:16', '2025-11-03 14:25:16', NULL),
(1693, 65, 40, '2025-11-03', 'Activo', '2025-11-03 14:25:16', '2025-11-03 14:25:16', NULL),
(1694, 79, 40, '2025-11-03', 'Activo', '2025-11-03 14:25:16', '2025-11-03 14:25:16', NULL),
(1695, 91, 40, '2025-11-03', 'Activo', '2025-11-03 14:25:16', '2025-11-03 14:25:16', NULL),
(1696, 149, 40, '2025-11-03', 'Activo', '2025-11-03 14:25:16', '2025-11-03 14:25:16', NULL),
(1697, 161, 40, '2025-11-03', 'Activo', '2025-11-03 14:25:16', '2025-11-03 14:25:16', NULL),
(1698, 332, 40, '2025-11-03', 'Activo', '2025-11-03 14:25:16', '2025-11-03 14:25:16', NULL),
(1699, 362, 40, '2025-11-03', 'Activo', '2025-11-03 14:25:16', '2025-11-03 14:25:16', NULL),
(1700, 370, 40, '2025-11-03', 'Activo', '2025-11-03 14:25:16', '2025-11-03 14:25:16', NULL),
(1701, 379, 40, '2025-11-03', 'Activo', '2025-11-03 14:25:16', '2025-11-03 14:25:16', NULL),
(1702, 467, 40, '2025-11-03', 'Activo', '2025-11-03 14:25:16', '2025-11-03 14:25:16', NULL),
(1703, 470, 40, '2025-11-03', 'Activo', '2025-11-03 14:25:16', '2025-11-03 14:25:16', NULL),
(1704, 517, 40, '2025-11-03', 'Activo', '2025-11-03 14:25:16', '2025-11-03 14:25:16', NULL),
(1705, 610, 40, '2025-11-03', 'Activo', '2025-11-03 14:25:16', '2025-11-03 14:25:16', NULL),
(1706, 621, 40, '2025-11-03', 'Activo', '2025-11-03 14:25:16', '2025-11-03 14:25:16', NULL),
(1707, 65, 41, '2025-11-03', 'Activo', '2025-11-03 14:25:16', '2025-11-03 14:25:16', NULL),
(1708, 79, 41, '2025-11-03', 'Activo', '2025-11-03 14:25:16', '2025-11-03 14:25:16', NULL),
(1709, 91, 41, '2025-11-03', 'Activo', '2025-11-03 14:25:16', '2025-11-03 14:25:16', NULL),
(1710, 149, 41, '2025-11-03', 'Activo', '2025-11-03 14:25:16', '2025-11-03 14:25:16', NULL),
(1711, 161, 41, '2025-11-03', 'Activo', '2025-11-03 14:25:16', '2025-11-03 14:25:16', NULL),
(1712, 332, 41, '2025-11-03', 'Activo', '2025-11-03 14:25:16', '2025-11-03 14:25:16', NULL),
(1713, 362, 41, '2025-11-03', 'Activo', '2025-11-03 14:25:16', '2025-11-03 14:25:16', NULL),
(1714, 370, 41, '2025-11-03', 'Activo', '2025-11-03 14:25:16', '2025-11-03 14:25:16', NULL),
(1715, 379, 41, '2025-11-03', 'Activo', '2025-11-03 14:25:16', '2025-11-03 14:25:16', NULL),
(1716, 467, 41, '2025-11-03', 'Activo', '2025-11-03 14:25:16', '2025-11-03 14:25:16', NULL),
(1717, 470, 41, '2025-11-03', 'Activo', '2025-11-03 14:25:16', '2025-11-03 14:25:16', NULL),
(1718, 517, 41, '2025-11-03', 'Activo', '2025-11-03 14:25:16', '2025-11-03 14:25:16', NULL),
(1719, 610, 41, '2025-11-03', 'Activo', '2025-11-03 14:25:16', '2025-11-03 14:25:16', NULL),
(1720, 621, 41, '2025-11-03', 'Activo', '2025-11-03 14:25:16', '2025-11-03 14:25:16', NULL),
(1721, 65, 42, '2025-11-03', 'Activo', '2025-11-03 14:25:16', '2025-11-03 14:25:16', NULL),
(1722, 79, 42, '2025-11-03', 'Activo', '2025-11-03 14:25:16', '2025-11-03 14:25:16', NULL),
(1723, 91, 42, '2025-11-03', 'Activo', '2025-11-03 14:25:16', '2025-11-03 14:25:16', NULL),
(1724, 149, 42, '2025-11-03', 'Activo', '2025-11-03 14:25:16', '2025-11-03 14:25:16', NULL),
(1725, 161, 42, '2025-11-03', 'Activo', '2025-11-03 14:25:16', '2025-11-03 14:25:16', NULL),
(1726, 332, 42, '2025-11-03', 'Activo', '2025-11-03 14:25:16', '2025-11-03 14:25:16', NULL),
(1727, 362, 42, '2025-11-03', 'Activo', '2025-11-03 14:25:16', '2025-11-03 14:25:16', NULL),
(1728, 370, 42, '2025-11-03', 'Activo', '2025-11-03 14:25:16', '2025-11-03 14:25:16', NULL),
(1729, 379, 42, '2025-11-03', 'Activo', '2025-11-03 14:25:16', '2025-11-03 14:25:16', NULL),
(1730, 467, 42, '2025-11-03', 'Activo', '2025-11-03 14:25:16', '2025-11-03 14:25:16', NULL),
(1731, 470, 42, '2025-11-03', 'Activo', '2025-11-03 14:25:16', '2025-11-03 14:25:16', NULL),
(1732, 517, 42, '2025-11-03', 'Activo', '2025-11-03 14:25:16', '2025-11-03 14:25:16', NULL),
(1733, 610, 42, '2025-11-03', 'Activo', '2025-11-03 14:25:16', '2025-11-03 14:25:16', NULL),
(1734, 621, 42, '2025-11-03', 'Activo', '2025-11-03 14:25:16', '2025-11-03 14:25:16', NULL),
(1735, 65, 43, '2025-11-03', 'Activo', '2025-11-03 14:25:16', '2025-11-03 14:25:16', NULL),
(1736, 79, 43, '2025-11-03', 'Activo', '2025-11-03 14:25:16', '2025-11-03 14:25:16', NULL),
(1737, 91, 43, '2025-11-03', 'Activo', '2025-11-03 14:25:16', '2025-11-03 14:25:16', NULL),
(1738, 149, 43, '2025-11-03', 'Activo', '2025-11-03 14:25:16', '2025-11-03 14:25:16', NULL),
(1739, 161, 43, '2025-11-03', 'Activo', '2025-11-03 14:25:16', '2025-11-03 14:25:16', NULL),
(1740, 332, 43, '2025-11-03', 'Activo', '2025-11-03 14:25:16', '2025-11-03 14:25:16', NULL),
(1741, 362, 43, '2025-11-03', 'Activo', '2025-11-03 14:25:16', '2025-11-03 14:25:16', NULL),
(1742, 370, 43, '2025-11-03', 'Activo', '2025-11-03 14:25:16', '2025-11-03 14:25:16', NULL),
(1743, 379, 43, '2025-11-03', 'Activo', '2025-11-03 14:25:16', '2025-11-03 14:25:16', NULL),
(1744, 467, 43, '2025-11-03', 'Activo', '2025-11-03 14:25:16', '2025-11-03 14:25:16', NULL),
(1745, 470, 43, '2025-11-03', 'Activo', '2025-11-03 14:25:16', '2025-11-03 14:25:16', NULL),
(1746, 517, 43, '2025-11-03', 'Activo', '2025-11-03 14:25:16', '2025-11-03 14:25:16', NULL),
(1747, 610, 43, '2025-11-03', 'Activo', '2025-11-03 14:25:16', '2025-11-03 14:25:16', NULL),
(1748, 621, 43, '2025-11-03', 'Activo', '2025-11-03 14:25:16', '2025-11-03 14:25:16', NULL),
(1749, 65, 44, '2025-11-03', 'Activo', '2025-11-03 14:25:16', '2025-11-03 14:25:16', NULL),
(1750, 79, 44, '2025-11-03', 'Activo', '2025-11-03 14:25:16', '2025-11-03 14:25:16', NULL),
(1751, 91, 44, '2025-11-03', 'Activo', '2025-11-03 14:25:16', '2025-11-03 14:25:16', NULL),
(1752, 149, 44, '2025-11-03', 'Activo', '2025-11-03 14:25:16', '2025-11-03 14:25:16', NULL),
(1753, 161, 44, '2025-11-03', 'Activo', '2025-11-03 14:25:16', '2025-11-03 14:25:16', NULL),
(1754, 332, 44, '2025-11-03', 'Activo', '2025-11-03 14:25:16', '2025-11-03 14:25:16', NULL),
(1755, 362, 44, '2025-11-03', 'Activo', '2025-11-03 14:25:16', '2025-11-03 14:25:16', NULL),
(1756, 370, 44, '2025-11-03', 'Activo', '2025-11-03 14:25:16', '2025-11-03 14:25:16', NULL),
(1757, 379, 44, '2025-11-03', 'Activo', '2025-11-03 14:25:16', '2025-11-03 14:25:16', NULL),
(1758, 467, 44, '2025-11-03', 'Activo', '2025-11-03 14:25:16', '2025-11-03 14:25:16', NULL),
(1759, 470, 44, '2025-11-03', 'Activo', '2025-11-03 14:25:16', '2025-11-03 14:25:16', NULL),
(1760, 517, 44, '2025-11-03', 'Activo', '2025-11-03 14:25:16', '2025-11-03 14:25:16', NULL),
(1761, 610, 44, '2025-11-03', 'Activo', '2025-11-03 14:25:16', '2025-11-03 14:25:16', NULL),
(1762, 621, 44, '2025-11-03', 'Activo', '2025-11-03 14:25:16', '2025-11-03 14:25:16', NULL),
(1763, 65, 45, '2025-11-03', 'Activo', '2025-11-03 14:25:16', '2025-11-03 14:25:16', NULL),
(1764, 79, 45, '2025-11-03', 'Activo', '2025-11-03 14:25:16', '2025-11-03 14:25:16', NULL),
(1765, 91, 45, '2025-11-03', 'Activo', '2025-11-03 14:25:16', '2025-11-03 14:25:16', NULL),
(1766, 149, 45, '2025-11-03', 'Activo', '2025-11-03 14:25:16', '2025-11-03 14:25:16', NULL),
(1767, 161, 45, '2025-11-03', 'Activo', '2025-11-03 14:25:16', '2025-11-03 14:25:16', NULL),
(1768, 332, 45, '2025-11-03', 'Activo', '2025-11-03 14:25:16', '2025-11-03 14:25:16', NULL),
(1769, 362, 45, '2025-11-03', 'Activo', '2025-11-03 14:25:16', '2025-11-03 14:25:16', NULL),
(1770, 370, 45, '2025-11-03', 'Activo', '2025-11-03 14:25:16', '2025-11-03 14:25:16', NULL),
(1771, 379, 45, '2025-11-03', 'Activo', '2025-11-03 14:25:16', '2025-11-03 14:25:16', NULL),
(1772, 467, 45, '2025-11-03', 'Activo', '2025-11-03 14:25:16', '2025-11-03 14:25:16', NULL),
(1773, 470, 45, '2025-11-03', 'Activo', '2025-11-03 14:25:16', '2025-11-03 14:25:16', NULL),
(1774, 517, 45, '2025-11-03', 'Activo', '2025-11-03 14:25:16', '2025-11-03 14:25:16', NULL),
(1775, 610, 45, '2025-11-03', 'Activo', '2025-11-03 14:25:16', '2025-11-03 14:25:16', NULL),
(1776, 621, 45, '2025-11-03', 'Activo', '2025-11-03 14:25:16', '2025-11-03 14:25:16', NULL),
(1777, 65, 46, '2025-11-03', 'Activo', '2025-11-03 14:25:16', '2025-11-03 14:25:16', NULL),
(1778, 79, 46, '2025-11-03', 'Activo', '2025-11-03 14:25:16', '2025-11-03 14:25:16', NULL),
(1779, 91, 46, '2025-11-03', 'Activo', '2025-11-03 14:25:16', '2025-11-03 14:25:16', NULL),
(1780, 149, 46, '2025-11-03', 'Activo', '2025-11-03 14:25:16', '2025-11-03 14:25:16', NULL),
(1781, 161, 46, '2025-11-03', 'Activo', '2025-11-03 14:25:16', '2025-11-03 14:25:16', NULL),
(1782, 332, 46, '2025-11-03', 'Activo', '2025-11-03 14:25:16', '2025-11-03 14:25:16', NULL),
(1783, 362, 46, '2025-11-03', 'Activo', '2025-11-03 14:25:16', '2025-11-03 14:25:16', NULL),
(1784, 370, 46, '2025-11-03', 'Activo', '2025-11-03 14:25:16', '2025-11-03 14:25:16', NULL),
(1785, 379, 46, '2025-11-03', 'Activo', '2025-11-03 14:25:16', '2025-11-03 14:25:16', NULL),
(1786, 467, 46, '2025-11-03', 'Activo', '2025-11-03 14:25:16', '2025-11-03 14:25:16', NULL),
(1787, 470, 46, '2025-11-03', 'Activo', '2025-11-03 14:25:16', '2025-11-03 14:25:16', NULL),
(1788, 517, 46, '2025-11-03', 'Activo', '2025-11-03 14:25:16', '2025-11-03 14:25:16', NULL),
(1789, 610, 46, '2025-11-03', 'Activo', '2025-11-03 14:25:16', '2025-11-03 14:25:16', NULL),
(1790, 621, 46, '2025-11-03', 'Activo', '2025-11-03 14:25:16', '2025-11-03 14:25:16', NULL),
(1791, 65, 47, '2025-11-03', 'Activo', '2025-11-03 14:25:16', '2025-11-03 14:25:16', NULL),
(1792, 79, 47, '2025-11-03', 'Activo', '2025-11-03 14:25:16', '2025-11-03 14:25:16', NULL),
(1793, 91, 47, '2025-11-03', 'Activo', '2025-11-03 14:25:16', '2025-11-03 14:25:16', NULL),
(1794, 149, 47, '2025-11-03', 'Activo', '2025-11-03 14:25:16', '2025-11-03 14:25:16', NULL),
(1795, 161, 47, '2025-11-03', 'Activo', '2025-11-03 14:25:16', '2025-11-03 14:25:16', NULL),
(1796, 332, 47, '2025-11-03', 'Activo', '2025-11-03 14:25:16', '2025-11-03 14:25:16', NULL),
(1797, 362, 47, '2025-11-03', 'Activo', '2025-11-03 14:25:16', '2025-11-03 14:25:16', NULL),
(1798, 370, 47, '2025-11-03', 'Activo', '2025-11-03 14:25:16', '2025-11-03 14:25:16', NULL),
(1799, 379, 47, '2025-11-03', 'Activo', '2025-11-03 14:25:16', '2025-11-03 14:25:16', NULL),
(1800, 467, 47, '2025-11-03', 'Activo', '2025-11-03 14:25:16', '2025-11-03 14:25:16', NULL),
(1801, 470, 47, '2025-11-03', 'Activo', '2025-11-03 14:25:16', '2025-11-03 14:25:16', NULL),
(1802, 517, 47, '2025-11-03', 'Activo', '2025-11-03 14:25:16', '2025-11-03 14:25:16', NULL),
(1803, 610, 47, '2025-11-03', 'Activo', '2025-11-03 14:25:16', '2025-11-03 14:25:16', NULL),
(1804, 621, 47, '2025-11-03', 'Activo', '2025-11-03 14:25:16', '2025-11-03 14:25:16', NULL),
(1805, 65, 48, '2025-11-03', 'Activo', '2025-11-03 14:25:16', '2025-11-03 14:25:16', NULL),
(1806, 79, 48, '2025-11-03', 'Activo', '2025-11-03 14:25:16', '2025-11-03 14:25:16', NULL),
(1807, 91, 48, '2025-11-03', 'Activo', '2025-11-03 14:25:16', '2025-11-03 14:25:16', NULL),
(1808, 149, 48, '2025-11-03', 'Activo', '2025-11-03 14:25:16', '2025-11-03 14:25:16', NULL),
(1809, 161, 48, '2025-11-03', 'Activo', '2025-11-03 14:25:16', '2025-11-03 14:25:16', NULL),
(1810, 332, 48, '2025-11-03', 'Activo', '2025-11-03 14:25:16', '2025-11-03 14:25:16', NULL),
(1811, 362, 48, '2025-11-03', 'Activo', '2025-11-03 14:25:16', '2025-11-03 14:25:16', NULL),
(1812, 370, 48, '2025-11-03', 'Activo', '2025-11-03 14:25:16', '2025-11-03 14:25:16', NULL),
(1813, 379, 48, '2025-11-03', 'Activo', '2025-11-03 14:25:16', '2025-11-03 14:25:16', NULL),
(1814, 467, 48, '2025-11-03', 'Activo', '2025-11-03 14:25:16', '2025-11-03 14:25:16', NULL),
(1815, 470, 48, '2025-11-03', 'Activo', '2025-11-03 14:25:16', '2025-11-03 14:25:16', NULL),
(1816, 517, 48, '2025-11-03', 'Activo', '2025-11-03 14:25:16', '2025-11-03 14:25:16', NULL),
(1817, 610, 48, '2025-11-03', 'Activo', '2025-11-03 14:25:16', '2025-11-03 14:25:16', NULL),
(1818, 621, 48, '2025-11-03', 'Activo', '2025-11-03 14:25:16', '2025-11-03 14:25:16', NULL),
(1819, 29, 49, '2025-11-03', 'Activo', '2025-11-03 14:25:16', '2025-11-03 14:25:16', NULL),
(1820, 83, 49, '2025-11-03', 'Activo', '2025-11-03 14:25:16', '2025-11-03 14:25:16', NULL),
(1821, 84, 49, '2025-11-03', 'Activo', '2025-11-03 14:25:16', '2025-11-03 14:25:16', NULL),
(1822, 94, 49, '2025-11-03', 'Activo', '2025-11-03 14:25:16', '2025-11-03 14:25:16', NULL),
(1823, 103, 49, '2025-11-03', 'Activo', '2025-11-03 14:25:16', '2025-11-03 14:25:16', NULL),
(1824, 157, 49, '2025-11-03', 'Activo', '2025-11-03 14:25:16', '2025-11-03 14:25:16', NULL),
(1825, 292, 49, '2025-11-03', 'Activo', '2025-11-03 14:25:16', '2025-11-03 14:25:16', NULL),
(1826, 301, 49, '2025-11-03', 'Activo', '2025-11-03 14:25:16', '2025-11-03 14:25:16', NULL),
(1827, 325, 49, '2025-11-03', 'Activo', '2025-11-03 14:25:16', '2025-11-03 14:25:16', NULL),
(1828, 469, 49, '2025-11-03', 'Activo', '2025-11-03 14:25:16', '2025-11-03 14:25:16', NULL),
(1829, 616, 49, '2025-11-03', 'Activo', '2025-11-03 14:25:16', '2025-11-03 14:25:16', NULL),
(1830, 29, 50, '2025-11-03', 'Activo', '2025-11-03 14:25:16', '2025-11-03 14:25:16', NULL),
(1831, 83, 50, '2025-11-03', 'Activo', '2025-11-03 14:25:16', '2025-11-03 14:25:16', NULL),
(1832, 84, 50, '2025-11-03', 'Activo', '2025-11-03 14:25:16', '2025-11-03 14:25:16', NULL),
(1833, 94, 50, '2025-11-03', 'Activo', '2025-11-03 14:25:16', '2025-11-03 14:25:16', NULL),
(1834, 103, 50, '2025-11-03', 'Activo', '2025-11-03 14:25:16', '2025-11-03 14:25:16', NULL),
(1835, 157, 50, '2025-11-03', 'Activo', '2025-11-03 14:25:16', '2025-11-03 14:25:16', NULL),
(1836, 292, 50, '2025-11-03', 'Activo', '2025-11-03 14:25:16', '2025-11-03 14:25:16', NULL),
(1837, 301, 50, '2025-11-03', 'Activo', '2025-11-03 14:25:16', '2025-11-03 14:25:16', NULL),
(1838, 325, 50, '2025-11-03', 'Activo', '2025-11-03 14:25:16', '2025-11-03 14:25:16', NULL),
(1839, 469, 50, '2025-11-03', 'Activo', '2025-11-03 14:25:16', '2025-11-03 14:25:16', NULL),
(1840, 616, 50, '2025-11-03', 'Activo', '2025-11-03 14:25:16', '2025-11-03 14:25:16', NULL),
(1841, 29, 51, '2025-11-03', 'Activo', '2025-11-03 14:25:16', '2025-11-03 14:25:16', NULL),
(1842, 83, 51, '2025-11-03', 'Activo', '2025-11-03 14:25:16', '2025-11-03 14:25:16', NULL),
(1843, 84, 51, '2025-11-03', 'Activo', '2025-11-03 14:25:16', '2025-11-03 14:25:16', NULL),
(1844, 94, 51, '2025-11-03', 'Activo', '2025-11-03 14:25:16', '2025-11-03 14:25:16', NULL),
(1845, 103, 51, '2025-11-03', 'Activo', '2025-11-03 14:25:16', '2025-11-03 14:25:16', NULL),
(1846, 157, 51, '2025-11-03', 'Activo', '2025-11-03 14:25:16', '2025-11-03 14:25:16', NULL),
(1847, 292, 51, '2025-11-03', 'Activo', '2025-11-03 14:25:16', '2025-11-03 14:25:16', NULL),
(1848, 301, 51, '2025-11-03', 'Activo', '2025-11-03 14:25:16', '2025-11-03 14:25:16', NULL),
(1849, 325, 51, '2025-11-03', 'Activo', '2025-11-03 14:25:16', '2025-11-03 14:25:16', NULL),
(1850, 469, 51, '2025-11-03', 'Activo', '2025-11-03 14:25:16', '2025-11-03 14:25:16', NULL),
(1851, 616, 51, '2025-11-03', 'Activo', '2025-11-03 14:25:16', '2025-11-03 14:25:16', NULL),
(1852, 29, 52, '2025-11-03', 'Activo', '2025-11-03 14:25:16', '2025-11-03 14:25:16', NULL),
(1853, 83, 52, '2025-11-03', 'Activo', '2025-11-03 14:25:16', '2025-11-03 14:25:16', NULL),
(1854, 84, 52, '2025-11-03', 'Activo', '2025-11-03 14:25:16', '2025-11-03 14:25:16', NULL),
(1855, 94, 52, '2025-11-03', 'Activo', '2025-11-03 14:25:16', '2025-11-03 14:25:16', NULL),
(1856, 103, 52, '2025-11-03', 'Activo', '2025-11-03 14:25:16', '2025-11-03 14:25:16', NULL),
(1857, 157, 52, '2025-11-03', 'Activo', '2025-11-03 14:25:16', '2025-11-03 14:25:16', NULL),
(1858, 292, 52, '2025-11-03', 'Activo', '2025-11-03 14:25:16', '2025-11-03 14:25:16', NULL),
(1859, 301, 52, '2025-11-03', 'Activo', '2025-11-03 14:25:16', '2025-11-03 14:25:16', NULL),
(1860, 325, 52, '2025-11-03', 'Activo', '2025-11-03 14:25:16', '2025-11-03 14:25:16', NULL),
(1861, 469, 52, '2025-11-03', 'Activo', '2025-11-03 14:25:16', '2025-11-03 14:25:16', NULL),
(1862, 616, 52, '2025-11-03', 'Activo', '2025-11-03 14:25:16', '2025-11-03 14:25:16', NULL),
(1863, 29, 53, '2025-11-03', 'Activo', '2025-11-03 14:25:16', '2025-11-03 14:25:16', NULL),
(1864, 83, 53, '2025-11-03', 'Activo', '2025-11-03 14:25:16', '2025-11-03 14:25:16', NULL),
(1865, 84, 53, '2025-11-03', 'Activo', '2025-11-03 14:25:16', '2025-11-03 14:25:16', NULL),
(1866, 94, 53, '2025-11-03', 'Activo', '2025-11-03 14:25:16', '2025-11-03 14:25:16', NULL),
(1867, 103, 53, '2025-11-03', 'Activo', '2025-11-03 14:25:16', '2025-11-03 14:25:16', NULL),
(1868, 157, 53, '2025-11-03', 'Activo', '2025-11-03 14:25:16', '2025-11-03 14:25:16', NULL),
(1869, 292, 53, '2025-11-03', 'Activo', '2025-11-03 14:25:16', '2025-11-03 14:25:16', NULL),
(1870, 301, 53, '2025-11-03', 'Activo', '2025-11-03 14:25:16', '2025-11-03 14:25:16', NULL),
(1871, 325, 53, '2025-11-03', 'Activo', '2025-11-03 14:25:16', '2025-11-03 14:25:16', NULL),
(1872, 469, 53, '2025-11-03', 'Activo', '2025-11-03 14:25:16', '2025-11-03 14:25:16', NULL),
(1873, 616, 53, '2025-11-03', 'Activo', '2025-11-03 14:25:16', '2025-11-03 14:25:16', NULL),
(1874, 29, 54, '2025-11-03', 'Activo', '2025-11-03 14:25:16', '2025-11-03 14:25:16', NULL),
(1875, 83, 54, '2025-11-03', 'Activo', '2025-11-03 14:25:16', '2025-11-03 14:25:16', NULL),
(1876, 84, 54, '2025-11-03', 'Activo', '2025-11-03 14:25:16', '2025-11-03 14:25:16', NULL),
(1877, 94, 54, '2025-11-03', 'Activo', '2025-11-03 14:25:16', '2025-11-03 14:25:16', NULL),
(1878, 103, 54, '2025-11-03', 'Activo', '2025-11-03 14:25:16', '2025-11-03 14:25:16', NULL),
(1879, 157, 54, '2025-11-03', 'Activo', '2025-11-03 14:25:16', '2025-11-03 14:25:16', NULL),
(1880, 292, 54, '2025-11-03', 'Activo', '2025-11-03 14:25:16', '2025-11-03 14:25:16', NULL),
(1881, 301, 54, '2025-11-03', 'Activo', '2025-11-03 14:25:16', '2025-11-03 14:25:16', NULL),
(1882, 325, 54, '2025-11-03', 'Activo', '2025-11-03 14:25:16', '2025-11-03 14:25:16', NULL),
(1883, 469, 54, '2025-11-03', 'Activo', '2025-11-03 14:25:16', '2025-11-03 14:25:16', NULL),
(1884, 616, 54, '2025-11-03', 'Activo', '2025-11-03 14:25:16', '2025-11-03 14:25:16', NULL),
(1885, 29, 55, '2025-11-03', 'Activo', '2025-11-03 14:25:16', '2025-11-03 14:25:16', NULL),
(1886, 83, 55, '2025-11-03', 'Activo', '2025-11-03 14:25:16', '2025-11-03 14:25:16', NULL),
(1887, 84, 55, '2025-11-03', 'Activo', '2025-11-03 14:25:16', '2025-11-03 14:25:16', NULL),
(1888, 94, 55, '2025-11-03', 'Activo', '2025-11-03 14:25:16', '2025-11-03 14:25:16', NULL),
(1889, 103, 55, '2025-11-03', 'Activo', '2025-11-03 14:25:16', '2025-11-03 14:25:16', NULL),
(1890, 157, 55, '2025-11-03', 'Activo', '2025-11-03 14:25:16', '2025-11-03 14:25:16', NULL),
(1891, 292, 55, '2025-11-03', 'Activo', '2025-11-03 14:25:16', '2025-11-03 14:25:16', NULL),
(1892, 301, 55, '2025-11-03', 'Activo', '2025-11-03 14:25:16', '2025-11-03 14:25:16', NULL),
(1893, 325, 55, '2025-11-03', 'Activo', '2025-11-03 14:25:16', '2025-11-03 14:25:16', NULL),
(1894, 469, 55, '2025-11-03', 'Activo', '2025-11-03 14:25:16', '2025-11-03 14:25:16', NULL),
(1895, 616, 55, '2025-11-03', 'Activo', '2025-11-03 14:25:16', '2025-11-03 14:25:16', NULL),
(1896, 26, 56, '2025-11-03', 'Activo', '2025-11-03 14:25:16', '2025-11-03 14:25:16', NULL),
(1897, 35, 56, '2025-11-03', 'Activo', '2025-11-03 14:25:16', '2025-11-03 14:25:16', NULL),
(1898, 36, 56, '2025-11-03', 'Activo', '2025-11-03 14:25:16', '2025-11-03 14:25:16', NULL),
(1899, 50, 56, '2025-11-03', 'Activo', '2025-11-03 14:25:16', '2025-11-03 14:25:16', NULL),
(1900, 61, 56, '2025-11-03', 'Activo', '2025-11-03 14:25:16', '2025-11-03 14:25:16', NULL),
(1901, 96, 56, '2025-11-03', 'Activo', '2025-11-03 14:25:16', '2025-11-03 14:25:16', NULL),
(1902, 121, 56, '2025-11-03', 'Activo', '2025-11-03 14:25:16', '2025-11-03 14:25:16', NULL),
(1903, 128, 56, '2025-11-03', 'Activo', '2025-11-03 14:25:16', '2025-11-03 14:25:16', NULL),
(1904, 167, 56, '2025-11-03', 'Activo', '2025-11-03 14:25:16', '2025-11-03 14:25:16', NULL),
(1905, 291, 56, '2025-11-03', 'Activo', '2025-11-03 14:25:16', '2025-11-03 14:25:16', NULL),
(1906, 293, 56, '2025-11-03', 'Activo', '2025-11-03 14:25:16', '2025-11-03 14:25:16', NULL),
(1907, 299, 56, '2025-11-03', 'Activo', '2025-11-03 14:25:16', '2025-11-03 14:25:16', NULL),
(1908, 317, 56, '2025-11-03', 'Activo', '2025-11-03 14:25:16', '2025-11-03 14:25:16', NULL),
(1909, 355, 56, '2025-11-03', 'Activo', '2025-11-03 14:25:16', '2025-11-03 14:25:16', NULL),
(1910, 357, 56, '2025-11-03', 'Activo', '2025-11-03 14:25:16', '2025-11-03 14:25:16', NULL),
(1911, 358, 56, '2025-11-03', 'Activo', '2025-11-03 14:25:16', '2025-11-03 14:25:16', NULL),
(1912, 402, 56, '2025-11-03', 'Activo', '2025-11-03 14:25:16', '2025-11-03 14:25:16', NULL),
(1913, 403, 56, '2025-11-03', 'Activo', '2025-11-03 14:25:16', '2025-11-03 14:25:16', NULL),
(1914, 411, 56, '2025-11-03', 'Activo', '2025-11-03 14:25:16', '2025-11-03 14:25:16', NULL),
(1915, 459, 56, '2025-11-03', 'Activo', '2025-11-03 14:25:16', '2025-11-03 14:25:16', NULL),
(1916, 461, 56, '2025-11-03', 'Activo', '2025-11-03 14:25:16', '2025-11-03 14:25:16', NULL),
(1917, 500, 56, '2025-11-03', 'Activo', '2025-11-03 14:25:16', '2025-11-03 14:25:16', NULL),
(1918, 512, 56, '2025-11-03', 'Activo', '2025-11-03 14:25:16', '2025-11-03 14:25:16', NULL),
(1919, 513, 56, '2025-11-03', 'Activo', '2025-11-03 14:25:16', '2025-11-03 14:25:16', NULL),
(1920, 520, 56, '2025-11-03', 'Activo', '2025-11-03 14:25:16', '2025-11-03 14:25:16', NULL),
(1921, 529, 56, '2025-11-03', 'Activo', '2025-11-03 14:25:16', '2025-11-03 14:25:16', NULL),
(1922, 553, 56, '2025-11-03', 'Activo', '2025-11-03 14:25:16', '2025-11-03 14:25:16', NULL),
(1923, 563, 56, '2025-11-03', 'Activo', '2025-11-03 14:25:16', '2025-11-03 14:25:16', NULL),
(1924, 564, 56, '2025-11-03', 'Activo', '2025-11-03 14:25:16', '2025-11-03 14:25:16', NULL),
(1925, 585, 56, '2025-11-03', 'Activo', '2025-11-03 14:25:16', '2025-11-03 14:25:16', NULL),
(1926, 595, 56, '2025-11-03', 'Activo', '2025-11-03 14:25:16', '2025-11-03 14:25:16', NULL),
(1927, 606, 56, '2025-11-03', 'Activo', '2025-11-03 14:25:16', '2025-11-03 14:25:16', NULL),
(1928, 26, 57, '2025-11-03', 'Activo', '2025-11-03 14:25:16', '2025-11-03 14:25:16', NULL),
(1929, 35, 57, '2025-11-03', 'Activo', '2025-11-03 14:25:16', '2025-11-03 14:25:16', NULL),
(1930, 36, 57, '2025-11-03', 'Activo', '2025-11-03 14:25:16', '2025-11-03 14:25:16', NULL),
(1931, 50, 57, '2025-11-03', 'Activo', '2025-11-03 14:25:16', '2025-11-03 14:25:16', NULL),
(1932, 61, 57, '2025-11-03', 'Activo', '2025-11-03 14:25:16', '2025-11-03 14:25:16', NULL),
(1933, 96, 57, '2025-11-03', 'Activo', '2025-11-03 14:25:16', '2025-11-03 14:25:16', NULL),
(1934, 121, 57, '2025-11-03', 'Activo', '2025-11-03 14:25:16', '2025-11-03 14:25:16', NULL),
(1935, 128, 57, '2025-11-03', 'Activo', '2025-11-03 14:25:16', '2025-11-03 14:25:16', NULL),
(1936, 167, 57, '2025-11-03', 'Activo', '2025-11-03 14:25:16', '2025-11-03 14:25:16', NULL),
(1937, 291, 57, '2025-11-03', 'Activo', '2025-11-03 14:25:16', '2025-11-03 14:25:16', NULL),
(1938, 293, 57, '2025-11-03', 'Activo', '2025-11-03 14:25:16', '2025-11-03 14:25:16', NULL),
(1939, 299, 57, '2025-11-03', 'Activo', '2025-11-03 14:25:16', '2025-11-03 14:25:16', NULL),
(1940, 317, 57, '2025-11-03', 'Activo', '2025-11-03 14:25:16', '2025-11-03 14:25:16', NULL),
(1941, 355, 57, '2025-11-03', 'Activo', '2025-11-03 14:25:16', '2025-11-03 14:25:16', NULL),
(1942, 357, 57, '2025-11-03', 'Activo', '2025-11-03 14:25:16', '2025-11-03 14:25:16', NULL),
(1943, 358, 57, '2025-11-03', 'Activo', '2025-11-03 14:25:16', '2025-11-03 14:25:16', NULL),
(1944, 402, 57, '2025-11-03', 'Activo', '2025-11-03 14:25:16', '2025-11-03 14:25:16', NULL),
(1945, 403, 57, '2025-11-03', 'Activo', '2025-11-03 14:25:16', '2025-11-03 14:25:16', NULL),
(1946, 411, 57, '2025-11-03', 'Activo', '2025-11-03 14:25:16', '2025-11-03 14:25:16', NULL),
(1947, 459, 57, '2025-11-03', 'Activo', '2025-11-03 14:25:16', '2025-11-03 14:25:16', NULL),
(1948, 461, 57, '2025-11-03', 'Activo', '2025-11-03 14:25:16', '2025-11-03 14:25:16', NULL),
(1949, 500, 57, '2025-11-03', 'Activo', '2025-11-03 14:25:16', '2025-11-03 14:25:16', NULL),
(1950, 512, 57, '2025-11-03', 'Activo', '2025-11-03 14:25:16', '2025-11-03 14:25:16', NULL),
(1951, 513, 57, '2025-11-03', 'Activo', '2025-11-03 14:25:16', '2025-11-03 14:25:16', NULL),
(1952, 520, 57, '2025-11-03', 'Activo', '2025-11-03 14:25:16', '2025-11-03 14:25:16', NULL),
(1953, 529, 57, '2025-11-03', 'Activo', '2025-11-03 14:25:16', '2025-11-03 14:25:16', NULL),
(1954, 553, 57, '2025-11-03', 'Activo', '2025-11-03 14:25:16', '2025-11-03 14:25:16', NULL),
(1955, 563, 57, '2025-11-03', 'Activo', '2025-11-03 14:25:16', '2025-11-03 14:25:16', NULL),
(1956, 564, 57, '2025-11-03', 'Activo', '2025-11-03 14:25:16', '2025-11-03 14:25:16', NULL),
(1957, 585, 57, '2025-11-03', 'Activo', '2025-11-03 14:25:16', '2025-11-03 14:25:16', NULL),
(1958, 595, 57, '2025-11-03', 'Activo', '2025-11-03 14:25:16', '2025-11-03 14:25:16', NULL),
(1959, 606, 57, '2025-11-03', 'Activo', '2025-11-03 14:25:16', '2025-11-03 14:25:16', NULL),
(1960, 26, 58, '2025-11-03', 'Activo', '2025-11-03 14:25:16', '2025-11-03 14:25:16', NULL),
(1961, 35, 58, '2025-11-03', 'Activo', '2025-11-03 14:25:16', '2025-11-03 14:25:16', NULL),
(1962, 36, 58, '2025-11-03', 'Activo', '2025-11-03 14:25:16', '2025-11-03 14:25:16', NULL),
(1963, 50, 58, '2025-11-03', 'Activo', '2025-11-03 14:25:16', '2025-11-03 14:25:16', NULL),
(1964, 61, 58, '2025-11-03', 'Activo', '2025-11-03 14:25:16', '2025-11-03 14:25:16', NULL),
(1965, 96, 58, '2025-11-03', 'Activo', '2025-11-03 14:25:16', '2025-11-03 14:25:16', NULL),
(1966, 121, 58, '2025-11-03', 'Activo', '2025-11-03 14:25:16', '2025-11-03 14:25:16', NULL),
(1967, 128, 58, '2025-11-03', 'Activo', '2025-11-03 14:25:16', '2025-11-03 14:25:16', NULL),
(1968, 167, 58, '2025-11-03', 'Activo', '2025-11-03 14:25:16', '2025-11-03 14:25:16', NULL),
(1969, 291, 58, '2025-11-03', 'Activo', '2025-11-03 14:25:16', '2025-11-03 14:25:16', NULL),
(1970, 293, 58, '2025-11-03', 'Activo', '2025-11-03 14:25:16', '2025-11-03 14:25:16', NULL),
(1971, 299, 58, '2025-11-03', 'Activo', '2025-11-03 14:25:16', '2025-11-03 14:25:16', NULL),
(1972, 317, 58, '2025-11-03', 'Activo', '2025-11-03 14:25:16', '2025-11-03 14:25:16', NULL),
(1973, 355, 58, '2025-11-03', 'Activo', '2025-11-03 14:25:16', '2025-11-03 14:25:16', NULL),
(1974, 357, 58, '2025-11-03', 'Activo', '2025-11-03 14:25:16', '2025-11-03 14:25:16', NULL),
(1975, 358, 58, '2025-11-03', 'Activo', '2025-11-03 14:25:16', '2025-11-03 14:25:16', NULL),
(1976, 402, 58, '2025-11-03', 'Activo', '2025-11-03 14:25:16', '2025-11-03 14:25:16', NULL),
(1977, 403, 58, '2025-11-03', 'Activo', '2025-11-03 14:25:16', '2025-11-03 14:25:16', NULL),
(1978, 411, 58, '2025-11-03', 'Activo', '2025-11-03 14:25:16', '2025-11-03 14:25:16', NULL),
(1979, 459, 58, '2025-11-03', 'Activo', '2025-11-03 14:25:16', '2025-11-03 14:25:16', NULL),
(1980, 461, 58, '2025-11-03', 'Activo', '2025-11-03 14:25:16', '2025-11-03 14:25:16', NULL),
(1981, 500, 58, '2025-11-03', 'Activo', '2025-11-03 14:25:16', '2025-11-03 14:25:16', NULL),
(1982, 512, 58, '2025-11-03', 'Activo', '2025-11-03 14:25:16', '2025-11-03 14:25:16', NULL),
(1983, 513, 58, '2025-11-03', 'Activo', '2025-11-03 14:25:16', '2025-11-03 14:25:16', NULL),
(1984, 520, 58, '2025-11-03', 'Activo', '2025-11-03 14:25:16', '2025-11-03 14:25:16', NULL),
(1985, 529, 58, '2025-11-03', 'Activo', '2025-11-03 14:25:16', '2025-11-03 14:25:16', NULL),
(1986, 553, 58, '2025-11-03', 'Activo', '2025-11-03 14:25:16', '2025-11-03 14:25:16', NULL),
(1987, 563, 58, '2025-11-03', 'Activo', '2025-11-03 14:25:16', '2025-11-03 14:25:16', NULL),
(1988, 564, 58, '2025-11-03', 'Activo', '2025-11-03 14:25:16', '2025-11-03 14:25:16', NULL),
(1989, 585, 58, '2025-11-03', 'Activo', '2025-11-03 14:25:16', '2025-11-03 14:25:16', NULL),
(1990, 595, 58, '2025-11-03', 'Activo', '2025-11-03 14:25:16', '2025-11-03 14:25:16', NULL),
(1991, 606, 58, '2025-11-03', 'Activo', '2025-11-03 14:25:16', '2025-11-03 14:25:16', NULL),
(1992, 26, 59, '2025-11-03', 'Activo', '2025-11-03 14:25:16', '2025-11-03 14:25:16', NULL),
(1993, 35, 59, '2025-11-03', 'Activo', '2025-11-03 14:25:16', '2025-11-03 14:25:16', NULL),
(1994, 36, 59, '2025-11-03', 'Activo', '2025-11-03 14:25:16', '2025-11-03 14:25:16', NULL),
(1995, 50, 59, '2025-11-03', 'Activo', '2025-11-03 14:25:16', '2025-11-03 14:25:16', NULL),
(1996, 61, 59, '2025-11-03', 'Activo', '2025-11-03 14:25:16', '2025-11-03 14:25:16', NULL),
(1997, 96, 59, '2025-11-03', 'Activo', '2025-11-03 14:25:16', '2025-11-03 14:25:16', NULL),
(1998, 121, 59, '2025-11-03', 'Activo', '2025-11-03 14:25:16', '2025-11-03 14:25:16', NULL),
(1999, 128, 59, '2025-11-03', 'Activo', '2025-11-03 14:25:16', '2025-11-03 14:25:16', NULL),
(2000, 167, 59, '2025-11-03', 'Activo', '2025-11-03 14:25:16', '2025-11-03 14:25:16', NULL),
(2001, 291, 59, '2025-11-03', 'Activo', '2025-11-03 14:25:16', '2025-11-03 14:25:16', NULL),
(2002, 293, 59, '2025-11-03', 'Activo', '2025-11-03 14:25:16', '2025-11-03 14:25:16', NULL),
(2003, 299, 59, '2025-11-03', 'Activo', '2025-11-03 14:25:16', '2025-11-03 14:25:16', NULL),
(2004, 317, 59, '2025-11-03', 'Activo', '2025-11-03 14:25:16', '2025-11-03 14:25:16', NULL),
(2005, 355, 59, '2025-11-03', 'Activo', '2025-11-03 14:25:16', '2025-11-03 14:25:16', NULL),
(2006, 357, 59, '2025-11-03', 'Activo', '2025-11-03 14:25:16', '2025-11-03 14:25:16', NULL),
(2007, 358, 59, '2025-11-03', 'Activo', '2025-11-03 14:25:16', '2025-11-03 14:25:16', NULL),
(2008, 402, 59, '2025-11-03', 'Activo', '2025-11-03 14:25:16', '2025-11-03 14:25:16', NULL),
(2009, 403, 59, '2025-11-03', 'Activo', '2025-11-03 14:25:16', '2025-11-03 14:25:16', NULL),
(2010, 411, 59, '2025-11-03', 'Activo', '2025-11-03 14:25:16', '2025-11-03 14:25:16', NULL),
(2011, 459, 59, '2025-11-03', 'Activo', '2025-11-03 14:25:16', '2025-11-03 14:25:16', NULL),
(2012, 461, 59, '2025-11-03', 'Activo', '2025-11-03 14:25:16', '2025-11-03 14:25:16', NULL),
(2013, 500, 59, '2025-11-03', 'Activo', '2025-11-03 14:25:16', '2025-11-03 14:25:16', NULL),
(2014, 512, 59, '2025-11-03', 'Activo', '2025-11-03 14:25:16', '2025-11-03 14:25:16', NULL),
(2015, 513, 59, '2025-11-03', 'Activo', '2025-11-03 14:25:16', '2025-11-03 14:25:16', NULL),
(2016, 520, 59, '2025-11-03', 'Activo', '2025-11-03 14:25:16', '2025-11-03 14:25:16', NULL),
(2017, 529, 59, '2025-11-03', 'Activo', '2025-11-03 14:25:16', '2025-11-03 14:25:16', NULL),
(2018, 553, 59, '2025-11-03', 'Activo', '2025-11-03 14:25:16', '2025-11-03 14:25:16', NULL),
(2019, 563, 59, '2025-11-03', 'Activo', '2025-11-03 14:25:16', '2025-11-03 14:25:16', NULL),
(2020, 564, 59, '2025-11-03', 'Activo', '2025-11-03 14:25:16', '2025-11-03 14:25:16', NULL),
(2021, 585, 59, '2025-11-03', 'Activo', '2025-11-03 14:25:16', '2025-11-03 14:25:16', NULL),
(2022, 595, 59, '2025-11-03', 'Activo', '2025-11-03 14:25:16', '2025-11-03 14:25:16', NULL),
(2023, 606, 59, '2025-11-03', 'Activo', '2025-11-03 14:25:16', '2025-11-03 14:25:16', NULL),
(2024, 26, 60, '2025-11-03', 'Activo', '2025-11-03 14:25:16', '2025-11-03 14:25:16', NULL),
(2025, 35, 60, '2025-11-03', 'Activo', '2025-11-03 14:25:16', '2025-11-03 14:25:16', NULL),
(2026, 36, 60, '2025-11-03', 'Activo', '2025-11-03 14:25:16', '2025-11-03 14:25:16', NULL),
(2027, 50, 60, '2025-11-03', 'Activo', '2025-11-03 14:25:16', '2025-11-03 14:25:16', NULL),
(2028, 61, 60, '2025-11-03', 'Activo', '2025-11-03 14:25:16', '2025-11-03 14:25:16', NULL),
(2029, 96, 60, '2025-11-03', 'Activo', '2025-11-03 14:25:16', '2025-11-03 14:25:16', NULL),
(2030, 121, 60, '2025-11-03', 'Activo', '2025-11-03 14:25:16', '2025-11-03 14:25:16', NULL),
(2031, 128, 60, '2025-11-03', 'Activo', '2025-11-03 14:25:16', '2025-11-03 14:25:16', NULL),
(2032, 167, 60, '2025-11-03', 'Activo', '2025-11-03 14:25:16', '2025-11-03 14:25:16', NULL),
(2033, 291, 60, '2025-11-03', 'Activo', '2025-11-03 14:25:16', '2025-11-03 14:25:16', NULL),
(2057, 6, 171, '2025-11-17', 'Activo', '2025-11-17 18:42:25', '2025-11-17 18:42:25', NULL),
(2058, 6, 173, '2025-11-17', 'Activo', '2025-11-17 18:55:49', '2025-11-17 18:55:49', NULL);

-- --------------------------------------------------------

--
-- Estructura de tabla para la tabla `profesores`
--

DROP TABLE IF EXISTS `profesores`;
CREATE TABLE `profesores` (
  `id_profesor` int(11) NOT NULL,
  `nombre_completo` varchar(255) NOT NULL,
  `especialidad` varchar(255) DEFAULT NULL,
  `email` varchar(255) NOT NULL,
  `telefono` varchar(50) DEFAULT NULL,
  `id_usuario` int(11) DEFAULT NULL
) ENGINE=InnoDB DEFAULT CHARSET=utf8mb4 COLLATE=utf8mb4_general_ci;

--
-- Volcado de datos para la tabla `profesores`
--

INSERT INTO `profesores` (`id_profesor`, `nombre_completo`, `especialidad`, `email`, `telefono`, `id_usuario`) VALUES
(3, 'Javier Newton', 'Tecnico', 'santiagocapo@gmail.com', '2241695939', 14),
(1001, 'Dr. Marcelo Quiroga', 'Psicolog칤a y Acompa침amiento', 'marcelo.quiroga@instituto57.edu.ar', '2241551001', NULL),
(1002, 'Lic. Ana G칩mez', 'Educaci칩n y Did치ctica', 'ana.gomez@instituto57.edu.ar', '2241551002', NULL),
(1003, 'Prof. Laura P칠rez', 'Idiomas y Lengua', 'laura.perez@instituto57.edu.ar', '2241551003', NULL),
(1004, 'Ing. Juan Valdez', 'Finanzas y Administraci칩n', 'juan.valdez@instituto57.edu.ar', '2241551004', NULL),
(1005, 'Mgtr. Sof칤a Ramos', 'Tecnolog칤a y Datos', 'sofia.ramos@instituto57.edu.ar', '2241551005', NULL),
(1006, 'Dr. Ricardo Sosa', 'Psicolog칤a y Acompa침amiento', 'ricardo.sosa@instituto57.edu.ar', '2241551006', NULL),
(1007, 'Lic. Elena Torres', 'Educaci칩n y Did치ctica', 'elena.torres@instituto57.edu.ar', '2241551007', NULL),
(1008, 'Prof. Hugo Fern치ndez', 'Idiomas y Lengua', 'hugo.fernandez@instituto57.edu.ar', '2241551008', NULL),
(1009, 'Ing. Carla Ruiz', 'Finanzas y Administraci칩n', 'carla.ruiz@instituto57.edu.ar', '2241551009', NULL),
(1010, 'Mgtr. Pedro Gim칠nez', 'Tecnolog칤a y Datos', 'pedro.gimenez@instituto57.edu.ar', '2241551010', NULL),
(1011, 'Dra. Cecilia Castro', 'Psicolog칤a y Acompa침amiento', 'cecilia.castro@instituto57.edu.ar', '2241551011', NULL),
(1012, 'Lic. Fabi치n D칤az', 'Educaci칩n y Did치ctica', 'fabian.diaz@instituto57.edu.ar', '2241551012', NULL),
(1013, 'Prof. Valeria Ortiz', 'Idiomas y Lengua', 'valeria.ortiz@instituto57.edu.ar', '2241551013', NULL),
(1014, 'Ing. Diego Romero', 'Finanzas y Administraci칩n', 'diego.romero@instituto57.edu.ar', '2241551014', NULL),
(1015, 'Mgtr. Juliana Herrera', 'Tecnolog칤a y Datos', 'juliana.herrera@instituto57.edu.ar', '2241551015', NULL),
(1016, 'Dr. Gaspar L칩pez', 'Psicolog칤a y Acompa침amiento', 'gaspar.lopez@instituto57.edu.ar', '2241551016', NULL),
(1017, 'Lic. Martina Aguirre', 'Educaci칩n y Did치ctica', 'martina.aguirre@instituto57.edu.ar', '2241551017', NULL),
(1018, 'Prof. Emilio Ponce', 'Idiomas y Lengua', 'emilio.ponce@instituto57.edu.ar', '2241551018', NULL),
(1019, 'Ing. Tamara Vargas', 'Finanzas y Administraci칩n', 'tamara.vargas@instituto57.edu.ar', '2241551019', NULL),
(1020, 'Mgtr. Andr칠s Mu침oz', 'Tecnolog칤a y Datos', 'andres.mu침oz@instituto57.edu.ar', '2241551020', NULL);

-- --------------------------------------------------------

--
-- Estructura de tabla para la tabla `usuarios`
--

DROP TABLE IF EXISTS `usuarios`;
CREATE TABLE `usuarios` (
  `id_usuario` int(11) NOT NULL,
  `nombre_de_usuario` varchar(255) NOT NULL,
  `contrasena` varchar(255) NOT NULL,
  `rol` enum('alumno','profesor','administrador') NOT NULL,
  `estado` varchar(50) DEFAULT 'activo',
  `cambio_contrasena_obligatorio` tinyint(1) NOT NULL DEFAULT 0
) ENGINE=InnoDB DEFAULT CHARSET=utf8mb4 COLLATE=utf8mb4_general_ci;

--
-- Volcado de datos para la tabla `usuarios`
--

INSERT INTO `usuarios` (`id_usuario`, `nombre_de_usuario`, `contrasena`, `rol`, `estado`, `cambio_contrasena_obligatorio`) VALUES
(14, 'santiagocapo@gmail.com', '$2y$10$2/S/l6733p3vwFUpNIY0VO/Ly68Wdi/vHikxqr1hf49YpARG1K6Yy', 'profesor', 'activo', 0),
(15, 'lucia.gomez@inst.edu', '$HASH_EJEMPLO', 'alumno', 'activo', 0),
(16, 'martin.silva@inst.edu', '$HASH_EJEMPLO', 'alumno', 'activo', 0),
(17, 'elena.torres@inst.edu', '$HASH_EJEMPLO', 'alumno', 'activo', 0),
(18, 'alumno_04@inst.edu', '$2y$10$GENERIC_HASH_FOR_BUFFER_4', 'alumno', 'activo', 0),
(19, 'alumno_05@inst.edu', '$2y$10$GENERIC_HASH_FOR_BUFFER_5', 'alumno', 'activo', 0),
(20, 'alumno_06@inst.edu', '$2y$10$GENERIC_HASH_FOR_BUFFER_6', 'alumno', 'activo', 0),
(21, 'alumno021@instituto57.edu.ar', '$2y$10$default_hash_for_testing', 'alumno', 'activo', 0),
(22, 'alumno022@instituto57.edu.ar', '$2y$10$default_hash_for_testing', 'alumno', 'activo', 0),
(23, 'alumno023@instituto57.edu.ar', '$2y$10$default_hash_for_testing', 'alumno', 'activo', 0),
(24, 'alumno024@instituto57.edu.ar', '$2y$10$default_hash_for_testing', 'alumno', 'activo', 0),
(25, 'alumno025@instituto57.edu.ar', '$2y$10$default_hash_for_testing', 'alumno', 'activo', 0),
(26, 'alumno026@instituto57.edu.ar', '$2y$10$default_hash_for_testing', 'alumno', 'activo', 0),
(27, 'alumno027@instituto57.edu.ar', '$2y$10$default_hash_for_testing', 'alumno', 'activo', 0),
(28, 'alumno028@instituto57.edu.ar', '$2y$10$default_hash_for_testing', 'alumno', 'activo', 0),
(29, 'alumno029@instituto57.edu.ar', '$2y$10$default_hash_for_testing', 'alumno', 'activo', 0),
(30, 'alumno030@instituto57.edu.ar', '$2y$10$default_hash_for_testing', 'alumno', 'activo', 0),
(31, 'alumno031@instituto57.edu.ar', '$2y$10$default_hash_for_testing', 'alumno', 'activo', 0),
(32, 'alumno032@instituto57.edu.ar', '$2y$10$default_hash_for_testing', 'alumno', 'activo', 0),
(33, 'alumno033@instituto57.edu.ar', '$2y$10$default_hash_for_testing', 'alumno', 'activo', 0),
(34, 'alumno034@instituto57.edu.ar', '$2y$10$default_hash_for_testing', 'alumno', 'activo', 0),
(35, 'alumno035@instituto57.edu.ar', '$2y$10$default_hash_for_testing', 'alumno', 'activo', 0),
(36, 'alumno036@instituto57.edu.ar', '$2y$10$default_hash_for_testing', 'alumno', 'activo', 0),
(37, 'alumno037@instituto57.edu.ar', '$2y$10$default_hash_for_testing', 'alumno', 'activo', 0),
(38, 'alumno038@instituto57.edu.ar', '$2y$10$default_hash_for_testing', 'alumno', 'activo', 0),
(39, 'alumno039@instituto57.edu.ar', '$2y$10$default_hash_for_testing', 'alumno', 'activo', 0),
(40, 'alumno040@instituto57.edu.ar', '$2y$10$default_hash_for_testing', 'alumno', 'activo', 0),
(41, 'alumno041@instituto57.edu.ar', '$2y$10$default_hash_for_testing', 'alumno', 'activo', 0),
(42, 'alumno042@instituto57.edu.ar', '$2y$10$default_hash_for_testing', 'alumno', 'activo', 0),
(43, 'alumno043@instituto57.edu.ar', '$2y$10$default_hash_for_testing', 'alumno', 'activo', 0),
(44, 'alumno044@instituto57.edu.ar', '$2y$10$default_hash_for_testing', 'alumno', 'activo', 0),
(45, 'alumno045@instituto57.edu.ar', '$2y$10$default_hash_for_testing', 'alumno', 'activo', 0),
(46, 'alumno046@instituto57.edu.ar', '$2y$10$default_hash_for_testing', 'alumno', 'activo', 0),
(47, 'alumno047@instituto57.edu.ar', '$2y$10$default_hash_for_testing', 'alumno', 'activo', 0),
(48, 'alumno048@instituto57.edu.ar', '$2y$10$default_hash_for_testing', 'alumno', 'activo', 0),
(49, 'alumno049@instituto57.edu.ar', '$2y$10$default_hash_for_testing', 'alumno', 'activo', 0),
(50, 'alumno050@instituto57.edu.ar', '$2y$10$default_hash_for_testing', 'alumno', 'activo', 0),
(51, 'alumno051@instituto57.edu.ar', '$2y$10$default_hash_for_testing', 'alumno', 'activo', 0),
(52, 'alumno052@instituto57.edu.ar', '$2y$10$default_hash_for_testing', 'alumno', 'activo', 0),
(53, 'alumno053@instituto57.edu.ar', '$2y$10$default_hash_for_testing', 'alumno', 'activo', 0),
(54, 'alumno054@instituto57.edu.ar', '$2y$10$default_hash_for_testing', 'alumno', 'activo', 0),
(55, 'alumno055@instituto57.edu.ar', '$2y$10$default_hash_for_testing', 'alumno', 'activo', 0),
(56, 'alumno056@instituto57.edu.ar', '$2y$10$default_hash_for_testing', 'alumno', 'activo', 0),
(57, 'alumno057@instituto57.edu.ar', '$2y$10$default_hash_for_testing', 'alumno', 'activo', 0),
(58, 'alumno058@instituto57.edu.ar', '$2y$10$default_hash_for_testing', 'alumno', 'activo', 0),
(59, 'alumno059@instituto57.edu.ar', '$2y$10$default_hash_for_testing', 'alumno', 'activo', 0),
(60, 'alumno060@instituto57.edu.ar', '$2y$10$default_hash_for_testing', 'alumno', 'activo', 0),
(61, 'alumno061@instituto57.edu.ar', '$2y$10$default_hash_for_testing', 'alumno', 'activo', 0),
(62, 'alumno062@instituto57.edu.ar', '$2y$10$default_hash_for_testing', 'alumno', 'activo', 0),
(63, 'alumno063@instituto57.edu.ar', '$2y$10$default_hash_for_testing', 'alumno', 'activo', 0),
(64, 'alumno064@instituto57.edu.ar', '$2y$10$default_hash_for_testing', 'alumno', 'activo', 0),
(65, 'alumno065@instituto57.edu.ar', '$2y$10$default_hash_for_testing', 'alumno', 'activo', 0),
(66, 'alumno066@instituto57.edu.ar', '$2y$10$default_hash_for_testing', 'alumno', 'activo', 0),
(67, 'alumno067@instituto57.edu.ar', '$2y$10$default_hash_for_testing', 'alumno', 'activo', 0),
(68, 'alumno068@instituto57.edu.ar', '$2y$10$default_hash_for_testing', 'alumno', 'activo', 0),
(69, 'alumno069@instituto57.edu.ar', '$2y$10$default_hash_for_testing', 'alumno', 'activo', 0),
(70, 'alumno070@instituto57.edu.ar', '$2y$10$default_hash_for_testing', 'alumno', 'activo', 0),
(71, 'alumno071@instituto57.edu.ar', '$2y$10$default_hash_for_testing', 'alumno', 'activo', 0),
(72, 'alumno072@instituto57.edu.ar', '$2y$10$default_hash_for_testing', 'alumno', 'activo', 0),
(73, 'alumno073@instituto57.edu.ar', '$2y$10$default_hash_for_testing', 'alumno', 'activo', 0),
(74, 'alumno074@instituto57.edu.ar', '$2y$10$default_hash_for_testing', 'alumno', 'activo', 0),
(75, 'alumno075@instituto57.edu.ar', '$2y$10$default_hash_for_testing', 'alumno', 'activo', 0),
(76, 'alumno076@instituto57.edu.ar', '$2y$10$default_hash_for_testing', 'alumno', 'activo', 0),
(77, 'alumno077@instituto57.edu.ar', '$2y$10$default_hash_for_testing', 'alumno', 'activo', 0),
(78, 'alumno078@instituto57.edu.ar', '$2y$10$default_hash_for_testing', 'alumno', 'activo', 0),
(79, 'alumno079@instituto57.edu.ar', '$2y$10$default_hash_for_testing', 'alumno', 'activo', 0),
(80, 'alumno080@instituto57.edu.ar', '$2y$10$default_hash_for_testing', 'alumno', 'activo', 0),
(81, 'alumno081@instituto57.edu.ar', '$2y$10$default_hash_for_testing', 'alumno', 'activo', 0),
(82, 'alumno082@instituto57.edu.ar', '$2y$10$default_hash_for_testing', 'alumno', 'activo', 0),
(83, 'alumno083@instituto57.edu.ar', '$2y$10$default_hash_for_testing', 'alumno', 'activo', 0),
(84, 'alumno084@instituto57.edu.ar', '$2y$10$default_hash_for_testing', 'alumno', 'activo', 0),
(85, 'alumno085@instituto57.edu.ar', '$2y$10$default_hash_for_testing', 'alumno', 'activo', 0),
(86, 'alumno086@instituto57.edu.ar', '$2y$10$default_hash_for_testing', 'alumno', 'activo', 0),
(87, 'alumno087@instituto57.edu.ar', '$2y$10$default_hash_for_testing', 'alumno', 'activo', 0),
(88, 'alumno088@instituto57.edu.ar', '$2y$10$default_hash_for_testing', 'alumno', 'activo', 0),
(89, 'alumno089@instituto57.edu.ar', '$2y$10$default_hash_for_testing', 'alumno', 'activo', 0),
(90, 'alumno090@instituto57.edu.ar', '$2y$10$default_hash_for_testing', 'alumno', 'activo', 0),
(91, 'alumno091@instituto57.edu.ar', '$2y$10$default_hash_for_testing', 'alumno', 'activo', 0),
(92, 'alumno092@instituto57.edu.ar', '$2y$10$default_hash_for_testing', 'alumno', 'activo', 0),
(93, 'alumno093@instituto57.edu.ar', '$2y$10$default_hash_for_testing', 'alumno', 'activo', 0),
(94, 'alumno094@instituto57.edu.ar', '$2y$10$default_hash_for_testing', 'alumno', 'activo', 0),
(95, 'alumno095@instituto57.edu.ar', '$2y$10$default_hash_for_testing', 'alumno', 'activo', 0),
(96, 'alumno096@instituto57.edu.ar', '$2y$10$default_hash_for_testing', 'alumno', 'activo', 0),
(97, 'alumno097@instituto57.edu.ar', '$2y$10$default_hash_for_testing', 'alumno', 'activo', 0),
(98, 'alumno098@instituto57.edu.ar', '$2y$10$default_hash_for_testing', 'alumno', 'activo', 0),
(99, 'alumno099@instituto57.edu.ar', '$2y$10$default_hash_for_testing', 'alumno', 'activo', 0),
(100, 'alumno100@instituto57.edu.ar', '$2y$10$default_hash_for_testing', 'alumno', 'activo', 0),
(101, 'alumno101@instituto57.edu.ar', '$2y$10$default_hash_for_testing', 'alumno', 'activo', 0),
(102, 'alumno102@instituto57.edu.ar', '$2y$10$default_hash_for_testing', 'alumno', 'activo', 0),
(103, 'alumno103@instituto57.edu.ar', '$2y$10$default_hash_for_testing', 'alumno', 'activo', 0),
(104, 'alumno104@instituto57.edu.ar', '$2y$10$default_hash_for_testing', 'alumno', 'activo', 0),
(105, 'alumno105@instituto57.edu.ar', '$2y$10$default_hash_for_testing', 'alumno', 'activo', 0),
(106, 'alumno106@instituto57.edu.ar', '$2y$10$default_hash_for_testing', 'alumno', 'activo', 0),
(107, 'alumno107@instituto57.edu.ar', '$2y$10$default_hash_for_testing', 'alumno', 'activo', 0),
(108, 'alumno108@instituto57.edu.ar', '$2y$10$default_hash_for_testing', 'alumno', 'activo', 0),
(109, 'alumno109@instituto57.edu.ar', '$2y$10$default_hash_for_testing', 'alumno', 'activo', 0),
(110, 'alumno110@instituto57.edu.ar', '$2y$10$default_hash_for_testing', 'alumno', 'activo', 0),
(111, 'alumno111@instituto57.edu.ar', '$2y$10$default_hash_for_testing', 'alumno', 'activo', 0),
(112, 'alumno112@instituto57.edu.ar', '$2y$10$default_hash_for_testing', 'alumno', 'activo', 0),
(113, 'alumno113@instituto57.edu.ar', '$2y$10$default_hash_for_testing', 'alumno', 'activo', 0),
(114, 'alumno114@instituto57.edu.ar', '$2y$10$default_hash_for_testing', 'alumno', 'activo', 0),
(115, 'alumno115@instituto57.edu.ar', '$2y$10$default_hash_for_testing', 'alumno', 'activo', 0),
(116, 'alumno116@instituto57.edu.ar', '$2y$10$default_hash_for_testing', 'alumno', 'activo', 0),
(117, 'alumno117@instituto57.edu.ar', '$2y$10$default_hash_for_testing', 'alumno', 'activo', 0),
(118, 'alumno118@instituto57.edu.ar', '$2y$10$default_hash_for_testing', 'alumno', 'activo', 0),
(119, 'alumno119@instituto57.edu.ar', '$2y$10$default_hash_for_testing', 'alumno', 'activo', 0),
(120, 'alumno120@instituto57.edu.ar', '$2y$10$default_hash_for_testing', 'alumno', 'activo', 0),
(121, 'alumno121@instituto57.edu.ar', '$2y$10$default_hash_for_testing', 'alumno', 'activo', 0),
(122, 'alumno122@instituto57.edu.ar', '$2y$10$default_hash_for_testing', 'alumno', 'activo', 0),
(123, 'alumno123@instituto57.edu.ar', '$2y$10$default_hash_for_testing', 'alumno', 'activo', 0),
(124, 'alumno124@instituto57.edu.ar', '$2y$10$default_hash_for_testing', 'alumno', 'activo', 0),
(125, 'alumno125@instituto57.edu.ar', '$2y$10$default_hash_for_testing', 'alumno', 'activo', 0),
(126, 'alumno126@instituto57.edu.ar', '$2y$10$default_hash_for_testing', 'alumno', 'activo', 0),
(127, 'alumno127@instituto57.edu.ar', '$2y$10$default_hash_for_testing', 'alumno', 'activo', 0),
(128, 'alumno128@instituto57.edu.ar', '$2y$10$default_hash_for_testing', 'alumno', 'activo', 0),
(129, 'alumno129@instituto57.edu.ar', '$2y$10$default_hash_for_testing', 'alumno', 'activo', 0),
(130, 'alumno130@instituto57.edu.ar', '$2y$10$default_hash_for_testing', 'alumno', 'activo', 0),
(131, 'alumno131@instituto57.edu.ar', '$2y$10$default_hash_for_testing', 'alumno', 'activo', 0),
(132, 'alumno132@instituto57.edu.ar', '$2y$10$default_hash_for_testing', 'alumno', 'activo', 0),
(133, 'alumno133@instituto57.edu.ar', '$2y$10$default_hash_for_testing', 'alumno', 'activo', 0),
(134, 'alumno134@instituto57.edu.ar', '$2y$10$default_hash_for_testing', 'alumno', 'activo', 0),
(135, 'alumno135@instituto57.edu.ar', '$2y$10$default_hash_for_testing', 'alumno', 'activo', 0),
(136, 'alumno136@instituto57.edu.ar', '$2y$10$default_hash_for_testing', 'alumno', 'activo', 0),
(137, 'alumno137@instituto57.edu.ar', '$2y$10$default_hash_for_testing', 'alumno', 'activo', 0),
(138, 'alumno138@instituto57.edu.ar', '$2y$10$default_hash_for_testing', 'alumno', 'activo', 0),
(139, 'alumno139@instituto57.edu.ar', '$2y$10$default_hash_for_testing', 'alumno', 'activo', 0),
(140, 'alumno140@instituto57.edu.ar', '$2y$10$default_hash_for_testing', 'alumno', 'activo', 0),
(141, 'alumno141@instituto57.edu.ar', '$2y$10$default_hash_for_testing', 'alumno', 'activo', 0),
(142, 'alumno142@instituto57.edu.ar', '$2y$10$default_hash_for_testing', 'alumno', 'activo', 0),
(143, 'alumno143@instituto57.edu.ar', '$2y$10$default_hash_for_testing', 'alumno', 'activo', 0),
(144, 'alumno144@instituto57.edu.ar', '$2y$10$default_hash_for_testing', 'alumno', 'activo', 0),
(145, 'alumno145@instituto57.edu.ar', '$2y$10$default_hash_for_testing', 'alumno', 'activo', 0),
(146, 'alumno146@instituto57.edu.ar', '$2y$10$default_hash_for_testing', 'alumno', 'activo', 0),
(147, 'alumno147@instituto57.edu.ar', '$2y$10$default_hash_for_testing', 'alumno', 'activo', 0),
(148, 'alumno148@instituto57.edu.ar', '$2y$10$default_hash_for_testing', 'alumno', 'activo', 0),
(149, 'alumno149@instituto57.edu.ar', '$2y$10$default_hash_for_testing', 'alumno', 'activo', 0),
(150, 'alumno150@instituto57.edu.ar', '$2y$10$default_hash_for_testing', 'alumno', 'activo', 0),
(151, 'alumno151@instituto57.edu.ar', '$2y$10$default_hash_for_testing', 'alumno', 'activo', 0),
(152, 'alumno152@instituto57.edu.ar', '$2y$10$default_hash_for_testing', 'alumno', 'activo', 0),
(153, 'alumno153@instituto57.edu.ar', '$2y$10$default_hash_for_testing', 'alumno', 'activo', 0),
(154, 'alumno154@instituto57.edu.ar', '$2y$10$default_hash_for_testing', 'alumno', 'activo', 0),
(155, 'alumno155@instituto57.edu.ar', '$2y$10$default_hash_for_testing', 'alumno', 'activo', 0),
(156, 'alumno156@instituto57.edu.ar', '$2y$10$default_hash_for_testing', 'alumno', 'activo', 0),
(157, 'alumno157@instituto57.edu.ar', '$2y$10$default_hash_for_testing', 'alumno', 'activo', 0),
(158, 'alumno158@instituto57.edu.ar', '$2y$10$default_hash_for_testing', 'alumno', 'activo', 0),
(159, 'alumno159@instituto57.edu.ar', '$2y$10$default_hash_for_testing', 'alumno', 'activo', 0),
(160, 'alumno160@instituto57.edu.ar', '$2y$10$default_hash_for_testing', 'alumno', 'activo', 0),
(161, 'alumno161@instituto57.edu.ar', '$2y$10$default_hash_for_testing', 'alumno', 'activo', 0),
(162, 'alumno162@instituto57.edu.ar', '$2y$10$default_hash_for_testing', 'alumno', 'activo', 0),
(163, 'alumno163@instituto57.edu.ar', '$2y$10$default_hash_for_testing', 'alumno', 'activo', 0),
(164, 'alumno164@instituto57.edu.ar', '$2y$10$default_hash_for_testing', 'alumno', 'activo', 0),
(165, 'alumno165@instituto57.edu.ar', '$2y$10$default_hash_for_testing', 'alumno', 'activo', 0),
(166, 'alumno166@instituto57.edu.ar', '$2y$10$default_hash_for_testing', 'alumno', 'activo', 0),
(167, 'alumno167@instituto57.edu.ar', '$2y$10$default_hash_for_testing', 'alumno', 'activo', 0),
(168, 'alumno168@instituto57.edu.ar', '$2y$10$default_hash_for_testing', 'alumno', 'activo', 0),
(169, 'alumno169@instituto57.edu.ar', '$2y$10$default_hash_for_testing', 'alumno', 'activo', 0),
(170, 'alumno170@instituto57.edu.ar', '$2y$10$default_hash_for_testing', 'alumno', 'activo', 0),
(171, 'alumno171@instituto57.edu.ar', '$2y$10$default_hash_for_testing', 'alumno', 'activo', 0),
(172, 'alumno172@instituto57.edu.ar', '$2y$10$default_hash_for_testing', 'alumno', 'activo', 0),
(173, 'alumno173@instituto57.edu.ar', '$2y$10$default_hash_for_testing', 'alumno', 'activo', 0),
(174, 'alumno174@instituto57.edu.ar', '$2y$10$default_hash_for_testing', 'alumno', 'activo', 0),
(175, 'alumno175@instituto57.edu.ar', '$2y$10$default_hash_for_testing', 'alumno', 'activo', 0),
(176, 'alumno176@instituto57.edu.ar', '$2y$10$default_hash_for_testing', 'alumno', 'activo', 0),
(177, 'alumno177@instituto57.edu.ar', '$2y$10$default_hash_for_testing', 'alumno', 'activo', 0),
(178, 'alumno178@instituto57.edu.ar', '$2y$10$default_hash_for_testing', 'alumno', 'activo', 0),
(179, 'alumno179@instituto57.edu.ar', '$2y$10$default_hash_for_testing', 'alumno', 'activo', 0),
(180, 'alumno180@instituto57.edu.ar', '$2y$10$default_hash_for_testing', 'alumno', 'activo', 0),
(181, 'alumno181@instituto57.edu.ar', '$2y$10$default_hash_for_testing', 'alumno', 'activo', 0),
(182, 'alumno182@instituto57.edu.ar', '$2y$10$default_hash_for_testing', 'alumno', 'activo', 0),
(183, 'alumno183@instituto57.edu.ar', '$2y$10$default_hash_for_testing', 'alumno', 'activo', 0),
(184, 'alumno184@instituto57.edu.ar', '$2y$10$default_hash_for_testing', 'alumno', 'activo', 0),
(185, 'alumno185@instituto57.edu.ar', '$2y$10$default_hash_for_testing', 'alumno', 'activo', 0),
(186, 'alumno186@instituto57.edu.ar', '$2y$10$default_hash_for_testing', 'alumno', 'activo', 0),
(187, 'alumno187@instituto57.edu.ar', '$2y$10$default_hash_for_testing', 'alumno', 'activo', 0),
(188, 'alumno188@instituto57.edu.ar', '$2y$10$default_hash_for_testing', 'alumno', 'activo', 0),
(189, 'alumno189@instituto57.edu.ar', '$2y$10$default_hash_for_testing', 'alumno', 'activo', 0),
(190, 'alumno190@instituto57.edu.ar', '$2y$10$default_hash_for_testing', 'alumno', 'activo', 0),
(191, 'alumno191@instituto57.edu.ar', '$2y$10$default_hash_for_testing', 'alumno', 'activo', 0),
(192, 'alumno192@instituto57.edu.ar', '$2y$10$default_hash_for_testing', 'alumno', 'activo', 0),
(193, 'alumno193@instituto57.edu.ar', '$2y$10$default_hash_for_testing', 'alumno', 'activo', 0),
(194, 'alumno194@instituto57.edu.ar', '$2y$10$default_hash_for_testing', 'alumno', 'activo', 0),
(195, 'alumno195@instituto57.edu.ar', '$2y$10$default_hash_for_testing', 'alumno', 'activo', 0),
(196, 'alumno196@instituto57.edu.ar', '$2y$10$default_hash_for_testing', 'alumno', 'activo', 0),
(197, 'alumno197@instituto57.edu.ar', '$2y$10$default_hash_for_testing', 'alumno', 'activo', 0),
(198, 'alumno198@instituto57.edu.ar', '$2y$10$default_hash_for_testing', 'alumno', 'activo', 0),
(199, 'alumno199@instituto57.edu.ar', '$2y$10$default_hash_for_testing', 'alumno', 'activo', 0),
(200, 'alumno200@instituto57.edu.ar', '$2y$10$default_hash_for_testing', 'alumno', 'activo', 0),
(276, 'alumno021@instituto57.edu.ar', '$2y$10$default_hash_for_testing', 'alumno', 'activo', 0),
(277, 'alumno022@instituto57.edu.ar', '$2y$10$default_hash_for_testing', 'alumno', 'activo', 0),
(278, 'alumno023@instituto57.edu.ar', '$2y$10$default_hash_for_testing', 'alumno', 'activo', 0),
(279, 'alumno024@instituto57.edu.ar', '$2y$10$default_hash_for_testing', 'alumno', 'activo', 0),
(280, 'alumno025@instituto57.edu.ar', '$2y$10$default_hash_for_testing', 'alumno', 'activo', 0),
(281, 'alumno026@instituto57.edu.ar', '$2y$10$default_hash_for_testing', 'alumno', 'activo', 0),
(282, 'alumno027@instituto57.edu.ar', '$2y$10$default_hash_for_testing', 'alumno', 'activo', 0),
(283, 'alumno028@instituto57.edu.ar', '$2y$10$default_hash_for_testing', 'alumno', 'activo', 0),
(284, 'alumno029@instituto57.edu.ar', '$2y$10$default_hash_for_testing', 'alumno', 'activo', 0),
(285, 'alumno030@instituto57.edu.ar', '$2y$10$default_hash_for_testing', 'alumno', 'activo', 0),
(286, 'alumno031@instituto57.edu.ar', '$2y$10$default_hash_for_testing', 'alumno', 'activo', 0),
(287, 'alumno032@instituto57.edu.ar', '$2y$10$default_hash_for_testing', 'alumno', 'activo', 0),
(288, 'alumno033@instituto57.edu.ar', '$2y$10$default_hash_for_testing', 'alumno', 'activo', 0),
(289, 'alumno034@instituto57.edu.ar', '$2y$10$default_hash_for_testing', 'alumno', 'activo', 0),
(290, 'alumno035@instituto57.edu.ar', '$2y$10$default_hash_for_testing', 'alumno', 'activo', 0),
(291, 'alumno036@instituto57.edu.ar', '$2y$10$default_hash_for_testing', 'alumno', 'activo', 0),
(292, 'alumno037@instituto57.edu.ar', '$2y$10$default_hash_for_testing', 'alumno', 'activo', 0),
(293, 'alumno038@instituto57.edu.ar', '$2y$10$default_hash_for_testing', 'alumno', 'activo', 0),
(294, 'alumno039@instituto57.edu.ar', '$2y$10$default_hash_for_testing', 'alumno', 'activo', 0),
(295, 'alumno040@instituto57.edu.ar', '$2y$10$default_hash_for_testing', 'alumno', 'activo', 0),
(296, 'alumno041@instituto57.edu.ar', '$2y$10$default_hash_for_testing', 'alumno', 'activo', 0),
(297, 'alumno042@instituto57.edu.ar', '$2y$10$default_hash_for_testing', 'alumno', 'activo', 0),
(298, 'alumno043@instituto57.edu.ar', '$2y$10$default_hash_for_testing', 'alumno', 'activo', 0),
(299, 'alumno044@instituto57.edu.ar', '$2y$10$default_hash_for_testing', 'alumno', 'activo', 0),
(300, 'alumno045@instituto57.edu.ar', '$2y$10$default_hash_for_testing', 'alumno', 'activo', 0),
(301, 'alumno046@instituto57.edu.ar', '$2y$10$default_hash_for_testing', 'alumno', 'activo', 0),
(302, 'alumno047@instituto57.edu.ar', '$2y$10$default_hash_for_testing', 'alumno', 'activo', 0),
(303, 'alumno048@instituto57.edu.ar', '$2y$10$default_hash_for_testing', 'alumno', 'activo', 0),
(304, 'alumno049@instituto57.edu.ar', '$2y$10$default_hash_for_testing', 'alumno', 'activo', 0),
(305, 'alumno050@instituto57.edu.ar', '$2y$10$default_hash_for_testing', 'alumno', 'activo', 0),
(306, 'alumno051@instituto57.edu.ar', '$2y$10$default_hash_for_testing', 'alumno', 'activo', 0),
(307, 'alumno052@instituto57.edu.ar', '$2y$10$default_hash_for_testing', 'alumno', 'activo', 0),
(308, 'alumno053@instituto57.edu.ar', '$2y$10$default_hash_for_testing', 'alumno', 'activo', 0),
(309, 'alumno054@instituto57.edu.ar', '$2y$10$default_hash_for_testing', 'alumno', 'activo', 0),
(310, 'alumno055@instituto57.edu.ar', '$2y$10$default_hash_for_testing', 'alumno', 'activo', 0),
(311, 'alumno056@instituto57.edu.ar', '$2y$10$default_hash_for_testing', 'alumno', 'activo', 0),
(312, 'alumno057@instituto57.edu.ar', '$2y$10$default_hash_for_testing', 'alumno', 'activo', 0),
(313, 'alumno058@instituto57.edu.ar', '$2y$10$default_hash_for_testing', 'alumno', 'activo', 0),
(314, 'alumno059@instituto57.edu.ar', '$2y$10$default_hash_for_testing', 'alumno', 'activo', 0),
(315, 'alumno060@instituto57.edu.ar', '$2y$10$default_hash_for_testing', 'alumno', 'activo', 0),
(316, 'alumno061@instituto57.edu.ar', '$2y$10$default_hash_for_testing', 'alumno', 'activo', 0),
(317, 'alumno062@instituto57.edu.ar', '$2y$10$default_hash_for_testing', 'alumno', 'activo', 0),
(318, 'alumno063@instituto57.edu.ar', '$2y$10$default_hash_for_testing', 'alumno', 'activo', 0),
(319, 'alumno064@instituto57.edu.ar', '$2y$10$default_hash_for_testing', 'alumno', 'activo', 0),
(320, 'alumno065@instituto57.edu.ar', '$2y$10$default_hash_for_testing', 'alumno', 'activo', 0),
(321, 'alumno066@instituto57.edu.ar', '$2y$10$default_hash_for_testing', 'alumno', 'activo', 0),
(322, 'alumno067@instituto57.edu.ar', '$2y$10$default_hash_for_testing', 'alumno', 'activo', 0),
(323, 'alumno068@instituto57.edu.ar', '$2y$10$default_hash_for_testing', 'alumno', 'activo', 0),
(324, 'alumno069@instituto57.edu.ar', '$2y$10$default_hash_for_testing', 'alumno', 'activo', 0),
(325, 'alumno070@instituto57.edu.ar', '$2y$10$default_hash_for_testing', 'alumno', 'activo', 0),
(326, 'alumno071@instituto57.edu.ar', '$2y$10$default_hash_for_testing', 'alumno', 'activo', 0),
(327, 'alumno072@instituto57.edu.ar', '$2y$10$default_hash_for_testing', 'alumno', 'activo', 0),
(328, 'alumno073@instituto57.edu.ar', '$2y$10$default_hash_for_testing', 'alumno', 'activo', 0),
(329, 'alumno074@instituto57.edu.ar', '$2y$10$default_hash_for_testing', 'alumno', 'activo', 0),
(330, 'alumno075@instituto57.edu.ar', '$2y$10$default_hash_for_testing', 'alumno', 'activo', 0),
(331, 'alumno076@instituto57.edu.ar', '$2y$10$default_hash_for_testing', 'alumno', 'activo', 0),
(332, 'alumno077@instituto57.edu.ar', '$2y$10$default_hash_for_testing', 'alumno', 'activo', 0),
(333, 'alumno078@instituto57.edu.ar', '$2y$10$default_hash_for_testing', 'alumno', 'activo', 0),
(334, 'alumno079@instituto57.edu.ar', '$2y$10$default_hash_for_testing', 'alumno', 'activo', 0),
(335, 'alumno080@instituto57.edu.ar', '$2y$10$default_hash_for_testing', 'alumno', 'activo', 0),
(336, 'alumno081@instituto57.edu.ar', '$2y$10$default_hash_for_testing', 'alumno', 'activo', 0),
(337, 'alumno082@instituto57.edu.ar', '$2y$10$default_hash_for_testing', 'alumno', 'activo', 0),
(338, 'alumno083@instituto57.edu.ar', '$2y$10$default_hash_for_testing', 'alumno', 'activo', 0),
(339, 'alumno084@instituto57.edu.ar', '$2y$10$default_hash_for_testing', 'alumno', 'activo', 0),
(340, 'alumno085@instituto57.edu.ar', '$2y$10$default_hash_for_testing', 'alumno', 'activo', 0),
(341, 'alumno086@instituto57.edu.ar', '$2y$10$default_hash_for_testing', 'alumno', 'activo', 0),
(342, 'alumno087@instituto57.edu.ar', '$2y$10$default_hash_for_testing', 'alumno', 'activo', 0),
(343, 'alumno088@instituto57.edu.ar', '$2y$10$default_hash_for_testing', 'alumno', 'activo', 0),
(344, 'alumno089@instituto57.edu.ar', '$2y$10$default_hash_for_testing', 'alumno', 'activo', 0),
(345, 'alumno090@instituto57.edu.ar', '$2y$10$default_hash_for_testing', 'alumno', 'activo', 0),
(346, 'alumno091@instituto57.edu.ar', '$2y$10$default_hash_for_testing', 'alumno', 'activo', 0),
(347, 'alumno092@instituto57.edu.ar', '$2y$10$default_hash_for_testing', 'alumno', 'activo', 0),
(348, 'alumno093@instituto57.edu.ar', '$2y$10$default_hash_for_testing', 'alumno', 'activo', 0),
(349, 'alumno094@instituto57.edu.ar', '$2y$10$default_hash_for_testing', 'alumno', 'activo', 0),
(350, 'alumno095@instituto57.edu.ar', '$2y$10$default_hash_for_testing', 'alumno', 'activo', 0),
(351, 'alumno096@instituto57.edu.ar', '$2y$10$default_hash_for_testing', 'alumno', 'activo', 0),
(352, 'alumno097@instituto57.edu.ar', '$2y$10$default_hash_for_testing', 'alumno', 'activo', 0),
(353, 'alumno098@instituto57.edu.ar', '$2y$10$default_hash_for_testing', 'alumno', 'activo', 0),
(354, 'alumno099@instituto57.edu.ar', '$2y$10$default_hash_for_testing', 'alumno', 'activo', 0),
(355, 'alumno100@instituto57.edu.ar', '$2y$10$default_hash_for_testing', 'alumno', 'activo', 0),
(356, 'alumno101@instituto57.edu.ar', '$2y$10$default_hash_for_testing', 'alumno', 'activo', 0),
(357, 'alumno102@instituto57.edu.ar', '$2y$10$default_hash_for_testing', 'alumno', 'activo', 0),
(358, 'alumno103@instituto57.edu.ar', '$2y$10$default_hash_for_testing', 'alumno', 'activo', 0),
(359, 'alumno104@instituto57.edu.ar', '$2y$10$default_hash_for_testing', 'alumno', 'activo', 0),
(360, 'alumno105@instituto57.edu.ar', '$2y$10$default_hash_for_testing', 'alumno', 'activo', 0),
(361, 'alumno106@instituto57.edu.ar', '$2y$10$default_hash_for_testing', 'alumno', 'activo', 0),
(362, 'alumno107@instituto57.edu.ar', '$2y$10$default_hash_for_testing', 'alumno', 'activo', 0),
(363, 'alumno108@instituto57.edu.ar', '$2y$10$default_hash_for_testing', 'alumno', 'activo', 0),
(364, 'alumno109@instituto57.edu.ar', '$2y$10$default_hash_for_testing', 'alumno', 'activo', 0),
(365, 'alumno110@instituto57.edu.ar', '$2y$10$default_hash_for_testing', 'alumno', 'activo', 0),
(366, 'alumno111@instituto57.edu.ar', '$2y$10$default_hash_for_testing', 'alumno', 'activo', 0),
(367, 'alumno112@instituto57.edu.ar', '$2y$10$default_hash_for_testing', 'alumno', 'activo', 0),
(368, 'alumno113@instituto57.edu.ar', '$2y$10$default_hash_for_testing', 'alumno', 'activo', 0),
(369, 'alumno114@instituto57.edu.ar', '$2y$10$default_hash_for_testing', 'alumno', 'activo', 0),
(370, 'alumno115@instituto57.edu.ar', '$2y$10$default_hash_for_testing', 'alumno', 'activo', 0),
(371, 'alumno116@instituto57.edu.ar', '$2y$10$default_hash_for_testing', 'alumno', 'activo', 0),
(372, 'alumno117@instituto57.edu.ar', '$2y$10$default_hash_for_testing', 'alumno', 'activo', 0),
(373, 'alumno118@instituto57.edu.ar', '$2y$10$default_hash_for_testing', 'alumno', 'activo', 0),
(374, 'alumno119@instituto57.edu.ar', '$2y$10$default_hash_for_testing', 'alumno', 'activo', 0),
(375, 'alumno120@instituto57.edu.ar', '$2y$10$default_hash_for_testing', 'alumno', 'activo', 0),
(376, 'alumno121@instituto57.edu.ar', '$2y$10$default_hash_for_testing', 'alumno', 'activo', 0),
(377, 'alumno122@instituto57.edu.ar', '$2y$10$default_hash_for_testing', 'alumno', 'activo', 0),
(378, 'alumno123@instituto57.edu.ar', '$2y$10$default_hash_for_testing', 'alumno', 'activo', 0),
(379, 'alumno124@instituto57.edu.ar', '$2y$10$default_hash_for_testing', 'alumno', 'activo', 0),
(380, 'alumno125@instituto57.edu.ar', '$2y$10$default_hash_for_testing', 'alumno', 'activo', 0),
(381, 'alumno126@instituto57.edu.ar', '$2y$10$default_hash_for_testing', 'alumno', 'activo', 0),
(382, 'alumno127@instituto57.edu.ar', '$2y$10$default_hash_for_testing', 'alumno', 'activo', 0),
(383, 'alumno128@instituto57.edu.ar', '$2y$10$default_hash_for_testing', 'alumno', 'activo', 0),
(384, 'alumno129@instituto57.edu.ar', '$2y$10$default_hash_for_testing', 'alumno', 'activo', 0),
(385, 'alumno130@instituto57.edu.ar', '$2y$10$default_hash_for_testing', 'alumno', 'activo', 0),
(386, 'alumno131@instituto57.edu.ar', '$2y$10$default_hash_for_testing', 'alumno', 'activo', 0),
(387, 'alumno132@instituto57.edu.ar', '$2y$10$default_hash_for_testing', 'alumno', 'activo', 0),
(388, 'alumno133@instituto57.edu.ar', '$2y$10$default_hash_for_testing', 'alumno', 'activo', 0),
(389, 'alumno134@instituto57.edu.ar', '$2y$10$default_hash_for_testing', 'alumno', 'activo', 0),
(390, 'alumno135@instituto57.edu.ar', '$2y$10$default_hash_for_testing', 'alumno', 'activo', 0),
(391, 'alumno136@instituto57.edu.ar', '$2y$10$default_hash_for_testing', 'alumno', 'activo', 0),
(392, 'alumno137@instituto57.edu.ar', '$2y$10$default_hash_for_testing', 'alumno', 'activo', 0),
(393, 'alumno138@instituto57.edu.ar', '$2y$10$default_hash_for_testing', 'alumno', 'activo', 0),
(394, 'alumno139@instituto57.edu.ar', '$2y$10$default_hash_for_testing', 'alumno', 'activo', 0),
(395, 'alumno140@instituto57.edu.ar', '$2y$10$default_hash_for_testing', 'alumno', 'activo', 0),
(396, 'alumno141@instituto57.edu.ar', '$2y$10$default_hash_for_testing', 'alumno', 'activo', 0),
(397, 'alumno142@instituto57.edu.ar', '$2y$10$default_hash_for_testing', 'alumno', 'activo', 0),
(398, 'alumno143@instituto57.edu.ar', '$2y$10$default_hash_for_testing', 'alumno', 'activo', 0),
(399, 'alumno144@instituto57.edu.ar', '$2y$10$default_hash_for_testing', 'alumno', 'activo', 0),
(400, 'alumno145@instituto57.edu.ar', '$2y$10$default_hash_for_testing', 'alumno', 'activo', 0),
(401, 'alumno146@instituto57.edu.ar', '$2y$10$default_hash_for_testing', 'alumno', 'activo', 0),
(402, 'alumno147@instituto57.edu.ar', '$2y$10$default_hash_for_testing', 'alumno', 'activo', 0),
(403, 'alumno148@instituto57.edu.ar', '$2y$10$default_hash_for_testing', 'alumno', 'activo', 0),
(404, 'alumno149@instituto57.edu.ar', '$2y$10$default_hash_for_testing', 'alumno', 'activo', 0),
(405, 'alumno150@instituto57.edu.ar', '$2y$10$default_hash_for_testing', 'alumno', 'activo', 0),
(406, 'alumno151@instituto57.edu.ar', '$2y$10$default_hash_for_testing', 'alumno', 'activo', 0),
(407, 'alumno152@instituto57.edu.ar', '$2y$10$default_hash_for_testing', 'alumno', 'activo', 0),
(408, 'alumno153@instituto57.edu.ar', '$2y$10$default_hash_for_testing', 'alumno', 'activo', 0),
(409, 'alumno154@instituto57.edu.ar', '$2y$10$default_hash_for_testing', 'alumno', 'activo', 0),
(410, 'alumno155@instituto57.edu.ar', '$2y$10$default_hash_for_testing', 'alumno', 'activo', 0),
(411, 'alumno156@instituto57.edu.ar', '$2y$10$default_hash_for_testing', 'alumno', 'activo', 0),
(412, 'alumno157@instituto57.edu.ar', '$2y$10$default_hash_for_testing', 'alumno', 'activo', 0),
(413, 'alumno158@instituto57.edu.ar', '$2y$10$default_hash_for_testing', 'alumno', 'activo', 0),
(414, 'alumno159@instituto57.edu.ar', '$2y$10$default_hash_for_testing', 'alumno', 'activo', 0),
(415, 'alumno160@instituto57.edu.ar', '$2y$10$default_hash_for_testing', 'alumno', 'activo', 0),
(416, 'alumno161@instituto57.edu.ar', '$2y$10$default_hash_for_testing', 'alumno', 'activo', 0),
(417, 'alumno162@instituto57.edu.ar', '$2y$10$default_hash_for_testing', 'alumno', 'activo', 0),
(418, 'alumno163@instituto57.edu.ar', '$2y$10$default_hash_for_testing', 'alumno', 'activo', 0),
(419, 'alumno164@instituto57.edu.ar', '$2y$10$default_hash_for_testing', 'alumno', 'activo', 0),
(420, 'alumno165@instituto57.edu.ar', '$2y$10$default_hash_for_testing', 'alumno', 'activo', 0),
(421, 'alumno166@instituto57.edu.ar', '$2y$10$default_hash_for_testing', 'alumno', 'activo', 0),
(422, 'alumno167@instituto57.edu.ar', '$2y$10$default_hash_for_testing', 'alumno', 'activo', 0),
(423, 'alumno168@instituto57.edu.ar', '$2y$10$default_hash_for_testing', 'alumno', 'activo', 0),
(424, 'alumno169@instituto57.edu.ar', '$2y$10$default_hash_for_testing', 'alumno', 'activo', 0),
(425, 'alumno170@instituto57.edu.ar', '$2y$10$default_hash_for_testing', 'alumno', 'activo', 0),
(426, 'alumno171@instituto57.edu.ar', '$2y$10$default_hash_for_testing', 'alumno', 'activo', 0),
(427, 'alumno172@instituto57.edu.ar', '$2y$10$default_hash_for_testing', 'alumno', 'activo', 0),
(428, 'alumno173@instituto57.edu.ar', '$2y$10$default_hash_for_testing', 'alumno', 'activo', 0),
(429, 'alumno174@instituto57.edu.ar', '$2y$10$default_hash_for_testing', 'alumno', 'activo', 0),
(430, 'alumno175@instituto57.edu.ar', '$2y$10$default_hash_for_testing', 'alumno', 'activo', 0),
(431, 'alumno176@instituto57.edu.ar', '$2y$10$default_hash_for_testing', 'alumno', 'activo', 0),
(432, 'alumno177@instituto57.edu.ar', '$2y$10$default_hash_for_testing', 'alumno', 'activo', 0),
(433, 'alumno178@instituto57.edu.ar', '$2y$10$default_hash_for_testing', 'alumno', 'activo', 0),
(434, 'alumno179@instituto57.edu.ar', '$2y$10$default_hash_for_testing', 'alumno', 'activo', 0),
(435, 'alumno180@instituto57.edu.ar', '$2y$10$default_hash_for_testing', 'alumno', 'activo', 0),
(436, 'alumno181@instituto57.edu.ar', '$2y$10$default_hash_for_testing', 'alumno', 'activo', 0),
(437, 'alumno182@instituto57.edu.ar', '$2y$10$default_hash_for_testing', 'alumno', 'activo', 0),
(438, 'alumno183@instituto57.edu.ar', '$2y$10$default_hash_for_testing', 'alumno', 'activo', 0),
(439, 'alumno184@instituto57.edu.ar', '$2y$10$default_hash_for_testing', 'alumno', 'activo', 0),
(440, 'alumno185@instituto57.edu.ar', '$2y$10$default_hash_for_testing', 'alumno', 'activo', 0),
(441, 'alumno186@instituto57.edu.ar', '$2y$10$default_hash_for_testing', 'alumno', 'activo', 0),
(442, 'alumno187@instituto57.edu.ar', '$2y$10$default_hash_for_testing', 'alumno', 'activo', 0),
(443, 'alumno188@instituto57.edu.ar', '$2y$10$default_hash_for_testing', 'alumno', 'activo', 0),
(444, 'alumno189@instituto57.edu.ar', '$2y$10$default_hash_for_testing', 'alumno', 'activo', 0),
(445, 'alumno190@instituto57.edu.ar', '$2y$10$default_hash_for_testing', 'alumno', 'activo', 0),
(446, 'alumno191@instituto57.edu.ar', '$2y$10$default_hash_for_testing', 'alumno', 'activo', 0),
(447, 'alumno192@instituto57.edu.ar', '$2y$10$default_hash_for_testing', 'alumno', 'activo', 0),
(448, 'alumno193@instituto57.edu.ar', '$2y$10$default_hash_for_testing', 'alumno', 'activo', 0),
(449, 'alumno194@instituto57.edu.ar', '$2y$10$default_hash_for_testing', 'alumno', 'activo', 0),
(450, 'alumno195@instituto57.edu.ar', '$2y$10$default_hash_for_testing', 'alumno', 'activo', 0),
(451, 'alumno196@instituto57.edu.ar', '$2y$10$default_hash_for_testing', 'alumno', 'activo', 0),
(452, 'alumno197@instituto57.edu.ar', '$2y$10$default_hash_for_testing', 'alumno', 'activo', 0),
(453, 'alumno198@instituto57.edu.ar', '$2y$10$default_hash_for_testing', 'alumno', 'activo', 0),
(454, 'alumno199@instituto57.edu.ar', '$2y$10$default_hash_for_testing', 'alumno', 'activo', 0),
(455, 'alumno200@instituto57.edu.ar', '$2y$10$default_hash_for_testing', 'alumno', 'activo', 0),
(531, 'admin001', '$2y$10$ZNUrhqyk7mqbCaYtORNeG.yaqIle39oMqUOyLZkmnw4cyAdNrHSJ6', 'administrador', '1', 0);

--
-- 칈ndices para tablas volcadas
--

--
-- Indices de la tabla `alumnos`
--
ALTER TABLE `alumnos`
  ADD PRIMARY KEY (`id_alumno`),
  ADD UNIQUE KEY `dni_matricula` (`dni_matricula`),
  ADD KEY `id_usuario` (`id_usuario`),
  ADD KEY `id_carrera` (`id_carrera`);

--
-- Indices de la tabla `carreras`
--
ALTER TABLE `carreras`
  ADD PRIMARY KEY (`id_carrera`),
  ADD KEY `id_categoria` (`id_categoria`);

--
-- Indices de la tabla `categorias`
--
ALTER TABLE `categorias`
  ADD PRIMARY KEY (`id_categoria`);

--
-- Indices de la tabla `cursos`
--
ALTER TABLE `cursos`
  ADD PRIMARY KEY (`id_curso`),
  ADD UNIQUE KEY `codigo` (`codigo`),
  ADD KEY `id_carrera` (`id_carrera`),
  ADD KEY `cursos_ibfk_2` (`id_profesor`);

--
-- Indices de la tabla `inscripciones`
--
ALTER TABLE `inscripciones`
  ADD PRIMARY KEY (`id_inscripcion`),
  ADD KEY `id_alumno` (`id_alumno`),
  ADD KEY `id_curso` (`id_curso`);

--
-- Indices de la tabla `profesores`
--
ALTER TABLE `profesores`
  ADD PRIMARY KEY (`id_profesor`),
  ADD KEY `id_usuario` (`id_usuario`);

--
-- Indices de la tabla `usuarios`
--
ALTER TABLE `usuarios`
  ADD PRIMARY KEY (`id_usuario`);

--
-- AUTO_INCREMENT de las tablas volcadas
--

--
-- AUTO_INCREMENT de la tabla `alumnos`
--
ALTER TABLE `alumnos`
  MODIFY `id_alumno` int(11) NOT NULL AUTO_INCREMENT, AUTO_INCREMENT=773;

--
-- AUTO_INCREMENT de la tabla `carreras`
--
ALTER TABLE `carreras`
  MODIFY `id_carrera` int(11) NOT NULL AUTO_INCREMENT, AUTO_INCREMENT=13;

--
-- AUTO_INCREMENT de la tabla `categorias`
--
ALTER TABLE `categorias`
  MODIFY `id_categoria` int(11) NOT NULL AUTO_INCREMENT, AUTO_INCREMENT=10;

--
-- AUTO_INCREMENT de la tabla `cursos`
--
ALTER TABLE `cursos`
  MODIFY `id_curso` int(11) NOT NULL AUTO_INCREMENT, AUTO_INCREMENT=194;

--
-- AUTO_INCREMENT de la tabla `inscripciones`
--
ALTER TABLE `inscripciones`
  MODIFY `id_inscripcion` int(11) NOT NULL AUTO_INCREMENT, AUTO_INCREMENT=2059;

--
-- AUTO_INCREMENT de la tabla `profesores`
--
ALTER TABLE `profesores`
  MODIFY `id_profesor` int(11) NOT NULL AUTO_INCREMENT, AUTO_INCREMENT=1021;

--
-- AUTO_INCREMENT de la tabla `usuarios`
--
ALTER TABLE `usuarios`
  MODIFY `id_usuario` int(11) NOT NULL AUTO_INCREMENT, AUTO_INCREMENT=532;

--
-- Restricciones para tablas volcadas
--

--
-- Filtros para la tabla `alumnos`
--
ALTER TABLE `alumnos`
  ADD CONSTRAINT `alumnos_ibfk_1` FOREIGN KEY (`id_usuario`) REFERENCES `usuarios` (`id_usuario`) ON DELETE CASCADE,
  ADD CONSTRAINT `alumnos_ibfk_2` FOREIGN KEY (`id_carrera`) REFERENCES `carreras` (`id_carrera`) ON DELETE SET NULL;

--
-- Filtros para la tabla `carreras`
--
ALTER TABLE `carreras`
  ADD CONSTRAINT `carreras_ibfk_1` FOREIGN KEY (`id_categoria`) REFERENCES `categorias` (`id_categoria`) ON DELETE SET NULL;

--
-- Filtros para la tabla `cursos`
--
ALTER TABLE `cursos`
  ADD CONSTRAINT `cursos_ibfk_1` FOREIGN KEY (`id_carrera`) REFERENCES `carreras` (`id_carrera`) ON DELETE SET NULL,
  ADD CONSTRAINT `cursos_ibfk_2` FOREIGN KEY (`id_profesor`) REFERENCES `profesores` (`id_profesor`) ON DELETE SET NULL;

--
-- Filtros para la tabla `inscripciones`
--
ALTER TABLE `inscripciones`
  ADD CONSTRAINT `inscripciones_ibfk_1` FOREIGN KEY (`id_alumno`) REFERENCES `alumnos` (`id_alumno`) ON DELETE CASCADE,
  ADD CONSTRAINT `inscripciones_ibfk_2` FOREIGN KEY (`id_curso`) REFERENCES `cursos` (`id_curso`) ON DELETE CASCADE;

--
-- Filtros para la tabla `profesores`
--
ALTER TABLE `profesores`
  ADD CONSTRAINT `profesores_ibfk_1` FOREIGN KEY (`id_usuario`) REFERENCES `usuarios` (`id_usuario`) ON DELETE CASCADE;
COMMIT;

/*!40101 SET CHARACTER_SET_CLIENT=@OLD_CHARACTER_SET_CLIENT */;
/*!40101 SET CHARACTER_SET_RESULTS=@OLD_CHARACTER_SET_RESULTS */;
/*!40101 SET COLLATION_CONNECTION=@OLD_COLLATION_CONNECTION */;
